t_s,phase,P_demand_kW,V_pack,I_pack,SOC_pct,E_consumed_kWh,alt_m,range_km,v_mps,C_rate,E_remaining_kWh
0,Taxi,34,795.856694497739,-45.3333333333333,100,0,0,0,0,0.324325789410642,104.832859766669
1,Taxi,34,793.639492408928,-45.3333333333333,99.9909909502941,0.0100079389545975,0,0,0,0.324325789410642,104.823415322224
2,Taxi,34,793.262260932278,-45.3333333333333,99.9819819005883,0.0199995425867459,0,0,0,0.324325789410642,104.81397087778
3,Taxi,34,793.022274017692,-45.3333333333333,99.9729728508824,0.0299872600290235,0,0,0,0.324325789410642,104.804526433336
4,Taxi,34,792.815887174844,-45.3333333333333,99.9639638011766,0.0399721669698654,0,0,0,0.324325789410642,104.795081988891
5,Taxi,34,792.63189199459,-45.3333333333333,99.9549547514708,0.049954615949821,0,0,0,0.324325789410642,104.785637544447
6,Taxi,34,792.46608543657,-45.3333333333333,99.9459457017649,0.0599348624743876,0,0,0,0.324325789410642,104.776193100002
7,Taxi,34,792.31771965002,-45.3333333333333,99.936936652059,0.0699131308767847,0,0,0,0.324325789410642,104.766748655558
8,Taxi,34,792.184743171468,-45.3333333333333,99.9279276023532,0.07988962786492,0,0,0,0.324325789410642,104.757304211113
9,Taxi,34,792.065486417016,-45.3333333333333,99.9189185526473,0.0898645367178845,0,0,0,0.324325789410642,104.747859766669
10,Taxi,34,791.959114268025,-45.3333333333333,99.9099095029415,0.0998380249444199,0,0,0,0.324325789410642,104.738415322224
11,Taxi,34,791.863268428469,-45.3333333333333,99.9009004532356,0.109810239946583,0,0,0,0.324325789410642,104.72897087778
12,Taxi,34,791.775209048728,-45.3333333333333,99.8918914035298,0.119781297026995,0,0,0,0.324325789410642,104.719526433336
13,Taxi,34,791.694654084916,-45.3333333333333,99.8828823538239,0.12975129246154,0,0,0,0.324325789410642,104.710081988891
14,Taxi,34,791.624521239573,-45.3333333333333,99.8738733041181,0.139720339120991,0,0,0,0.324325789410642,104.700637544447
15,Taxi,34,791.556995031328,-45.3333333333333,99.8648642544122,0.149688519038252,0,0,0,0.324325789410642,104.691193100002
16,Taxi,34,791.496956824679,-45.3333333333333,99.8558552047064,0.15965589577216,0,0,0,0.324325789410642,104.681748655558
17,Taxi,34,791.44083210225,-45.3333333333333,99.8468461550005,0.169622541109848,0,0,0,0.324325789410642,104.672304211113
18,Taxi,34,791.388614900415,-45.3333333333333,99.8378371052947,0.17958850429468,0,0,0,0.324325789410642,104.662859766669
19,Taxi,34,791.341576189138,-45.3333333333333,99.8288280555888,0.189553842534873,0,0,0,0.324325789410642,104.653415322224
20,Taxi,34,791.296140835601,-45.3333333333333,99.819819005883,0.199518598530955,0,0,0,0.324325789410642,104.64397087778
21,Taxi,34,791.254068305685,-45.3333333333333,99.8108099561771,0.209482803551474,0,0,0,0.324325789410642,104.634526433336
22,Taxi,34,791.214588297111,-45.3333333333333,99.8018009064713,0.219446495093047,0,0,0,0.324325789410642,104.625081988891
23,Taxi,34,791.176847662531,-45.3333333333333,99.7927918567654,0.229409700430571,0,0,0,0.324325789410642,104.615637544447
24,Taxi,34,791.142123090509,-45.3333333333333,99.7837828070596,0.239372449505683,0,0,0,0.324325789410642,104.606193100002
25,Taxi,34,791.107398518488,-45.3333333333333,99.7747737573537,0.249334761308406,0,0,0,0.324325789410642,104.596748655558
26,Taxi,34,791.075362427609,-45.3333333333333,99.7657647076479,0.259296652766215,0,0,0,0.324325789410642,104.587304211113
27,Taxi,34,791.044491522774,-45.3333333333333,99.756755657942,0.269258148142939,0,0,0,0.324325789410642,104.577859766669
28,Taxi,34,791.013705306297,-45.3333333333333,99.7477466082362,0.279219255308159,0,0,0,0.324325789410642,104.568415322224
29,Taxi,34,790.985703327627,-45.3333333333333,99.7387375585303,0.289179992325484,0,0,0,0.324325789410642,104.55897087778
30,Taxi,34,790.957701348957,-45.3333333333333,99.7297285088245,0.2991403767253,0,0,0,0.324325789410642,104.549526433336
31,Taxi,34,790.929699370287,-45.3333333333333,99.7207194591186,0.309100408507606,0,0,0,0.324325789410642,104.540081988891
32,Taxi,34,790.903367129623,-45.3333333333333,99.7117104094128,0.319060098185568,0,0,0,0.324325789410642,104.530637544447
33,Taxi,34,790.877551341501,-45.3333333333333,99.7027013597069,0.32901945952409,0,0,0,0.324325789410642,104.521193100002
34,Taxi,34,790.851735553379,-45.3333333333333,99.6936923100011,0.33897849577491,0,0,0,0.324325789410642,104.511748655558
35,Taxi,34,790.826666591062,-45.3333333333333,99.6846832602952,0.348937211640264,0,0,0,0.324325789410642,104.502304211113
36,Taxi,34,790.80235041457,-45.3333333333333,99.6756742105894,0.358895616562151,0,0,0,0.324325789410642,104.492859766669
37,Taxi,34,790.778034238077,-45.3333333333333,99.6666651608835,0.368853715280335,0,0,0,0.324325789410642,104.483415322224
38,Taxi,34,790.753718061585,-45.3333333333333,99.6576561111776,0.378811507794814,0,0,0,0.324325789410642,104.47397087778
39,Taxi,34,790.729758866242,-45.3333333333333,99.6486470614718,0.388768996353248,0,0,0,0.324325789410642,104.464526433336
40,Taxi,34,790.706555538393,-45.3333333333333,99.639638011766,0.398726187962463,0,0,0,0.324325789410642,104.455081988891
41,Taxi,34,790.683352210544,-45.3333333333333,99.6306289620601,0.408683087381623,0,0,0,0.324325789410642,104.445637544447
42,Taxi,34,790.660148882696,-45.3333333333333,99.6216199123542,0.418639694610728,0,0,0,0.324325789410642,104.436193100002
43,Taxi,34,790.636945554847,-45.3333333333333,99.6126108626484,0.42859600964978,0,0,0,0.324325789410642,104.426748655558
44,Taxi,34,790.613879184458,-45.3333333333333,99.6036018129425,0.438552033361101,0,0,0,0.324325789410642,104.417304211113
45,Taxi,34,790.591366528351,-45.3333333333333,99.5945927632367,0.448507770093367,0,0,0,0.324325789410642,104.407859766669
46,Taxi,34,790.568853872243,-45.3333333333333,99.5855837135309,0.458463223332926,0,0,0,0.324325789410642,104.398415322224
47,Taxi,34,790.546341216135,-45.3333333333333,99.576574663825,0.468418393079779,0,0,0,0.324325789410642,104.38897087778
48,Taxi,34,790.523828560028,-45.3333333333333,99.5675656141191,0.478373279333925,0,0,0,0.324325789410642,104.379526433336
49,Taxi,34,790.501342006081,-45.3333333333333,99.5585565644133,0.488327882259712,0,0,0,0.324325789410642,104.370081988891
50,Taxi,34,790.479173657318,-45.3333333333333,99.5495475147074,0.498282204025,0,0,0,0.324325789410642,104.360637544447
51,Taxi,34,790.457005308554,-45.3333333333333,99.5405384650016,0.508236246633304,0,0,0,0.324325789410642,104.351193100002
52,Taxi,34,790.434836959791,-45.3333333333333,99.5315294152957,0.518190010084623,0,0,0,0.324325789410642,104.341748655558
53,Taxi,34,790.412668611027,-45.3333333333333,99.5225203655899,0.528143494378958,0,0,0,0.324325789410642,104.332304211113
54,Taxi,34,790.390500262263,-45.3333333333333,99.513511315884,0.538096699516308,0,0,0,0.324325789410642,104.322859766669
55,Taxi,34,790.3683319135,-45.3333333333333,99.5045022661782,0.548049625496674,0,0,0,0.324325789410642,104.313415322224
56,Taxi,34,790.346208798121,-45.3333333333333,99.4954932164723,0.558002272604858,0,0,0,0.324325789410642,104.30397087778
57,Taxi,34,790.324233450839,-45.3333333333333,99.4864841667665,0.567954642056055,0,0,0,0.324325789410642,104.294526433336
58,Taxi,34,790.302258103557,-45.3333333333333,99.4774751170606,0.577906734780657,0,0,0,0.324325789410642,104.285081988891
59,Taxi,34,790.280282756275,-45.3333333333333,99.4684660673548,0.587858550778663,0,0,0,0.324325789410642,104.275637544447
60,Taxi,34,790.258307408993,-45.3333333333333,99.4594570176489,0.597810090050074,0,0,0,0.324325789410642,104.266193100002
61,Taxi,34,790.236332061711,-45.3333333333333,99.4504479679431,0.60776135259489,0,0,0,0.324325789410642,104.256748655558
62,Taxi,34,790.214356714429,-45.3333333333333,99.4414389182372,0.61771233841311,0,0,0,0.324325789410642,104.247304211113
63,Taxi,34,790.192381367148,-45.3333333333333,99.4324298685314,0.627663047504735,0,0,0,0.324325789410642,104.237859766669
64,Taxi,34,790.170406019866,-45.3333333333333,99.4234208188255,0.637613479869764,0,0,0,0.324325789410642,104.228415322224
65,Taxi,34,790.148435481595,-45.3333333333333,99.4144117691197,0.647563635538477,0,0,0,0.324325789410642,104.21897087778
66,Taxi,34,790.12654215114,-45.3333333333333,99.4054027194138,0.657513515027276,0,0,0,0.324325789410642,104.209526433336
67,Taxi,34,790.104648820685,-45.3333333333333,99.396393669708,0.667463118822284,0,0,0,0.324325789410642,104.200081988891
68,Taxi,34,790.08275549023,-45.3333333333333,99.3873846200021,0.677412446923501,0,0,0,0.324325789410642,104.190637544447
69,Taxi,34,790.060862159775,-45.3333333333333,99.3783755702963,0.687361499330926,0,0,0,0.324325789410642,104.181193100002
70,Taxi,34,790.03896882932,-45.3333333333333,99.3693665205904,0.697310276044562,0,0,0,0.324325789410642,104.171748655558
71,Taxi,34,790.017075498865,-45.3333333333333,99.3603574708846,0.707258777064406,0,0,0,0.324325789410642,104.162304211113
72,Taxi,34,789.99518216841,-45.3333333333333,99.3513484211787,0.717207002390459,0,0,0,0.324325789410642,104.152859766669
73,Taxi,34,789.973288837955,-45.3333333333333,99.3423393714729,0.727154952022721,0,0,0,0.324325789410642,104.143415322224
74,Taxi,34,789.9513955075,-45.3333333333333,99.333330321767,0.737102625961192,0,0,0,0.324325789410642,104.13397087778
75,Taxi,34,789.929503118695,-45.3333333333333,99.3243212720612,0.747050024211802,0,0,0,0.324325789410642,104.124526433336
76,Taxi,34,789.907625847912,-45.3333333333333,99.3153122223553,0.756997146875666,0,0,0,0.324325789410642,104.115081988891
77,Taxi,34,789.885748577128,-45.3333333333333,99.3063031726495,0.766943994047971,0,0,0,0.324325789410642,104.105637544447
78,Taxi,34,789.863871306344,-45.3333333333333,99.2972941229436,0.776890565728719,0,0,0,0.324325789410642,104.096193100002
79,Taxi,34,789.841994035561,-45.3333333333333,99.2882850732378,0.786836861917909,0,0,0,0.324325789410642,104.086748655558
80,Taxi,34,789.820116764777,-45.3333333333333,99.2792760235319,0.796782882615541,0,0,0,0.324325789410642,104.077304211113
81,Taxi,34,789.798239493994,-45.3333333333333,99.2702669738261,0.806728627821615,0,0,0,0.324325789410642,104.067859766669
82,Taxi,34,789.77636222321,-45.3333333333333,99.2612579241202,0.81667409753613,0,0,0,0.324325789410642,104.058415322224
83,Taxi,34,789.754484952427,-45.3333333333333,99.2522488744143,0.826619291759088,0,0,0,0.324325789410642,104.04897087778
84,Taxi,34,789.732607681643,-45.3333333333333,99.2432398247085,0.836564210490488,0,0,0,0.324325789410642,104.039526433336
85,Taxi,34,789.710730317074,-45.3333333333333,99.2342307750027,0.846508853729739,0,0,0,0.324325789410642,104.030081988891
86,Taxi,34,789.688851446779,-45.3333333333333,99.2252217252968,0.85645322146677,0,0,0,0.324325789410642,104.020637544447
87,Taxi,34,789.666972576486,-45.3333333333333,99.2162126755909,0.866397313692102,0,0,0,0.324325789410642,104.011193100002
88,Taxi,34,789.645093706192,-45.3333333333333,99.2072036258851,0.876341130405734,0,0,0,0.324325789410642,104.001748655558
89,Taxi,34,789.623214835898,-45.3333333333333,99.1981945761792,0.886284671607665,0,0,0,0.324325789410642,103.992304211113
90,Taxi,34,789.601335965604,-45.3333333333333,99.1891855264734,0.896227937297897,0,0,0,0.324325789410642,103.982859766669
91,Taxi,34,789.57945709531,-45.3333333333333,99.1801764767675,0.906170927476429,0,0,0,0.324325789410642,103.973415322224
92,Taxi,34,789.557578225016,-45.3333333333333,99.1711674270617,0.916113642143261,0,0,0,0.324325789410642,103.96397087778
93,Taxi,34,789.535699354722,-45.3333333333333,99.1621583773558,0.926056081298392,0,0,0,0.324325789410642,103.954526433336
94,Taxi,34,789.513820484428,-45.3333333333333,99.15314932765,0.935998244941824,0,0,0,0.324325789410642,103.945081988891
95,Taxi,34,789.491941527318,-45.3333333333333,99.1441402779441,0.945940133073009,0,0,0,0.324325789410642,103.935637544447
96,Taxi,34,789.470061176397,-45.3333333333333,99.1351312282383,0.955881745682625,0,0,0,0.324325789410642,103.926193100002
97,Taxi,34,789.448180825475,-45.3333333333333,99.1261221785324,0.965823082761896,0,0,0,0.324325789410642,103.916748655558
98,Taxi,34,789.426300474553,-45.3333333333333,99.1171131288266,0.975764144310822,0,0,0,0.324325789410642,103.907304211113
99,Taxi,34,789.404420123631,-45.3333333333333,99.1081040791207,0.985704930329403,0,0,0,0.324325789410642,103.897859766669
100,Taxi,34,789.382539772709,-45.3333333333333,99.0990950294149,0.995645440817639,0,0,0,0.324325789410642,103.888415322224
101,Taxi,34,789.360659421787,-45.3333333333333,99.090085979709,1.00558567577553,0,0,0,0.324325789410642,103.87897087778
102,Taxi,34,789.338779070865,-45.3333333333333,99.0810769300032,1.01552563520308,0,0,0,0.324325789410642,103.869526433336
103,Taxi,34,789.316898719944,-45.3333333333333,99.0720678802973,1.02546531910028,0,0,0,0.324325789410642,103.860081988891
104,Taxi,34,789.295018369022,-45.3333333333333,99.0630588305915,1.03540472746713,0,0,0,0.324325789410642,103.850637544447
105,Taxi,34,789.27313803308,-45.3333333333333,99.0540497808856,1.04534386030374,0,0,0,0.324325789410642,103.841193100002
106,Taxi,34,789.251257937644,-45.3333333333333,99.0450407311798,1.0552827176117,0,0,0,0.324325789410642,103.831748655558
107,Taxi,34,789.229377842208,-45.3333333333333,99.0360316814739,1.06522129939254,0,0,0,0.324325789410642,103.822304211113
108,Taxi,34,789.207497746773,-45.3333333333333,99.0270226317681,1.07515960564625,0,0,0,0.324325789410642,103.812859766669
109,Taxi,34,789.185617651337,-45.3333333333333,99.0180135820622,1.08509763637283,0,0,0,0.324325789410642,103.803415322224
110,Taxi,34,789.163737555901,-45.3333333333333,99.0090045323564,1.09503539157228,0,0,0,0.324325789410642,103.79397087778
111,Taxi,34,789.141857460465,-45.3333333333333,98.9999954826505,1.10497287124461,0,0,0,0.324325789410642,103.784526433336
112,Taxi,34,789.119977365029,-45.3333333333333,98.9909864329447,1.11491007538981,0,0,0,0.324325789410642,103.775081988891
113,Taxi,34,789.098097269593,-45.3333333333333,98.9819773832388,1.12484700400788,0,0,0,0.324325789410642,103.765637544447
114,Taxi,34,789.076217174158,-45.3333333333333,98.972968333533,1.13478365709882,0,0,0,0.324325789410642,103.756193100002
115,Taxi,34,789.054337107049,-45.3333333333333,98.9639592838271,1.14472003466281,0,0,0,0.324325789410642,103.746748655558
116,Taxi,34,789.032457494729,-45.3333333333333,98.9549502341213,1.1546561367029,0,0,0,0.324325789410642,103.737304211113
117,Taxi,34,789.010577882409,-45.3333333333333,98.9459411844154,1.16459196322194,0,0,0,0.324325789410642,103.727859766669
118,Taxi,34,788.988698270089,-45.3333333333333,98.9369321347096,1.17452751421993,0,0,0,0.324325789410642,103.718415322224
119,Taxi,34,788.966818657769,-45.3333333333333,98.9279230850037,1.18446278969689,0,0,0,0.324325789410642,103.70897087778
120,Taxi,34,788.944939045449,-45.3333333333333,98.9189140352979,1.1943977896528,0,0,0,0.324325789410642,103.699526433336
121,Taxi,34,788.92305943313,-45.3333333333333,98.909904985592,1.20433251408766,0,0,0,0.324325789410642,103.690081988891
122,Taxi,34,788.90117982081,-45.3333333333333,98.9008959358862,1.21426696300148,0,0,0,0.324325789410642,103.680637544447
123,Taxi,34,788.87930020849,-45.3333333333333,98.8918868861803,1.22420113639426,0,0,0,0.324325789410642,103.671193100002
124,Taxi,34,788.85742059617,-45.3333333333333,98.8828778364745,1.23413503426599,0,0,0,0.324325789410642,103.661748655558
125,Taxi,34,788.835541002044,-45.3333333333333,98.8738687867686,1.2440686566168,0,0,0,0.324325789410642,103.652304211113
126,Taxi,34,788.813661700026,-45.3333333333333,98.8648597370628,1.25400200344862,0,0,0,0.324325789410642,103.642859766669
127,Taxi,34,788.791782398008,-45.3333333333333,98.8558506873569,1.26393507476332,0,0,0,0.324325789410642,103.633415322224
128,Taxi,34,788.769903095989,-45.3333333333333,98.8468416376511,1.27386787056087,0,0,0,0.324325789410642,103.62397087778
129,Taxi,34,788.748023793971,-45.3333333333333,98.8378325879452,1.28380039084129,0,0,0,0.324325789410642,103.614526433336
130,Taxi,34,788.726144491952,-45.3333333333333,98.8288235382393,1.29373263560457,0,0,0,0.324325789410642,103.605081988891
131,Taxi,34,788.704265189934,-45.3333333333333,98.8198144885335,1.30366460485072,0,0,0,0.324325789410642,103.595637544447
132,Taxi,34,788.682385887915,-45.3333333333333,98.8108054388276,1.31359629857972,0,0,0,0.324325789410642,103.586193100002
133,Taxi,34,788.660506585897,-45.3333333333333,98.8017963891218,1.3235277167916,0,0,0,0.324325789410642,103.576748655558
134,Taxi,34,788.638627283879,-45.3333333333333,98.7927873394159,1.33345885948633,0,0,0,0.324325789410642,103.567304211113
135,Taxi,34,788.616747987747,-45.3333333333333,98.7837782897101,1.34338972666397,0,0,0,0.324325789410642,103.557859766669
136,Taxi,34,788.594868786121,-45.3333333333333,98.7747692400042,1.35332031832514,0,0,0,0.324325789410642,103.548415322224
137,Taxi,34,788.572989584495,-45.3333333333333,98.7657601902984,1.36325063447043,0,0,0,0.324325789410642,103.53897087778
138,Taxi,34,788.55111038287,-45.3333333333333,98.7567511405925,1.37318067509986,0,0,0,0.324325789410642,103.529526433336
139,Taxi,34,788.529231181244,-45.3333333333333,98.7477420908867,1.38311044021341,0,0,0,0.324325789410642,103.520081988891
140,Taxi,34,788.507351979619,-45.3333333333333,98.7387330411808,1.39303992981109,0,0,0,0.324325789410642,103.510637544447
141,Taxi,34,788.485472777993,-45.3333333333333,98.729723991475,1.4029691438929,0,0,0,0.324325789410642,103.501193100002
142,Taxi,34,788.463593576367,-45.3333333333333,98.7207149417691,1.41289808245883,0,0,0,0.324325789410642,103.491748655558
143,Taxi,34,788.441714374742,-45.3333333333333,98.7117058920633,1.42282674550889,0,0,0,0.324325789410642,103.482304211113
144,Taxi,34,788.419835173116,-45.3333333333333,98.7026968423574,1.43275513304308,0,0,0,0.324325789410642,103.472859766669
145,Taxi,34,788.397955972983,-45.3333333333333,98.6936877926516,1.44268324506141,0,0,0,0.324325789410642,103.463415322224
146,Taxi,34,788.376076796809,-45.3333333333333,98.6846787429457,1.45261108156403,0,0,0,0.324325789410642,103.45397087778
147,Taxi,34,788.354197620635,-45.3333333333333,98.6756696932399,1.46253864255111,0,0,0,0.324325789410642,103.444526433336
148,Taxi,34,788.332318444462,-45.3333333333333,98.666660643534,1.47246592802263,0,0,0,0.324325789410642,103.435081988891
149,Taxi,34,788.310439268288,-45.3333333333333,98.6576515938282,1.4823929379786,0,0,0,0.324325789410642,103.425637544447
150,Taxi,34,788.288560092114,-45.3333333333333,98.6486425441223,1.49231967241902,0,0,0,0.324325789410642,103.416193100002
151,Taxi,34,788.26668091594,-45.3333333333333,98.6396334944165,1.50224613134388,0,0,0,0.324325789410642,103.406748655558
152,Taxi,34,788.244801739767,-45.3333333333333,98.6306244447106,1.51217231475319,0,0,0,0.324325789410642,103.397304211113
153,Taxi,34,788.222922563593,-45.3333333333333,98.6216153950048,1.52209822264696,0,0,0,0.324325789410642,103.387859766669
154,Taxi,34,788.201043387419,-45.3333333333333,98.6126063452989,1.53202385502517,0,0,0,0.324325789410642,103.378415322224
155,Taxi,34,788.1791642113,-45.3333333333333,98.6035972955931,1.54194921188783,0,0,0,0.324325789410642,103.36897087778
156,Taxi,34,788.157285036052,-45.3333333333333,98.5945882458872,1.55187429323494,0,0,0,0.324325789410642,103.359526433336
157,Taxi,34,788.135405860805,-45.3333333333333,98.5855791961814,1.56179909906651,0,0,0,0.324325789410642,103.350081988891
158,Taxi,34,788.113526685557,-45.3333333333333,98.5765701464755,1.57172362938254,0,0,0,0.324325789410642,103.340637544447
159,Taxi,34,788.09164751031,-45.3333333333333,98.5675610967697,1.58164788418304,0,0,0,0.324325789410642,103.331193100002
160,Taxi,34,788.069768335062,-45.3333333333333,98.5585520470638,1.59157186346799,0,0,0,0.324325789410642,103.321748655558
161,Taxi,34,788.047889159815,-45.3333333333333,98.549542997358,1.6014955672374,0,0,0,0.324325789410642,103.312304211113
162,Taxi,34,788.026009984568,-45.3333333333333,98.5405339476521,1.61141899549127,0,0,0,0.324325789410642,103.302859766669
163,Taxi,34,788.00413080932,-45.3333333333333,98.5315248979463,1.62134214822961,0,0,0,0.324325789410642,103.293415322224
164,Taxi,34,787.982251634073,-45.3333333333333,98.5225158482404,1.6312650254524,0,0,0,0.324325789410642,103.28397087778
165,Taxi,34,787.960372458607,-45.3333333333333,98.5135067985346,1.64118762715965,0,0,0,0.324325789410642,103.274526433336
166,Taxi,34,787.938493279638,-45.3333333333333,98.5044977488287,1.65110995335133,0,0,0,0.324325789410642,103.265081988891
167,Taxi,34,787.91661410067,-45.3333333333333,98.4954886991229,1.66103200402743,0,0,0,0.324325789410642,103.255637544447
168,Taxi,34,787.894734921701,-45.3333333333333,98.486479649417,1.67095377918794,0,0,0,0.324325789410642,103.246193100002
169,Taxi,34,787.872855742733,-45.3333333333333,98.4774705997112,1.68087527883287,0,0,0,0.324325789410642,103.236748655558
170,Taxi,34,787.850976563764,-45.3333333333333,98.4684615500053,1.6907965029622,0,0,0,0.324325789410642,103.227304211113
171,Taxi,34,787.829097384795,-45.3333333333333,98.4594525002995,1.70071745157595,0,0,0,0.324325789410642,103.217859766669
172,Taxi,34,787.807218205827,-45.3333333333333,98.4504434505936,1.71063812467412,0,0,0,0.324325789410642,103.208415322224
173,Taxi,34,787.785339026858,-45.3333333333333,98.4414344008877,1.72055852225669,0,0,0,0.324325789410642,103.19897087778
174,Taxi,34,787.76345984789,-45.3333333333333,98.4324253511819,1.73047864432368,0,0,0,0.324325789410642,103.189526433336
175,Taxi,34,787.741580668755,-45.3333333333333,98.4234163014761,1.74039849087508,0,0,0,0.324325789410642,103.180081988891
176,Taxi,34,787.719701486949,-45.3333333333333,98.4144072517702,1.75031806191088,0,0,0,0.324325789410642,103.170637544447
177,Taxi,34,787.697822305144,-45.3333333333333,98.4053982020643,1.76023735743105,0,0,0,0.324325789410642,103.161193100002
178,Taxi,34,787.675943123338,-45.3333333333333,98.3963891523585,1.7701563774356,0,0,0,0.324325789410642,103.151748655558
179,Taxi,34,787.654063941533,-45.3333333333333,98.3873801026526,1.78007512192453,0,0,0,0.324325789410642,103.142304211113
180,Taxi,34,787.632184759728,-45.3333333333333,98.3783710529468,1.78999359089783,0,0,0,0.324325789410642,103.132859766669
181,Taxi,34,787.610305577922,-45.3333333333333,98.369362003241,1.79991178435551,0,0,0,0.324325789410642,103.123415322224
182,Taxi,34,787.588426396117,-45.3333333333333,98.3603529535351,1.80982970229757,0,0,0,0.324325789410642,103.11397087778
183,Taxi,34,787.566547214311,-45.3333333333333,98.3513439038292,1.81974734472401,0,0,0,0.324325789410642,103.104526433336
184,Taxi,34,787.544668032506,-45.3333333333333,98.3423348541234,1.82966471163482,0,0,0,0.324325789410642,103.095081988891
185,Taxi,34,787.522788850619,-45.3333333333333,98.3333258044175,1.83958180303001,0,0,0,0.324325789410642,103.085637544447
186,Taxi,34,787.500909667426,-45.3333333333333,98.3243167547117,1.84949861890957,0,0,0,0.324325789410642,103.076193100002
187,Taxi,34,787.479030484234,-45.3333333333333,98.3153077050058,1.85941515927349,0,0,0,0.324325789410642,103.066748655558
188,Taxi,34,787.457151301041,-45.3333333333333,98.3062986553,1.86933142412176,0,0,0,0.324325789410642,103.057304211113
189,Taxi,34,787.435272117849,-45.3333333333333,98.2972896055941,1.8792474134544,0,0,0,0.324325789410642,103.047859766669
190,Taxi,34,787.413392934656,-45.3333333333333,98.2882805558883,1.8891631272714,0,0,0,0.324325789410642,103.038415322224
191,Taxi,34,787.391513751463,-45.3333333333333,98.2792715061824,1.89907856557276,0,0,0,0.324325789410642,103.02897087778
192,Taxi,34,787.369634568271,-45.3333333333333,98.2702624564766,1.90899372835847,0,0,0,0.324325789410642,103.019526433336
193,Taxi,34,787.347755385078,-45.3333333333333,98.2612534067707,1.91890861562855,0,0,0,0.324325789410642,103.010081988891
194,Taxi,34,787.325876201886,-45.3333333333333,98.2522443570649,1.92882322738299,0,0,0,0.324325789410642,103.000637544447
195,Taxi,34,787.303997018663,-45.3333333333333,98.243235307359,1.93873756362178,0,0,0,0.324325789410642,102.991193100002
196,Taxi,34,787.282117834966,-45.3333333333333,98.2342262576532,1.94865162434493,0,0,0,0.324325789410642,102.981748655558
197,Taxi,34,787.260238651268,-45.3333333333333,98.2252172079473,1.95856540955244,0,0,0,0.324325789410642,102.972304211113
198,Taxi,34,787.23835946757,-45.3333333333333,98.2162081582415,1.9684789192443,0,0,0,0.324325789410642,102.962859766669
199,Taxi,34,787.216480283872,-45.3333333333333,98.2071991085356,1.97839215342051,0,0,0,0.324325789410642,102.953415322224
200,Taxi,34,787.194601100174,-45.3333333333333,98.1981900588298,1.98830511208108,0,0,0,0.324325789410642,102.94397087778
201,Taxi,34,787.172721916476,-45.3333333333333,98.1891810091239,1.998217795226,0,0,0,0.324325789410642,102.934526433336
202,Taxi,34,787.150842732779,-45.3333333333333,98.1801719594181,2.00813020285527,0,0,0,0.324325789410642,102.925081988891
203,Taxi,34,787.128963549081,-45.3333333333333,98.1711629097122,2.0180423349689,0,0,0,0.324325789410642,102.915637544447
204,Taxi,34,787.107084365383,-45.3333333333333,98.1621538600064,2.02795419156688,0,0,0,0.324325789410642,102.906193100002
205,Taxi,34,787.085205181679,-45.3333333333333,98.1531448103005,2.03786577264921,0,0,0,0.324325789410642,102.896748655558
206,Taxi,34,787.06332599787,-45.3333333333333,98.1441357605947,2.0477770782159,0,0,0,0.324325789410642,102.887304211113
207,Taxi,34,787.041446814062,-45.3333333333333,98.1351267108888,2.05768810826694,0,0,0,0.324325789410642,102.877859766669
208,Taxi,34,787.019567630254,-45.3333333333333,98.126117661183,2.06759886280233,0,0,0,0.324325789410642,102.868415322224
209,Taxi,34,786.997688446446,-45.3333333333333,98.1171086114771,2.07750934182207,0,0,0,0.324325789410642,102.85897087778
210,Taxi,34,786.975809262638,-45.3333333333333,98.1080995617713,2.08741954532616,0,0,0,0.324325789410642,102.849526433336
211,Taxi,34,786.95393007883,-45.3333333333333,98.0990905120654,2.09732947331461,0,0,0,0.324325789410642,102.840081988891
212,Taxi,34,786.932050895022,-45.3333333333333,98.0900814623596,2.10723912578741,0,0,0,0.324325789410642,102.830637544447
213,Taxi,34,786.910171711213,-45.3333333333333,98.0810724126537,2.11714850274456,0,0,0,0.324325789410642,102.821193100002
214,Taxi,34,786.888292527405,-45.3333333333333,98.0720633629478,2.12705760418606,0,0,0,0.324325789410642,102.811748655558
215,Taxi,34,786.866094267276,-45.3333333333333,98.063054313242,2.13696642810291,0,0,0,0.324325789410642,102.802304211113
216,Taxi,34,786.838773293652,-45.3333333333333,98.0540452635362,2.146874940232,0,0,0,0.324325789410642,102.792859766669
217,Taxi,34,786.811452320028,-45.3333333333333,98.0450362138303,2.1567831083192,0,0,0,0.324325789410642,102.783415322224
218,Taxi,34,786.784131346404,-45.3333333333333,98.0360271641244,2.16669093236451,0,0,0,0.324325789410642,102.77397087778
219,Taxi,34,786.75681037278,-45.3333333333333,98.0270181144186,2.17659841236792,0,0,0,0.324325789410642,102.764526433336
220,Taxi,34,786.729489399157,-45.3333333333333,98.0180090647127,2.18650554832945,0,0,0,0.324325789410642,102.755081988891
221,Taxi,34,786.702168425533,-45.3333333333333,98.0090000150069,2.19641234024909,0,0,0,0.324325789410642,102.745637544447
222,Taxi,34,786.674847451909,-45.3333333333333,97.999990965301,2.20631878812683,0,0,0,0.324325789410642,102.736193100002
223,Taxi,34,786.647526478285,-45.3333333333333,97.9909819155952,2.21622489196269,0,0,0,0.324325789410642,102.726748655558
224,Taxi,34,786.620205504661,-45.3333333333333,97.9819728658893,2.22613065175666,0,0,0,0.324325789410642,102.717304211113
225,Taxi,34,786.592118000355,-45.3333333333333,97.9729638161835,2.23603606268243,0,0,0,0.324325789410642,102.707859766669
226,Taxi,34,786.551723982519,-45.3333333333333,97.9639547664776,2.24594104242825,0,0,0,0.324325789410642,102.698415322224
227,Taxi,34,786.511329964683,-45.3333333333333,97.9549457167718,2.25584551350866,0,0,0,0.324325789410642,102.68897087778
228,Taxi,34,786.470935946847,-45.3333333333333,97.9459366670659,2.26574947592366,0,0,0,0.324325789410642,102.679526433336
229,Taxi,34,786.430541929011,-45.3333333333333,97.9369276173601,2.27565292967324,0,0,0,0.324325789410642,102.670081988891
230,Taxi,34,786.390147911175,-45.3333333333333,97.9279185676542,2.28555587475742,0,0,0,0.324325789410642,102.660637544447
231,Taxi,34,786.349753893339,-45.3333333333333,97.9189095179484,2.29545831117619,0,0,0,0.324325789410642,102.651193100002
232,Taxi,34,786.309359875503,-45.3333333333333,97.9099004682425,2.30536023892955,0,0,0,0.324325789410642,102.641748655558
233,Taxi,34,786.268965857667,-45.3333333333333,97.9008914185367,2.3152616580175,0,0,0,0.324325789410642,102.632304211113
234,Taxi,34,786.228571839831,-45.3333333333333,97.8918823688308,2.32516256844004,0,0,0,0.324325789410642,102.622859766669
235,Taxi,34,786.188175947761,-45.3333333333333,97.882873319125,2.33506297018537,0,0,0,0.324325789410642,102.613415322224
236,Taxi,34,786.14774996519,-45.3333333333333,97.8738642694191,2.34496286305223,0,0,0,0.324325789410642,102.60397087778
237,Taxi,34,786.10732398262,-45.3333333333333,97.8648552197133,2.35486224685116,0,0,0,0.324325789410642,102.594526433336
238,Taxi,34,786.06689800005,-45.3333333333333,97.8558461700074,2.36476112158216,0,0,0,0.324325789410642,102.585081988891
239,Taxi,34,786.026472017479,-45.3333333333333,97.8468371203016,2.37465948724524,0,0,0,0.324325789410642,102.575637544447
240,Taxi,34,785.986046034909,-45.3333333333333,97.8378280705957,2.38455734384038,0,0,0,0.324325789410642,102.566193100002
241,Taxi,34,785.945620052338,-45.3333333333333,97.8288190208899,2.3944546913676,0,0,0,0.324325789410642,102.556748655558
242,Taxi,34,785.905194069768,-45.3333333333333,97.819809971184,2.40435152982688,0,0,0,0.324325789410642,102.547304211113
243,Taxi,34,785.864768087198,-45.3333333333333,97.8108009214782,2.41424785921824,0,0,0,0.324325789410642,102.537859766669
244,Taxi,34,785.824342104627,-45.3333333333333,97.8017918717723,2.42414367954167,0,0,0,0.324325789410642,102.528415322224
245,Taxi,34,785.783914250354,-45.3333333333333,97.7927828220665,2.43403899078539,0,0,0,0.324325789410642,102.51897087778
246,Taxi,34,785.743456346224,-45.3333333333333,97.7837737723606,2.4439337927484,0,0,0,0.324325789410642,102.509526433336
247,Taxi,34,785.702998442095,-45.3333333333333,97.7747647226548,2.45382808524152,0,0,0,0.324325789410642,102.500081988891
248,Taxi,34,785.662540537965,-45.3333333333333,97.7657556729489,2.46372186826472,0,0,0,0.324325789410642,102.490637544447
249,Taxi,34,785.622082633835,-45.3333333333333,97.756746623243,2.47361514181803,0,0,0,0.324325789410642,102.481193100002
250,Taxi,34,785.581624729705,-45.3333333333333,97.7477375735372,2.48350790590143,0,0,0,0.324325789410642,102.471748655558
251,Taxi,34,785.541166825575,-45.3333333333333,97.7387285238314,2.49340016051492,0,0,0,0.324325789410642,102.462304211113
252,Taxi,34,785.500708921446,-45.3333333333333,97.7297194741255,2.50329190565852,0,0,0,0.324325789410642,102.452859766669
253,Taxi,34,785.460251017316,-45.3333333333333,97.7207104244197,2.51318314133221,0,0,0,0.324325789410642,102.443415322224
254,Taxi,34,785.419793113186,-45.3333333333333,97.7117013747138,2.52307386753599,0,0,0,0.324325789410642,102.43397087778
255,Taxi,34,785.379333339881,-45.3333333333333,97.7026923250079,2.5329640842581,0,0,0,0.324325789410642,102.424526433336
256,Taxi,34,785.338843557303,-45.3333333333333,97.6936832753021,2.54285379129782,0,0,0,0.324325789410642,102.415081988891
257,Taxi,34,785.298353774724,-45.3333333333333,97.6846742255962,2.55274298846621,0,0,0,0.324325789410642,102.405637544447
258,Taxi,34,785.257863992145,-45.3333333333333,97.6756651758904,2.56263167576326,0,0,0,0.324325789410642,102.396193100002
259,Taxi,34,785.217374209566,-45.3333333333333,97.6666561261845,2.57251985318898,0,0,0,0.324325789410642,102.386748655558
260,Taxi,34,785.176884426987,-45.3333333333333,97.6576470764787,2.58240752074335,0,0,0,0.324325789410642,102.377304211113
261,Taxi,34,785.136394644409,-45.3333333333333,97.6486380267728,2.5922946784264,0,0,0,0.324325789410642,102.367859766669
262,Taxi,34,785.09590486183,-45.3333333333333,97.639628977067,2.6021813262381,0,0,0,0.324325789410642,102.358415322224
263,Taxi,34,785.055415079251,-45.3333333333333,97.6306199273611,2.61206746417847,0,0,0,0.324325789410642,102.34897087778
264,Taxi,34,785.014925296673,-45.3333333333333,97.6216108776553,2.62195309224751,0,0,0,0.324325789410642,102.339526433336
265,Taxi,34,784.974433647445,-45.3333333333333,97.6126018279494,2.63183821043345,0,0,0,0.324325789410642,102.330081988891
266,Taxi,34,784.9339120295,-45.3333333333333,97.6035927782436,2.64172281853586,0,0,0,0.324325789410642,102.320637544447
267,Taxi,34,784.893390411555,-45.3333333333333,97.5945837285377,2.65160691636604,0,0,0,0.324325789410642,102.311193100002
268,Taxi,34,784.85286879361,-45.3333333333333,97.5855746788319,2.661490503924,0,0,0,0.324325789410642,102.301748655558
269,Taxi,34,784.812347175665,-45.3333333333333,97.576565629126,2.67137358120974,0,0,0,0.324325789410642,102.292304211113
270,Taxi,34,784.77182555772,-45.3333333333333,97.5675565794202,2.68125614822324,0,0,0,0.324325789410642,102.282859766669
271,Taxi,34,784.731303939775,-45.3333333333333,97.5585475297143,2.69113820496452,0,0,0,0.324325789410642,102.273415322224
272,Taxi,34,784.69078232183,-45.3333333333333,97.5495384800085,2.70101975143358,0,0,0,0.324325789410642,102.26397087778
273,Taxi,34,784.650260703885,-45.3333333333333,97.5405294303026,2.71090078763041,0,0,0,0.324325789410642,102.254526433336
274,Taxi,34,784.60973908594,-45.3333333333333,97.5315203805968,2.72078131355501,0,0,0,0.324325789410642,102.245081988891
275,Taxi,34,784.570239961778,-45.3333333333333,97.5225113308909,2.73066133564531,0,0,0,0.324325789410642,102.235637544447
276,Taxi,34,784.547156793124,-45.3333333333333,97.5135022811851,2.74054096369895,0,0,0,0.324325789410642,102.226193100002
277,Taxi,34,784.52407362447,-45.3333333333333,97.5044932314792,2.75042030107565,0,0,0,0.324325789410642,102.216748655558
278,Taxi,34,784.500990455816,-45.3333333333333,97.4954841817734,2.76029934777542,0,0,0,0.324325789410642,102.207304211113
279,Taxi,34,784.477907287161,-45.3333333333333,97.4864751320675,2.77017810379825,0,0,0,0.324325789410642,102.197859766669
280,Taxi,34,784.454824118507,-45.3333333333333,97.4774660823617,2.78005656914413,0,0,0,0.324325789410642,102.188415322224
281,Taxi,34,784.431740949853,-45.3333333333333,97.4684570326558,2.78993474381308,0,0,0,0.324325789410642,102.17897087778
282,Taxi,34,784.408657781198,-45.3333333333333,97.45944798295,2.79981262780509,0,0,0,0.324325789410642,102.169526433336
283,Taxi,34,784.385574612544,-45.3333333333333,97.4504389332441,2.80969022112016,0,0,0,0.324325789410642,102.160081988891
284,Taxi,34,784.36249144389,-45.3333333333333,97.4414298835383,2.8195675237583,0,0,0,0.324325789410642,102.150637544447
285,Taxi,34,784.339760434278,-45.3333333333333,97.4324208338324,2.82944453793679,0,0,0,0.324325789410642,102.141193100002
286,Taxi,34,784.322683275336,-45.3333333333333,97.4234117841266,2.83932130147126,0,0,0,0.324325789410642,102.131748655558
287,Taxi,34,784.305606116394,-45.3333333333333,97.4144027344207,2.84919784996002,0,0,0,0.324325789410642,102.122304211113
288,Taxi,34,784.288528957451,-45.3333333333333,97.4053936847149,2.85907418340308,0,0,0,0.324325789410642,102.112859766669
289,Taxi,34,784.271451798509,-45.3333333333333,97.396384635009,2.86895030180043,0,0,0,0.324325789410642,102.103415322224
290,Taxi,34,784.254374639567,-45.3333333333333,97.3873755853031,2.87882620515208,0,0,0,0.324325789410642,102.09397087778
291,Taxi,34,784.237297480625,-45.3333333333333,97.3783665355973,2.88870189345802,0,0,0,0.324325789410642,102.084526433336
292,Taxi,34,784.220220321683,-45.3333333333333,97.3693574858915,2.89857736671826,0,0,0,0.324325789410642,102.075081988891
293,Taxi,34,784.203143162741,-45.3333333333333,97.3603484361856,2.90845262493279,0,0,0,0.324325789410642,102.065637544447
294,Taxi,34,784.186066003799,-45.3333333333333,97.3513393864798,2.91832766810161,0,0,0,0.324325789410642,102.056193100002
295,Taxi,34,784.168989130001,-45.3333333333333,97.3423303367739,2.92820249622653,0,0,0,0.324325789410642,102.046748655558
296,Taxi,34,784.151916834134,-45.3333333333333,97.333321287068,2.93807710933816,0,0,0,0.324325789410642,102.037304211113
297,Taxi,34,784.134845215795,-45.3333333333333,97.3243122373622,2.94795150746958,0,0,0,0.324325789410642,102.027859766669
298,Taxi,34,784.117774213351,-45.3333333333333,97.3153031876563,2.95782569062895,0,0,0,0.324325789410642,102.018415322224
299,Taxi,34,784.048564731404,-45.3333333333333,97.3062941379505,2.96769933054082,0,0,0,0.324325789410642,102.00897087778
300,MotorCheck,187.8,757.953352679905,-250.4,97.2769087375864,2.99899586588048,0,0,0,1.79142303680349,101.978165322224
301,MotorCheck,187.8,754.464662774179,-250.4,97.2271469865641,3.05159440352905,0,0,0,1.79142303680349,101.925998655558
302,MotorCheck,187.8,753.352350616689,-250.4,97.1773852355418,3.10403292855031,0,0,0,1.79142303680349,101.873831988891
303,MotorCheck,187.8,752.500360029104,-250.4,97.1276234845195,3.15640313948722,0,0,0,1.79142303680349,101.821665322224
304,MotorCheck,187.8,751.759709204595,-250.4,97.0778617334971,3.20871796189501,0,0,0,1.79142303680349,101.769498655558
305,MotorCheck,187.8,751.105628990399,-250.4,97.0280999824748,3.26098427865668,0,0,0,1.79142303680349,101.717331988891
306,MotorCheck,187.8,750.512351261192,-250.4,96.9783382314525,3.31320721508099,0,0,0,1.79142303680349,101.665165322224
307,MotorCheck,187.8,749.99751287044,-250.4,96.9285764804302,3.36539161368912,0,0,0,1.79142303680349,101.612998655558
308,MotorCheck,187.8,749.54727844716,-250.4,96.8788147294079,3.41754244920939,0,0,0,1.79142303680349,101.560831988891
309,MotorCheck,187.8,749.142731156554,-250.4,96.8290529783855,3.46966355732116,0,0,0,1.79142303680349,101.508665322224
310,MotorCheck,187.8,748.780663502212,-250.4,96.7792912273632,3.52175800426874,0,0,0,1.79142303680349,101.456498655558
311,MotorCheck,187.8,748.469639982139,-250.4,96.7295294763409,3.57382904260103,0,0,0,1.79142303680349,101.404331988891
312,MotorCheck,187.8,748.18706751831,-250.4,96.6797677253186,3.6258794369841,0,0,0,1.79142303680349,101.352165322224
313,MotorCheck,187.8,747.929791317343,-250.4,96.6300059742963,3.67791105663027,0,0,0,1.79142303680349,101.299998655558
314,MotorCheck,187.8,747.712520820393,-250.4,96.5802442232739,3.72992617259684,0,0,0,1.79142303680349,101.247831988891
315,MotorCheck,187.8,747.51064594728,-250.4,96.5304824722516,3.78192671161887,0,0,0,1.79142303680349,101.195665322224
316,MotorCheck,187.8,747.335240288892,-250.4,96.4807207212293,3.83391412966242,0,0,0,1.79142303680349,101.143498655558
317,MotorCheck,187.8,747.169385335612,-250.4,96.430958970207,3.88588967942025,0,0,0,1.79142303680349,101.091331988891
318,MotorCheck,187.8,747.028198685092,-250.4,96.3811972191847,3.93785455095341,0,0,0,1.79142303680349,101.039165322224
319,MotorCheck,187.8,746.893922173994,-250.4,96.3314354681623,3.98980984248995,0,0,0,1.79142303680349,100.986998655558
320,MotorCheck,187.8,746.780608706675,-250.4,96.28167371714,4.04175652339725,0,0,0,1.79142303680349,100.934831988891
321,MotorCheck,187.8,746.667295239357,-250.4,96.2319119661177,4.09369532272337,0,0,0,1.79142303680349,100.882665322224
322,MotorCheck,187.8,746.572608205348,-250.4,96.1821502150954,4.14562688825428,0,0,0,1.79142303680349,100.830498655558
323,MotorCheck,187.8,746.482281748653,-250.4,96.1323884640731,4.19755201942713,0,0,0,1.79142303680349,100.778331988891
324,MotorCheck,187.8,746.398472743321,-250.4,96.0826267130507,4.24947109455557,0,0,0,1.79142303680349,100.726165322224
325,MotorCheck,187.8,746.325633807209,-250.4,96.0328649620284,4.30138472181672,0,0,0,1.79142303680349,100.673998655558
326,MotorCheck,187.8,746.252794871097,-250.4,95.9831032110061,4.3532932827252,0,0,0,1.79142303680349,100.621831988891
327,MotorCheck,187.8,746.185501389177,-250.4,95.9333414599838,4.40519697013958,0,0,0,1.79142303680349,100.569665322224
328,MotorCheck,187.8,746.12533924337,-250.4,95.8835797089615,4.45709622493047,0,0,0,1.79142303680349,100.517498655558
329,MotorCheck,187.8,746.046532175455,-250.4,95.8338179579391,4.50899064668092,0,0,0,1.79142303680349,100.465331988891
330,TakeOff,189.3,745.768773761486,-252.4,95.7838574778792,4.561079825869,0,0,0,1.80573152751278,100.412956988891
331,TakeOff,189.3,745.685346183487,-252.4,95.7336982687816,4.61336357862929,10.1333333333333,0.000833333333333333,1.66666666666667,1.80573152751278,100.360373655558
332,TakeOff,189.3,745.627363354234,-252.4,95.683539059684,4.6656423741692,20.2666666666667,0.00333333333333333,3.33333333333333,1.80573152751278,100.307790322224
333,TakeOff,189.3,745.574237441515,-252.4,95.6333798505865,4.71791727473042,30.4,0.0075,5,1.80573152751278,100.255206988891
334,TakeOff,189.3,745.524043029724,-252.4,95.5832206414889,4.77018855334028,40.5333333333333,0.0133333333333333,6.66666666666667,1.80573152751278,100.202623655558
335,TakeOff,189.3,745.475755214134,-252.4,95.5330614323913,4.82245637960094,50.6666666666667,0.0208333333333333,8.33333333333333,1.80573152751278,100.150040322224
336,TakeOff,189.3,745.434936133326,-252.4,95.4829022232937,4.87472108216984,60.8,0.03,10,1.80573152751278,100.097456988891
337,TakeOff,189.3,745.394117052519,-252.4,95.4327430141961,4.92698292286763,70.9333333333333,0.0408333333333333,11.6666666666667,1.80573152751278,100.044873655558
338,TakeOff,189.3,745.35521733135,-252.4,95.3825838050986,4.97924196897853,81.0666666666667,0.0533333333333333,13.3333333333333,1.80573152751278,99.9922903222244
339,TakeOff,189.3,745.321373657779,-252.4,95.332424596001,5.03149846502932,91.2,0.0675,15,1.80573152751278,99.9397069888911
340,TakeOff,189.3,745.287529984208,-252.4,95.2822653869034,5.08375258826255,101.333333333333,0.0833333333333333,16.6666666666667,1.80573152751278,99.8871236555578
341,TakeOff,189.3,745.253686310637,-252.4,95.2321061778058,5.13600433867822,111.466666666667,0.100833333333333,18.3333333333333,1.80573152751278,99.8345403222244
342,TakeOff,189.3,745.219842637066,-252.4,95.1819469687083,5.18825371627633,121.6,0.12,20,1.80573152751278,99.7819569888911
343,TakeOff,189.3,745.185998963495,-252.4,95.1317877596107,5.24050072105688,131.733333333333,0.140833333333333,21.6666666666667,1.80573152751278,99.7293736555578
344,TakeOff,189.3,745.210324150265,-252.4,95.0816285505131,5.29274739216159,141.866666666667,0.163333333333333,23.3333333333333,1.80573152751278,99.6767903222244
345,Climb,156.8,750.300809190398,-209.066666666667,95.0357751372308,5.34065766646579,152,0.1875,25,1.49571422881143,99.62872087778
346,Climb,156.8,750.925021107799,-209.066666666667,94.9942275197639,5.38424881650112,157.125560538117,0.212539237668161,25.0784753363229,1.49571422881143,99.5851653222244
347,Climb,156.8,751.154626907125,-209.066666666667,94.9526799022969,5.42786475887311,162.251121076233,0.237656950672646,25.1569506726457,1.49571422881143,99.5416097666688
348,Climb,156.8,751.336320479915,-209.066666666667,94.9111322848299,5.4714926441602,167.37668161435,0.262853139013453,25.2354260089686,1.49571422881143,99.4980542111133
349,Climb,156.8,751.498501364697,-209.066666666667,94.8695846673629,5.51513051454265,172.502242152466,0.288127802690583,25.3139013452915,1.49571422881143,99.4544986555577
350,Climb,156.8,751.641014330012,-209.066666666667,94.8280370498959,5.55877723233171,177.627802690583,0.313480941704036,25.3923766816144,1.49571422881143,99.4109431000022
351,Climb,156.8,751.776261740493,-209.066666666667,94.7864894324289,5.60243201545909,182.7533632287,0.338912556053812,25.4708520179372,1.49571422881143,99.3673875444466
352,Climb,156.8,751.88746166572,-209.066666666667,94.7449418149619,5.64609395468689,187.878923766816,0.36442264573991,25.5493273542601,1.49571422881143,99.3238319888911
353,Climb,156.8,751.998661590948,-209.066666666667,94.703394197495,5.68976235174738,193.004484304933,0.390011210762332,25.627802690583,1.49571422881143,99.2802764333355
354,Climb,156.8,752.101628344432,-209.066666666667,94.661846580028,5.73343696757365,198.130044843049,0.415678251121076,25.7062780269058,1.49571422881143,99.23672087778
355,Climb,156.8,752.186379855921,-209.066666666667,94.620298962561,5.77711703418213,203.255605381166,0.441423766816143,25.7847533632287,1.49571422881143,99.1931653222244
356,Climb,156.8,752.271131367411,-209.066666666667,94.578751345094,5.82080202265617,208.381165919283,0.467247757847534,25.8632286995516,1.49571422881143,99.1496097666689
357,Climb,156.8,752.341840582803,-209.066666666667,94.537203727627,5.8644915252491,213.506726457399,0.493150224215247,25.9417040358744,1.49571422881143,99.1060542111133
358,Climb,156.8,752.398677204327,-209.066666666667,94.49565611016,5.90818473139521,218.632286995516,0.519131165919282,26.0201793721973,1.49571422881143,99.0624986555577
359,Climb,156.8,752.455513825851,-209.066666666667,94.4541084926931,5.9518812382755,223.757847533632,0.545190582959641,26.0986547085202,1.49571422881143,99.0189431000022
360,Climb,156.8,752.494208366583,-209.066666666667,94.4125608752261,5.99558051909768,228.883408071749,0.571328475336323,26.1771300448431,1.49571422881143,98.9753875444466
361,Climb,156.8,752.52493329358,-209.066666666667,94.3710132577591,6.03928181565551,234.008968609865,0.597544843049327,26.2556053811659,1.49571422881143,98.9318319888911
362,Climb,156.8,752.555658220577,-209.066666666667,94.3294656402921,6.08298489653504,239.134529147982,0.623839686098655,26.3340807174888,1.49571422881143,98.8882764333355
363,Climb,156.8,752.573318810232,-209.066666666667,94.2879180228251,6.1266893823866,244.260089686099,0.650213004484305,26.4125560538117,1.49571422881143,98.84472087778
364,Climb,156.8,752.589307342257,-209.066666666667,94.2463704053581,6.17039484530895,249.385650224215,0.676664798206278,26.4910313901345,1.49571422881143,98.8011653222244
365,Climb,156.8,752.605295874282,-209.066666666667,94.2048227878911,6.2141012367505,254.511210762332,0.703195067264574,26.5695067264574,1.49571422881143,98.7576097666688
366,Climb,156.8,752.61474990376,-209.066666666667,94.1632751704242,6.25780836696864,259.636771300448,0.729803811659193,26.6479820627803,1.49571422881143,98.7140542111133
367,Climb,156.8,752.621111831417,-209.066666666667,94.1217275529572,6.30151595643532,264.762331838565,0.756491031390135,26.7264573991031,1.49571422881143,98.6704986555578
368,Climb,156.8,752.627473759074,-209.066666666667,94.0801799354902,6.34522391536506,269.887892376682,0.783256726457399,26.804932735426,1.49571422881143,98.6269431000022
369,Climb,156.8,752.629689146135,-209.066666666667,94.0386323180232,6.38893212335461,275.013452914798,0.810100896860987,26.8834080717489,1.49571422881143,98.5833875444466
370,Climb,156.8,752.627248441928,-209.066666666667,93.9970847005562,6.43264032480161,280.139013452915,0.837023542600897,26.9618834080717,1.49571422881143,98.5398319888911
371,Climb,156.8,752.624807737721,-209.066666666667,93.9555370830892,6.47634838450697,285.264573991031,0.86402466367713,27.0403587443946,1.49571422881143,98.4962764333355
372,Climb,156.8,752.622367033514,-209.066666666667,93.9139894656223,6.5200563024707,290.390134529148,0.891104260089686,27.1188340807175,1.49571422881143,98.45272087778
373,Climb,156.8,752.616563632035,-209.066666666667,93.8724418481553,6.56376398105003,295.515695067265,0.918262331838565,27.1973094170404,1.49571422881143,98.4091653222244
374,Climb,156.8,752.60705433216,-209.066666666667,93.8308942306883,6.60747121499388,300.641255605381,0.945498878923767,27.2757847533632,1.49571422881143,98.3656097666689
375,Climb,156.8,752.597545032285,-209.066666666667,93.7893466132213,6.65117789669394,305.766816143498,0.972813901345291,27.3542600896861,1.49571422881143,98.3220542111133
376,Climb,156.8,752.58803573241,-209.066666666667,93.7477989957543,6.69488402615022,310.892376681614,1.00020739910314,27.432735426009,1.49571422881143,98.2784986555578
377,Climb,156.8,752.578526432535,-209.066666666667,93.7062513782873,6.73858960336271,316.017937219731,1.02767937219731,27.5112107623318,1.49571422881143,98.2349431000022
378,Climb,156.8,752.56664369858,-209.066666666667,93.6647037608204,6.78229455941393,321.143497757848,1.0552298206278,27.5896860986547,1.49571422881143,98.1913875444467
379,Climb,156.8,752.553110413481,-209.066666666667,93.6231561433534,6.82599877745926,326.269058295964,1.08285874439462,27.6681614349776,1.49571422881143,98.1478319888911
380,Climb,156.8,752.539577128382,-209.066666666667,93.5816085258864,6.86970220957158,331.394618834081,1.11056614349776,27.7466367713004,1.49571422881143,98.1042764333355
381,Climb,156.8,752.526043843283,-209.066666666667,93.5400609084194,6.91340485575091,336.520179372197,1.13835201793722,27.8251121076233,1.49571422881143,98.06072087778
382,Climb,156.8,752.512510558183,-209.066666666667,93.4985132909524,6.95710671599723,341.645739910314,1.166216367713,27.9035874439462,1.49571422881143,98.0171653222244
383,Climb,156.8,752.497532061967,-209.066666666667,93.4569656734854,7.00080774834591,346.77130044843,1.19415919282511,27.9820627802691,1.49571422881143,97.9736097666689
384,Climb,156.8,752.481945686886,-209.066666666667,93.4154180560185,7.04450789318128,351.896860986547,1.22218049327354,28.0605381165919,1.49571422881143,97.9300542111133
385,Climb,156.8,752.466359311805,-209.066666666667,93.3738704385515,7.08820713285235,357.022421524664,1.2502802690583,28.1390134529148,1.49571422881143,97.8864986555577
386,Climb,156.8,752.450772936723,-209.066666666667,93.3323228210845,7.13190546735912,362.14798206278,1.27845852017937,28.2174887892377,1.49571422881143,97.8429431000022
387,Climb,156.8,752.435186561642,-209.066666666667,93.2907752036175,7.1756028967016,367.273542600897,1.30671524663677,28.2959641255605,1.49571422881143,97.7993875444466
388,Climb,156.8,752.41960018656,-209.066666666667,93.2492275861505,7.21929942087977,372.399103139013,1.33505044843049,28.3744394618834,1.49571422881143,97.7558319888911
389,Climb,156.8,752.40331162225,-209.066666666667,93.2076799686835,7.26299501950414,377.52466367713,1.36346412556054,28.4529147982063,1.49571422881143,97.7122764333355
390,Climb,156.8,752.386538729257,-209.066666666667,93.1661323512166,7.30668965812175,382.650224215247,1.39195627802691,28.5313901345291,1.49571422881143,97.66872087778
391,Climb,156.8,752.369765836264,-209.066666666667,93.1245847337496,7.35038332266914,387.775784753363,1.4205269058296,28.609865470852,1.49571422881143,97.6251653222244
392,Climb,156.8,752.352992943271,-209.066666666667,93.0830371162826,7.39407601314629,392.90134529148,1.44917600896861,28.6883408071749,1.49571422881143,97.5816097666689
393,Climb,156.8,752.336220050277,-209.066666666667,93.0414894988156,7.43776772955322,398.026905829596,1.47790358744395,28.7668161434978,1.49571422881143,97.5380542111133
394,Climb,156.8,752.319447157284,-209.066666666667,92.9999418813486,7.48145847188991,403.152466367713,1.50670964125561,28.8452914798206,1.49571422881143,97.4944986555577
395,Climb,156.8,752.302674264291,-209.066666666667,92.9583942638816,7.52514824015637,408.27802690583,1.53559417040359,28.9237668161435,1.49571422881143,97.4509431000022
396,Climb,156.8,752.285901371298,-209.066666666667,92.9168466464147,7.56883703435261,413.403587443946,1.56455717488789,29.0022421524664,1.49571422881143,97.4073875444466
397,Climb,156.8,752.268626341699,-209.066666666667,92.8752990289477,7.61252483989805,418.529147982063,1.59359865470852,29.0807174887892,1.49571422881143,97.3638319888911
398,Climb,156.8,752.251305275451,-209.066666666667,92.8337514114807,7.65621164087538,423.654708520179,1.62271860986547,29.1591928251121,1.49571422881143,97.3202764333355
399,Climb,156.8,752.233984209202,-209.066666666667,92.7922037940137,7.69989743594782,428.780269058296,1.65191704035874,29.237668161435,1.49571422881143,97.27672087778
400,Climb,156.8,752.216663142953,-209.066666666667,92.7506561765467,7.74358222511538,433.905829596413,1.68119394618834,29.3161434977578,1.49571422881143,97.2331653222244
401,Climb,156.8,752.199342076705,-209.066666666667,92.7091085590797,7.78726600837806,439.031390134529,1.71054932735426,29.3946188340807,1.49571422881143,97.1896097666689
402,Climb,156.8,752.182021010456,-209.066666666667,92.6675609416127,7.83094878573585,444.156950672646,1.7399831838565,29.4730941704036,1.49571422881143,97.1460542111133
403,Climb,156.8,752.164699944207,-209.066666666667,92.6260133241458,7.87463055718875,449.282511210762,1.76949551569507,29.5515695067265,1.49571422881143,97.1024986555578
404,Climb,156.8,752.147378877958,-209.066666666667,92.5844657066788,7.91831132273677,454.408071748879,1.79908632286996,29.6300448430493,1.49571422881143,97.0589431000022
405,Climb,156.8,752.13005781171,-209.066666666667,92.5429180892118,7.96199108237991,459.533632286995,1.82875560538117,29.7085201793722,1.49571422881143,97.0153875444467
406,Climb,156.8,752.112723599616,-209.066666666667,92.5013704717448,8.00566983573645,464.659192825112,1.8585033632287,29.7869955156951,1.49571422881143,96.9718319888911
407,Climb,156.8,752.095208399799,-209.066666666667,92.4598228542778,8.04934757716932,469.784753363229,1.88832959641256,29.8654708520179,1.49571422881143,96.9282764333355
408,Climb,156.8,752.077693199982,-209.066666666667,92.4182752368108,8.09302430142318,474.910313901345,1.91823430493274,29.9439461883408,1.49571422881143,96.88472087778
409,Climb,156.8,752.060178000165,-209.066666666667,92.3767276193439,8.13670000849803,480.035874439462,1.94821748878924,30.0224215246637,1.49571422881143,96.8411653222244
410,Climb,156.8,752.042662800349,-209.066666666667,92.3351800018769,8.18037469839386,485.161434977578,1.97827914798206,30.1008968609865,1.49571422881143,96.7976097666689
411,Climb,156.8,752.025147600532,-209.066666666667,92.2936323844099,8.22404837111069,490.286995515695,2.00841928251121,30.1793721973094,1.49571422881143,96.7540542111133
412,Climb,156.8,752.007632400715,-209.066666666667,92.2520847669429,8.2677210266485,495.412556053812,2.03863789237668,30.2578475336323,1.49571422881143,96.7104986555578
413,Climb,156.8,751.990117200899,-209.066666666667,92.2105371494759,8.31139266500731,500.538116591928,2.06893497757848,30.3363228699552,1.49571422881143,96.6669431000022
414,Climb,156.8,751.972602001082,-209.066666666667,92.1689895320089,8.3550632861871,505.663677130045,2.09931053811659,30.414798206278,1.49571422881143,96.6233875444467
415,Climb,156.8,751.955086801265,-209.066666666667,92.1274419145419,8.39873289018788,510.789237668161,2.12976457399103,30.4932735426009,1.49571422881143,96.5798319888911
416,Climb,156.8,751.937570426954,-209.066666666667,92.085894297075,8.44240147697554,515.914798206278,2.16029708520179,30.5717488789238,1.49571422881143,96.5362764333355
417,Climb,156.8,751.920037882591,-209.066666666667,92.044346679608,8.48606904604645,521.040358744395,2.19090807174888,30.6502242152466,1.49571422881143,96.49272087778
418,Climb,156.8,751.902505338228,-209.066666666667,92.002799062141,8.52973559693109,526.165919282511,2.22159753363229,30.7286995515695,1.49571422881143,96.4491653222244
419,Climb,156.8,751.884972793865,-209.066666666667,91.961251444674,8.57340112962944,531.291479820628,2.25236547085202,30.8071748878924,1.49571422881143,96.4056097666689
420,Climb,156.8,751.867440249502,-209.066666666667,91.919703827207,8.61706564414152,536.417040358744,2.28321188340807,30.8856502242152,1.49571422881143,96.3620542111133
421,Climb,156.8,751.849907705139,-209.066666666667,91.87815620974,8.66072914046731,541.542600896861,2.31413677130045,30.9641255605381,1.49571422881143,96.3184986555577
422,Climb,156.8,751.832375160776,-209.066666666667,91.8366085922731,8.70439161860682,546.668161434977,2.34514013452915,31.042600896861,1.49571422881143,96.2749431000022
423,Climb,156.8,751.814842616413,-209.066666666667,91.7950609748061,8.74805307856006,551.793721973094,2.37622197309417,31.1210762331839,1.49571422881143,96.2313875444467
424,Climb,156.8,751.79731007205,-209.066666666667,91.7535133573391,8.79171352032701,556.919282511211,2.40738228699552,31.1995515695067,1.49571422881143,96.1878319888911
425,Climb,156.8,751.779777527687,-209.066666666667,91.7119657398721,8.83537294390769,562.044843049327,2.43862107623318,31.2780269058296,1.49571422881143,96.1442764333355
426,Climb,156.8,751.762245702843,-209.066666666667,91.6704181224051,8.87903134932297,567.170403587444,2.46993834080717,31.3565022421525,1.49571422881143,96.10072087778
427,Climb,156.8,751.744723784101,-209.066666666667,91.6288705049381,8.92268873688141,572.295964125561,2.50133408071749,31.4349775784753,1.49571422881143,96.0571653222244
428,Climb,156.8,751.727201865359,-209.066666666667,91.5873228874712,8.96634510687064,577.421524663677,2.53280829596413,31.5134529147982,1.49571422881143,96.0136097666689
429,Climb,156.8,751.709679946618,-209.066666666667,91.5457752700042,9.01000045929066,582.547085201794,2.56436098654709,31.5919282511211,1.49571422881143,95.9700542111133
430,Climb,156.8,751.692158027876,-209.066666666667,91.5042276525372,9.05365479414147,587.67264573991,2.59599215246637,31.6704035874439,1.49571422881143,95.9264986555578
431,Climb,156.8,751.674636109134,-209.066666666667,91.4626800350702,9.09730811142308,592.798206278027,2.62770179372197,31.7488789237668,1.49571422881143,95.8829431000022
432,Climb,156.8,751.657114190393,-209.066666666667,91.4211324176032,9.14096041113548,597.923766816144,2.6594899103139,31.8273542600897,1.49571422881143,95.8393875444466
433,Climb,156.8,751.639592271651,-209.066666666667,91.3795848001362,9.18461169327868,603.04932735426,2.69135650224215,31.9058295964126,1.49571422881143,95.7958319888911
434,Climb,156.8,751.62207035291,-209.066666666667,91.3380371826693,9.22826195785266,608.174887892377,2.72330156950673,31.9843049327354,1.49571422881143,95.7522764333355
435,Climb,156.8,751.604548434168,-209.066666666667,91.2964895652023,9.27191120485744,613.300448430493,2.75532511210762,32.0627802690583,1.49571422881143,95.70872087778
436,Climb,156.8,751.587026839017,-209.066666666667,91.2549419477353,9.31555943430241,618.42600896861,2.78742713004484,32.1412556053812,1.49571422881143,95.6651653222244
437,Climb,156.8,751.569509698957,-209.066666666667,91.2133943302683,9.35920664632633,623.551569506727,2.81960762331839,32.219730941704,1.49571422881143,95.6216097666689
438,Climb,156.8,751.551992558897,-209.066666666667,91.1718467128013,9.40285284105856,628.677130044843,2.85186659192825,32.2982062780269,1.49571422881143,95.5780542111133
439,Climb,156.8,751.534475418838,-209.066666666667,91.1302990953344,9.4464980184991,633.80269058296,2.88420403587444,32.3766816143498,1.49571422881143,95.5344986555578
440,Climb,156.8,751.516958278778,-209.066666666667,91.0887514778674,9.49014217864795,638.928251121076,2.91661995515695,32.4551569506726,1.49571422881143,95.4909431000022
441,Climb,156.8,751.499441138718,-209.066666666667,91.0472038604004,9.53378532150511,644.053811659193,2.94911434977579,32.5336322869955,1.49571422881143,95.4473875444467
442,Climb,156.8,751.481923998658,-209.066666666667,91.0056562429334,9.57742744707058,649.179372197309,2.98168721973094,32.6121076233184,1.49571422881143,95.4038319888911
443,Climb,156.8,751.464406858599,-209.066666666667,90.9641086254664,9.62106855534436,654.304932735426,3.01433856502242,32.6905829596413,1.49571422881143,95.3602764333355
444,Climb,156.8,751.446889718539,-209.066666666667,90.9225610079994,9.66470864632645,659.430493273543,3.04706838565022,32.7690582959641,1.49571422881143,95.31672087778
445,Climb,156.8,751.429372578479,-209.066666666667,90.8810133905324,9.70834772001685,664.556053811659,3.07987668161435,32.847533632287,1.49571422881143,95.2731653222244
446,Climb,156.8,751.411878786812,-209.066666666667,90.8394657730655,9.75198577709353,669.681614349776,3.1127634529148,32.9260089686099,1.49571422881143,95.2296097666689
447,Climb,156.8,751.39470644823,-209.066666666667,90.7979181555985,9.79562282756851,674.807174887892,3.14572869955157,33.0044843049327,1.49571422881143,95.1860542111133
448,Climb,156.8,751.377534109648,-209.066666666667,90.7563705381315,9.83925888077582,679.932735426009,3.17877242152466,33.0829596412556,1.49571422881143,95.1424986555578
449,Climb,156.8,751.360361771066,-209.066666666667,90.7148229206645,9.88289393671546,685.058295964126,3.21189461883408,33.1614349775785,1.49571422881143,95.0989431000022
450,Climb,156.8,751.343189432483,-209.066666666667,90.6732753031975,9.92652799538745,690.183856502242,3.24509529147982,33.2399103139013,1.49571422881143,95.0553875444467
451,Climb,156.8,751.326017093901,-209.066666666667,90.6317276857305,9.97016105679177,695.309417040359,3.27837443946188,33.3183856502242,1.49571422881143,95.0118319888911
452,Climb,156.8,751.308844755319,-209.066666666667,90.5901800682635,10.0137931209284,700.434977578475,3.31173206278027,33.3968609865471,1.49571422881143,94.9682764333355
453,Climb,156.8,751.291672416737,-209.066666666667,90.5486324507966,10.0574241877974,705.560538116592,3.34516816143498,33.47533632287,1.49571422881143,94.92472087778
454,Climb,156.8,751.274500078155,-209.066666666667,90.5070848333296,10.1010542573988,710.686098654709,3.37868273542601,33.5538116591928,1.49571422881143,94.8811653222244
455,Climb,156.8,751.257327739572,-209.066666666667,90.4655372158626,10.1446833297324,715.811659192825,3.41227578475336,33.6322869955157,1.49571422881143,94.8376097666689
456,Climb,156.8,751.240263787109,-209.066666666667,90.4239895983956,10.1883114079456,720.937219730942,3.44594730941704,33.7107623318386,1.49571422881143,94.7940542111133
457,Climb,156.8,751.224692059512,-209.066666666667,90.3824419809286,10.2319385385154,726.062780269058,3.47969730941704,33.7892376681614,1.49571422881143,94.7504986555578
458,Climb,156.8,751.209120331916,-209.066666666667,90.3408943634616,10.2755647647715,731.188340807175,3.51352578475336,33.8677130044843,1.49571422881143,94.7069431000022
459,Climb,156.8,751.19354860432,-209.066666666667,90.2993467459947,10.319190086714,736.313901345291,3.54743273542601,33.9461883408072,1.49571422881143,94.6633875444466
460,Climb,156.8,751.177976876724,-209.066666666667,90.2577991285277,10.3628145043427,741.439461883408,3.58141816143498,34.02466367713,1.49571422881143,94.6198319888911
461,Climb,156.8,751.162405149127,-209.066666666667,90.2162515110607,10.4064380176579,746.565022421525,3.61548206278027,34.1031390134529,1.49571422881143,94.5762764333356
462,Climb,156.8,751.146833421531,-209.066666666667,90.1747038935937,10.4500606266593,751.690582959641,3.64962443946188,34.1816143497758,1.49571422881143,94.53272087778
463,Climb,156.8,751.131261693935,-209.066666666667,90.1331562761267,10.4936823313471,756.816143497758,3.68384529147982,34.2600896860987,1.49571422881143,94.4891653222244
464,Climb,156.8,751.115689966339,-209.066666666667,90.0916086586597,10.5373031317213,761.941704035874,3.71814461883408,34.3385650224215,1.49571422881143,94.4456097666689
465,Climb,156.8,751.100118238743,-209.066666666667,90.0500610411927,10.5809230277817,767.067264573991,3.75252242152466,34.4170403587444,1.49571422881143,94.4020542111133
466,Climb,156.8,751.085375669936,-209.066666666667,90.0085134237258,10.6245420436049,772.192825112108,3.78697869955157,34.4955156950673,1.49571422881143,94.3584986555578
467,Climb,156.8,751.082048689979,-209.066666666667,89.9669658062588,10.6681605347418,777.318385650224,3.8215134529148,34.5739910313901,1.49571422881143,94.3149431000022
468,Climb,156.8,751.078721710021,-209.066666666667,89.9254181887918,10.7117788326675,782.443946188341,3.85612668161435,34.652466367713,1.49571422881143,94.2713875444467
469,Climb,156.8,751.075394730063,-209.066666666667,89.8838705713248,10.7553969373819,787.569506726457,3.89081838565022,34.7309417040359,1.49571422881143,94.2278319888911
470,Climb,156.8,751.072067750105,-209.066666666667,89.8423229538578,10.7990148488851,792.695067264574,3.92558856502242,34.8094170403587,1.49571422881143,94.1842764333355
471,Climb,156.8,751.068740770147,-209.066666666667,89.8007753363908,10.8426325671769,797.820627802691,3.96043721973094,34.8878923766816,1.49571422881143,94.14072087778
472,Climb,156.8,751.06541379019,-209.066666666667,89.7592277189239,10.8862500922575,802.946188340807,3.99536434977578,34.9663677130045,1.49571422881143,94.0971653222244
473,Climb,156.8,751.062086810232,-209.066666666667,89.7176801014569,10.9298674241268,808.071748878924,4.03036995515695,35.0448430493274,1.49571422881143,94.0536097666689
474,Climb,156.8,751.058759830274,-209.066666666667,89.6761324839899,10.9734845627848,813.19730941704,4.06545403587444,35.1233183856502,1.49571422881143,94.0100542111133
475,Climb,156.8,751.055432850316,-209.066666666667,89.6345848665229,11.0171015082315,818.322869955157,4.10061659192825,35.2017937219731,1.49571422881143,93.9664986555578
476,Climb,156.8,751.0521425069,-209.066666666667,89.5930372490559,11.0607182615307,823.448430493274,4.13585762331839,35.280269058296,1.49571422881143,93.9229431000022
477,Climb,156.8,751.049356563481,-209.066666666667,89.5514896315889,11.1043348383926,828.57399103139,4.17117713004484,35.3587443946188,1.49571422881143,93.8793875444467
478,Climb,156.8,751.046570620063,-209.066666666667,89.509942014122,11.1479512534635,833.699551569507,4.20657511210762,35.4372197309417,1.49571422881143,93.8358319888911
479,Climb,156.8,751.043784676645,-209.066666666667,89.468394396655,11.1915675067432,838.825112107623,4.24205156950673,35.5156950672646,1.49571422881143,93.7922764333355
480,Climb,156.8,751.040998733226,-209.066666666667,89.426846779188,11.2351835982318,843.95067264574,4.27760650224215,35.5941704035874,1.49571422881143,93.74872087778
481,Climb,156.8,751.038212789808,-209.066666666667,89.385299161721,11.2787995279294,849.076233183857,4.3132399103139,35.6726457399103,1.49571422881143,93.7051653222244
482,Climb,156.8,751.03542684639,-209.066666666667,89.343751544254,11.3224152958359,854.201793721973,4.34895179372197,35.7511210762332,1.49571422881143,93.6616097666689
483,Climb,156.8,751.032640902971,-209.066666666667,89.302203926787,11.3660309019512,859.32735426009,4.38474215246637,35.8295964125561,1.49571422881143,93.6180542111133
484,Climb,156.8,751.029854959553,-209.066666666667,89.2606563093201,11.4096463462755,864.452914798206,4.42061098654709,35.9080717488789,1.49571422881143,93.5744986555578
485,Climb,156.8,751.027069016135,-209.066666666667,89.2191086918531,11.4532616288088,869.578475336323,4.45655829596413,35.9865470852018,1.49571422881143,93.5309431000022
486,Climb,156.8,751.024016550189,-209.066666666667,89.1775610743861,11.4968767418119,874.70403587444,4.49258408071749,36.0650224215247,1.49571422881143,93.4873875444467
487,Climb,156.8,751.017294688667,-209.066666666667,89.1360134569191,11.5404915709975,879.829596412556,4.52868834080718,36.1434977578475,1.49571422881143,93.4438319888911
488,Climb,156.8,751.010572827146,-209.066666666667,89.0944658394521,11.5841060098172,884.955156950673,4.56487107623318,36.2219730941704,1.49571422881143,93.4002764333355
489,Climb,156.8,751.003850965625,-209.066666666667,89.0529182219851,11.627720058271,890.080717488789,4.60113228699552,36.3004484304933,1.49571422881143,93.35672087778
490,Climb,156.8,750.997129104103,-209.066666666667,89.0113706045182,11.671333716359,895.206278026906,4.63747197309417,36.3789237668161,1.49571422881143,93.3131653222244
491,Climb,156.8,750.990407242582,-209.066666666667,88.9698229870512,11.7149469840811,900.331838565022,4.67389013452915,36.457399103139,1.49571422881143,93.2696097666689
492,Climb,156.8,750.983685381061,-209.066666666667,88.9282753695842,11.7585598614372,905.457399103139,4.71038677130045,36.5358744394619,1.49571422881143,93.2260542111133
493,Climb,156.8,750.976963519539,-209.066666666667,88.8867277521172,11.8021723484275,910.582959641256,4.74696188340807,36.6143497757848,1.49571422881143,93.1824986555578
494,Climb,156.8,750.970241658018,-209.066666666667,88.8451801346502,11.8457844450519,915.708520179372,4.78361547085202,36.6928251121076,1.49571422881143,93.1389431000022
495,Climb,156.8,750.963519796497,-209.066666666667,88.8036325171832,11.8893961513105,920.834080717489,4.82034753363229,36.7713004484305,1.49571422881143,93.0953875444467
496,Climb,156.8,750.956409499186,-209.066666666667,88.7620848997163,11.9330074559241,925.959641255605,4.85715807174888,36.8497757847534,1.49571422881143,93.0518319888911
497,Climb,156.8,750.943951344114,-209.066666666667,88.7205372822493,11.9766181923278,931.085201793722,4.89404708520179,36.9282511210762,1.49571422881143,93.0082764333355
498,Climb,156.8,750.931493189041,-209.066666666667,88.6789896647823,12.0202282052358,936.210762331839,4.93101457399103,37.0067264573991,1.49571422881143,92.96472087778
499,Climb,156.8,750.919035033969,-209.066666666667,88.6374420473153,12.0638374946479,941.336322869955,4.96806053811659,37.085201793722,1.49571422881143,92.9211653222244
500,Climb,156.8,750.906576878897,-209.066666666667,88.5958944298483,12.1074460605642,946.461883408072,5.00518497757847,37.1636771300448,1.49571422881143,92.8776097666689
501,Climb,156.8,750.894118723825,-209.066666666667,88.5543468123813,12.1510539029846,951.587443946188,5.04238789237668,37.2421524663677,1.49571422881143,92.8340542111133
502,Climb,156.8,750.881660568753,-209.066666666667,88.5127991949144,12.1946610219093,956.713004484305,5.07966928251121,37.3206278026906,1.49571422881143,92.7904986555578
503,Climb,156.8,750.869202413681,-209.066666666667,88.4712515774474,12.2382674173381,961.838565022422,5.11702914798206,37.3991031390135,1.49571422881143,92.7469431000022
504,Climb,156.8,750.856744258609,-209.066666666667,88.4297039599804,12.2818730892711,966.964125560538,5.15446748878924,37.4775784753363,1.49571422881143,92.7033875444467
505,Climb,156.8,750.844286103536,-209.066666666667,88.3881563425134,12.3254780377083,972.089686098655,5.19198430493274,37.5560538116592,1.49571422881143,92.6598319888911
506,Climb,156.8,750.831551370495,-209.066666666667,88.3466087250464,12.3690822546186,977.215246636771,5.22957959641256,37.6345291479821,1.49571422881143,92.6162764333356
507,Climb,156.8,750.815008801837,-209.066666666667,88.3050611075794,12.4126856214029,982.340807174888,5.2672533632287,37.7130044843049,1.49571422881143,92.57272087778
508,Climb,156.8,750.798466233178,-209.066666666667,88.2635134901124,12.4562880274928,987.466367713005,5.30500560538117,37.7914798206278,1.49571422881143,92.5291653222244
509,Climb,156.8,750.781923664519,-209.066666666667,88.2219658726455,12.4998894728884,992.591928251121,5.34283632286996,37.8699551569507,1.49571422881143,92.4856097666689
510,Climb,156.8,750.765381095861,-209.066666666667,88.1804182551785,12.5434899575895,997.717488789238,5.38074551569507,37.9484304932735,1.49571422881143,92.4420542111133
511,Climb,156.8,750.748838527202,-209.066666666667,88.1388706377115,12.5870894815964,1002.84304932735,5.4187331838565,38.0269058295964,1.49571422881143,92.3984986555578
512,Climb,156.8,750.732295958543,-209.066666666667,88.0973230202445,12.6306880449088,1007.96860986547,5.45679932735426,38.1053811659193,1.49571422881143,92.3549431000022
513,Climb,156.8,750.715753389884,-209.066666666667,88.0557754027775,12.674285647527,1013.09417040359,5.49494394618834,38.1838565022422,1.49571422881143,92.3113875444467
514,Climb,156.8,750.699210821226,-209.066666666667,88.0142277853105,12.7178822894507,1018.2197309417,5.53316704035875,38.262331838565,1.49571422881143,92.2678319888911
515,Climb,156.8,750.682668252567,-209.066666666667,87.9726801678435,12.7614779706801,1023.34529147982,5.57146860986547,38.3408071748879,1.49571422881143,92.2242764333355
516,Climb,156.8,750.666010874418,-209.066666666667,87.9311325503766,12.8050726878814,1028.47085201794,5.60984865470852,38.4192825112108,1.49571422881143,92.18072087778
517,Climb,156.8,750.647772836502,-209.066666666667,87.8895849329096,12.8486663918233,1033.59641255605,5.64830717488789,38.4977578475336,1.49571422881143,92.1371653222244
518,Climb,156.8,750.629534798587,-209.066666666667,87.8480373154426,12.8922590366079,1038.72197309417,5.68684417040359,38.5762331838565,1.49571422881143,92.0936097666689
519,Climb,156.8,750.611296760671,-209.066666666667,87.8064896979756,12.9358506222354,1043.84753363229,5.72545964125561,38.6547085201794,1.49571422881143,92.0500542111133
520,Climb,156.8,750.593058722755,-209.066666666667,87.7649420805086,12.9794411487058,1048.9730941704,5.76415358744395,38.7331838565022,1.49571422881143,92.0064986555578
521,Climb,156.8,750.57482068484,-209.066666666667,87.7233944630416,13.0230306160189,1054.09865470852,5.80292600896861,38.8116591928251,1.49571422881143,91.9629431000022
522,Climb,156.8,750.556582646924,-209.066666666667,87.6818468455747,13.0666190241749,1059.22421524664,5.8417769058296,38.890134529148,1.49571422881143,91.9193875444467
523,Climb,156.8,750.538344609008,-209.066666666667,87.6402992281077,13.1102063731738,1064.34977578475,5.88070627802691,38.9686098654709,1.49571422881143,91.8758319888911
524,Climb,156.8,750.520106571093,-209.066666666667,87.5987516106407,13.1537926630155,1069.47533632287,5.91971412556054,39.0470852017937,1.49571422881143,91.8322764333356
525,Climb,156.8,750.501868533177,-209.066666666667,87.5572039931737,13.1973778937,1074.60089686099,5.95880044843049,39.1255605381166,1.49571422881143,91.78872087778
526,Climb,156.8,750.483591257181,-209.066666666667,87.5156563757067,13.240962064088,1079.7264573991,5.99796524663677,39.2040358744395,1.49571422881143,91.7451653222245
527,Climb,156.8,750.464773764038,-209.066666666667,87.4741087582398,13.2845451573538,1084.85201793722,6.03720852017937,39.2825112107623,1.49571422881143,91.7016097666689
528,Climb,156.8,750.445956270895,-209.066666666667,87.4325611407728,13.3281271578111,1089.97757847534,6.0765302690583,39.3609865470852,1.49571422881143,91.6580542111133
529,Climb,156.8,750.427138777752,-209.066666666667,87.3910135233058,13.3717080654599,1095.10313901345,6.11593049327354,39.4394618834081,1.49571422881143,91.6144986555578
530,Climb,156.8,750.408321284609,-209.066666666667,87.3494659058388,13.4152878803002,1100.22869955157,6.15540919282511,39.5179372197309,1.49571422881143,91.5709431000022
531,Climb,156.8,750.389503791466,-209.066666666667,87.3079182883718,13.4588666023321,1105.35426008969,6.194966367713,39.5964125560538,1.49571422881143,91.5273875444467
532,Climb,156.8,750.370686298323,-209.066666666667,87.2663706709048,13.5024442315554,1110.4798206278,6.23460201793722,39.6748878923767,1.49571422881143,91.4838319888911
533,Climb,156.8,750.35186880518,-209.066666666667,87.2248230534378,13.5460207679703,1115.60538116592,6.27431614349776,39.7533632286996,1.49571422881143,91.4402764333355
534,Climb,156.8,750.333051312037,-209.066666666667,87.1832754359709,13.5895962115766,1120.73094170404,6.31410874439462,39.8318385650224,1.49571422881143,91.39672087778
535,Climb,156.8,750.314233818894,-209.066666666667,87.1417278185039,13.6331705623745,1125.85650224215,6.3539798206278,39.9103139013453,1.49571422881143,91.3531653222245
536,Climb,156.8,750.295407996374,-209.066666666667,87.1001802010369,13.676743820122,1130.98206278027,6.39392937219731,39.9887892376682,1.49571422881143,91.3096097666689
537,Climb,156.8,750.276467497693,-209.066666666667,87.0586325835699,13.7203159812475,1136.10762331839,6.43395739910314,40.067264573991,1.49571422881143,91.2660542111133
538,Climb,156.8,750.257526999013,-209.066666666667,87.0170849661029,13.763887042421,1141.2331838565,6.47406390134529,40.1457399103139,1.49571422881143,91.2224986555578
539,Climb,156.8,750.238586500333,-209.066666666667,86.9755373486359,13.8074570036426,1146.35874439462,6.51424887892377,40.2242152466368,1.49571422881143,91.1789431000022
540,Climb,156.8,750.219646001652,-209.066666666667,86.933989731169,13.8510258649123,1151.48430493274,6.55451233183856,40.3026905829596,1.49571422881143,91.1353875444467
541,Climb,156.8,750.200705502972,-209.066666666667,86.892442113702,13.8945936262301,1156.60986547085,6.59485426008969,40.3811659192825,1.49571422881143,91.0918319888911
542,Climb,156.8,750.181765004291,-209.066666666667,86.850894496235,13.9381602875959,1161.73542600897,6.63527466367713,40.4596412556054,1.49571422881143,91.0482764333356
543,Climb,156.8,750.162824505611,-209.066666666667,86.809346878768,13.9817258490098,1166.86098654709,6.6757735426009,40.5381165919283,1.49571422881143,91.00472087778
544,Climb,156.8,750.143884006931,-209.066666666667,86.767799261301,14.0252903104718,1171.9865470852,6.71635089686099,40.6165919282511,1.49571422881143,90.9611653222244
545,Climb,156.8,750.12494350825,-209.066666666667,86.726251643834,14.0688536719819,1177.11210762332,6.7570067264574,40.695067264574,1.49571422881143,90.9176097666689
546,Climb,156.8,750.106003309562,-209.066666666667,86.6847040263671,14.1124159335488,1182.23766816144,6.79774103139013,40.7735426008969,1.49571422881143,90.8740542111133
547,Climb,156.8,750.087067241062,-209.066666666667,86.6431564089001,14.1559770953011,1187.36322869955,6.83855381165919,40.8520179372197,1.49571422881143,90.8304986555578
548,Climb,156.8,750.068131172562,-209.066666666667,86.6016087914331,14.1995371573587,1192.48878923767,6.87944506726457,40.9304932735426,1.49571422881143,90.7869431000022
549,Climb,156.8,750.049195104063,-209.066666666667,86.5600611739661,14.2430961197217,1197.61434977578,6.92041479820628,41.0089686098655,1.49571422881143,90.7433875444467
550,Climb,156.8,750.030259035563,-209.066666666667,86.5185135564991,14.28665398239,1202.7399103139,6.9614630044843,41.0874439461883,1.49571422881143,90.6998319888911
551,Climb,156.8,750.011322967064,-209.066666666667,86.4769659390321,14.3302107453637,1207.86547085202,7.00258968609865,41.1659192825112,1.49571422881143,90.6562764333356
552,Climb,156.8,749.992386898564,-209.066666666667,86.4354183215652,14.3737664086428,1212.99103139013,7.04379484304933,41.2443946188341,1.49571422881143,90.61272087778
553,Climb,156.8,749.973450830064,-209.066666666667,86.3938707040982,14.4173209722272,1218.11659192825,7.08507847533632,41.3228699551569,1.49571422881143,90.5691653222245
554,Climb,156.8,749.954514761565,-209.066666666667,86.3523230866312,14.460874436117,1223.24215246637,7.12644058295964,41.4013452914798,1.49571422881143,90.5256097666689
555,Climb,156.8,749.935578693065,-209.066666666667,86.3107754691642,14.5044268003121,1228.36771300448,7.16788116591928,41.4798206278027,1.49571422881143,90.4820542111133
556,Climb,156.8,749.916643553425,-209.066666666667,86.2692278516972,14.5479780648396,1233.4932735426,7.20940022421525,41.5582959641256,1.49571422881143,90.4384986555578
557,Climb,156.8,749.89772120202,-209.066666666667,86.2276802342302,14.5915282300977,1238.61883408072,7.25099775784753,41.6367713004484,1.49571422881143,90.3949431000022
558,Climb,156.8,749.878798850615,-209.066666666667,86.1861326167632,14.6350772964577,1243.74439461883,7.29267376681614,41.7152466367713,1.49571422881143,90.3513875444467
559,Climb,156.8,749.85987649921,-209.066666666667,86.1445849992963,14.6786252639197,1248.86995515695,7.33442825112108,41.7937219730942,1.49571422881143,90.3078319888911
560,Climb,156.8,749.840954147806,-209.066666666667,86.1030373818293,14.7221721324837,1253.99551569507,7.37626121076233,41.872197309417,1.49571422881143,90.2642764333356
561,Climb,156.8,749.822031796401,-209.066666666667,86.0614897643623,14.7657179021496,1259.12107623318,7.41817264573991,41.9506726457399,1.49571422881143,90.22072087778
562,Climb,156.8,749.803109444996,-209.066666666667,86.0199421468953,14.8092625729175,1264.2466367713,7.46016255605381,42.0291479820628,1.49571422881143,90.1771653222245
563,Climb,156.8,749.784187093591,-209.066666666667,85.9783945294283,14.8528061447874,1269.37219730942,7.50223094170404,42.1076233183856,1.49571422881143,90.1336097666689
564,Climb,156.8,749.765264742186,-209.066666666667,85.9368469119613,14.8963486177592,1274.49775784753,7.54437780269058,42.1860986547085,1.49571422881143,90.0900542111133
565,Climb,156.8,749.746342390781,-209.066666666667,85.8952992944944,14.939889991833,1279.62331838565,7.58660313901345,42.2645739910314,1.49571422881143,90.0464986555578
566,Climb,156.8,749.727414186932,-209.066666666667,85.8537516770274,14.9834302668388,1284.74887892377,7.62890695067265,42.3430493273543,1.49571422881143,90.0029431000022
567,Climb,156.8,749.708405408528,-209.066666666667,85.8122040595604,15.0269694402671,1289.87443946188,7.67128923766816,42.4215246636771,1.49571422881143,89.9593875444467
568,Climb,156.8,749.689396630123,-209.066666666667,85.7706564420934,15.0705075097781,1295,7.71375,42.5,1.49571422881143,89.9158319888911
569,Climb,156.8,749.670387851719,-209.066666666667,85.7291088246264,15.1140444753719,1300.12556053812,7.75628923766816,42.5784753363229,1.49571422881143,89.8722764333356
570,Climb,156.8,749.651379073315,-209.066666666667,85.6875612071594,15.1575803370486,1305.25112107623,7.79890695067265,42.6569506726457,1.49571422881143,89.82872087778
571,Climb,156.8,749.632370294911,-209.066666666667,85.6460135896924,15.201115094808,1310.37668161435,7.84160313901345,42.7354260089686,1.49571422881143,89.7851653222244
572,Climb,156.8,749.613361516507,-209.066666666667,85.6044659722255,15.2446487486502,1315.50224215247,7.88437780269058,42.8139013452915,1.49571422881143,89.7416097666689
573,Climb,156.8,749.594352738102,-209.066666666667,85.5629183547585,15.2881812985753,1320.62780269058,7.92723094170404,42.8923766816144,1.49571422881143,89.6980542111134
574,Climb,156.8,749.575343959698,-209.066666666667,85.5213707372915,15.3317127445831,1325.7533632287,7.97016255605381,42.9708520179372,1.49571422881143,89.6544986555578
575,Climb,156.8,749.556335181294,-209.066666666667,85.4798231198245,15.3752430866737,1330.87892376682,8.01317264573991,43.0493273542601,1.49571422881143,89.6109431000022
576,Climb,156.8,749.537289640668,-209.066666666667,85.4382755023575,15.4187723237796,1336.00448430493,8.05626121076233,43.127802690583,1.49571422881143,89.5673875444467
577,Climb,156.8,749.517737969721,-209.066666666667,85.3967278848905,15.4623004401369,1341.13004484305,8.09942825112108,43.2062780269058,1.49571422881143,89.5238319888911
578,Climb,156.8,749.498186298774,-209.066666666667,85.3551802674236,15.505827421049,1346.25560538117,8.14267376681614,43.2847533632287,1.49571422881143,89.4802764333356
579,Climb,156.8,749.478634627827,-209.066666666667,85.3136326499566,15.5493532665159,1351.38116591928,8.18599775784753,43.3632286995516,1.49571422881143,89.43672087778
580,Climb,156.8,749.45908295688,-209.066666666667,85.2720850324896,15.5928779765376,1356.5067264574,8.22940022421525,43.4417040358744,1.49571422881143,89.3931653222245
581,Climb,156.8,749.439531285933,-209.066666666667,85.2305374150226,15.6364015511142,1361.63228699552,8.27288116591928,43.5201793721973,1.49571422881143,89.3496097666689
582,Climb,156.8,749.419979614986,-209.066666666667,85.1889897975556,15.6799239902455,1366.75784753363,8.31644058295964,43.5986547085202,1.49571422881143,89.3060542111133
583,Climb,156.8,749.400427944039,-209.066666666667,85.1474421800886,15.7234452939317,1371.88340807175,8.36007847533632,43.6771300448431,1.49571422881143,89.2624986555578
584,Climb,156.8,749.380876273092,-209.066666666667,85.1058945626217,15.7669654621726,1377.00896860987,8.40379484304933,43.7556053811659,1.49571422881143,89.2189431000022
585,Climb,156.8,749.361324602145,-209.066666666667,85.0643469451547,15.8104844949684,1382.13452914798,8.44758968609866,43.8340807174888,1.49571422881143,89.1753875444467
586,Climb,156.8,749.341340838912,-209.066666666667,85.0227993276877,15.8540023797723,1387.2600896861,8.49146300448431,43.9125560538117,1.49571422881143,89.1318319888911
587,Climb,156.8,749.315408169448,-209.066666666667,84.9812517102207,15.8975189312991,1392.38565022422,8.53541479820628,43.9910313901345,1.49571422881143,89.0882764333356
588,Climb,156.8,749.289475499985,-209.066666666667,84.9397040927537,15.9410339768101,1397.51121076233,8.57944506726457,44.0695067264574,1.49571422881143,89.04472087778
589,Climb,156.8,749.263542830521,-209.066666666667,84.8981564752867,15.9845475163053,1402.63677130045,8.62355381165919,44.1479820627803,1.49571422881143,89.0011653222245
590,Climb,156.8,749.237610161058,-209.066666666667,84.8566088578198,16.0280595497848,1407.76233183857,8.66774103139013,44.2264573991031,1.49571422881143,88.9576097666689
591,Climb,156.8,749.211677491594,-209.066666666667,84.8150612403528,16.0715700772485,1412.88789237668,8.7120067264574,44.304932735426,1.49571422881143,88.9140542111134
592,Climb,156.8,749.18574482213,-209.066666666667,84.7735136228858,16.1150790986964,1418.0134529148,8.75635089686099,44.3834080717489,1.49571422881143,88.8704986555578
593,Climb,156.8,749.159812152667,-209.066666666667,84.7319660054188,16.1585866141286,1423.13901345291,8.8007735426009,44.4618834080717,1.49571422881143,88.8269431000022
594,Climb,156.8,749.133879483203,-209.066666666667,84.6904183879518,16.2020926235449,1428.26457399103,8.84527466367713,44.5403587443946,1.49571422881143,88.7833875444467
595,Climb,156.8,749.10794681374,-209.066666666667,84.6488707704848,16.2455971269456,1433.39013452915,8.88985426008968,44.6188340807175,1.49571422881143,88.7398319888911
596,Climb,156.8,749.081972131226,-209.066666666667,84.6073231530179,16.2891001231105,1438.51569506726,8.93451233183857,44.6973094170404,1.49571422881143,88.6962764333356
597,Climb,156.8,749.055419026684,-209.066666666667,84.5657755355509,16.3326015940241,1443.64125560538,8.97924887892377,44.7757847533632,1.49571422881143,88.65272087778
598,Climb,156.8,749.028865922143,-209.066666666667,84.5242279180839,16.3761015228908,1448.7668161435,9.02406390134529,44.8542600896861,1.49571422881143,88.6091653222245
599,Climb,156.8,749.002312817601,-209.066666666667,84.4826803006169,16.4195999097105,1453.89237668161,9.06895739910314,44.932735426009,1.49571422881143,88.5656097666689
600,Climb,156.8,748.97575971306,-209.066666666667,84.4411326831499,16.4630967544832,1459.01793721973,9.11392937219731,45.0112107623318,1.49571422881143,88.5220542111134
601,Climb,156.8,748.949206608518,-209.066666666667,84.3995850656829,16.506592057209,1464.14349775785,9.1589798206278,45.0896860986547,1.49571422881143,88.4784986555578
602,Climb,156.8,748.922653503977,-209.066666666667,84.358037448216,16.5500858178878,1469.26905829596,9.20410874439462,45.1681614349776,1.49571422881143,88.4349431000022
603,Climb,156.8,748.896100399435,-209.066666666667,84.316489830749,16.5935780365197,1474.39461883408,9.24931614349776,45.2466367713004,1.49571422881143,88.3913875444467
604,Climb,156.8,748.869547294894,-209.066666666667,84.274942213282,16.6370687131046,1479.5201793722,9.29460201793722,45.3251121076233,1.49571422881143,88.3478319888911
605,Climb,156.8,748.842994190352,-209.066666666667,84.233394595815,16.6805578476425,1484.64573991031,9.33996636771301,45.4035874439462,1.49571422881143,88.3042764333356
606,Climb,156.8,748.816435579644,-209.066666666667,84.191846978348,16.7240454399736,1489.77130044843,9.38540919282511,45.4820627802691,1.49571422881143,88.26072087778
607,Climb,156.8,748.789801161822,-209.066666666667,84.150299360881,16.7675314877368,1494.89686098655,9.43093049327354,45.5605381165919,1.49571422881143,88.2171653222245
608,Climb,156.8,748.763166744001,-209.066666666667,84.108751743414,16.8110159887308,1500.02242152466,9.4765302690583,45.6390134529148,1.49571422881143,88.1736097666689
609,Climb,156.8,748.736532326179,-209.066666666667,84.0672041259471,16.8544989429556,1505.14798206278,9.52220852017937,45.7174887892377,1.49571422881143,88.1300542111134
610,Climb,156.8,748.709897908357,-209.066666666667,84.0256565084801,16.8979803504113,1510.2735426009,9.56796524663677,45.7959641255605,1.49571422881143,88.0864986555578
611,Climb,156.8,748.683263490535,-209.066666666667,83.9841088910131,16.9414602110979,1515.39910313901,9.61380044843049,45.8744394618834,1.49571422881143,88.0429431000022
612,Climb,156.8,748.656629072713,-209.066666666667,83.9425612735461,16.9849385250153,1520.52466367713,9.65971412556054,45.9529147982063,1.49571422881143,87.9993875444467
613,Climb,156.8,748.629994654892,-209.066666666667,83.9010136560791,17.0284152921635,1525.65022421525,9.70570627802691,46.0313901345291,1.49571422881143,87.9558319888911
614,Climb,156.8,748.60336023707,-209.066666666667,83.8594660386121,17.0718905125426,1530.77578475336,9.7517769058296,46.109865470852,1.49571422881143,87.9122764333356
615,Climb,156.8,748.576725819248,-209.066666666667,83.8179184211452,17.1153641861525,1535.90134529148,9.79792600896861,46.1883408071749,1.49571422881143,87.86872087778
616,Climb,156.8,748.549975790798,-209.066666666667,83.7763708036782,17.1588363096363,1541.0269058296,9.84415358744395,46.2668161434978,1.49571422881143,87.8251653222245
617,Climb,156.8,748.521634072783,-209.066666666667,83.7348231862112,17.202306833419,1546.15246636771,9.8904596412556,46.3452914798206,1.49571422881143,87.7816097666689
618,Climb,156.8,748.493292354767,-209.066666666667,83.6932755687442,17.2457757112827,1551.27802690583,9.93684417040359,46.4237668161435,1.49571422881143,87.7380542111134
619,Climb,156.8,748.464950636752,-209.066666666667,83.6517279512772,17.2892429432273,1556.40358744395,9.98330717488789,46.5022421524664,1.49571422881143,87.6944986555578
620,Climb,156.8,748.436608918736,-209.066666666667,83.6101803338102,17.332708529253,1561.52914798206,10.0298486547085,46.5807174887892,1.49571422881143,87.6509431000022
621,Climb,156.8,748.408267200721,-209.066666666667,83.5686327163432,17.3761724693595,1566.65470852018,10.0764686098655,46.6591928251121,1.49571422881143,87.6073875444467
622,Climb,156.8,748.379925482705,-209.066666666667,83.5270850988763,17.4196347635471,1571.7802690583,10.1231670403587,46.737668161435,1.49571422881143,87.5638319888911
623,Climb,156.8,748.35158376469,-209.066666666667,83.4855374814093,17.4630954118156,1576.90582959641,10.1699439461883,46.8161434977578,1.49571422881143,87.5202764333356
624,Climb,156.8,748.323242046674,-209.066666666667,83.4439898639423,17.5065544141651,1582.03139013453,10.2167993273543,46.8946188340807,1.49571422881143,87.47672087778
625,Climb,156.8,748.294900328659,-209.066666666667,83.4024422464753,17.5500117705955,1587.15695067265,10.2637331838565,46.9730941704036,1.49571422881143,87.4331653222245
626,Climb,156.8,748.266265835657,-209.066666666667,83.3608946290083,17.5934674726056,1592.28251121076,10.3107455156951,47.0515695067265,1.49571422881143,87.3896097666689
627,Climb,156.8,748.233600511765,-209.066666666667,83.3193470115413,17.6369213946507,1597.40807174888,10.35783632287,47.1300448430493,1.49571422881143,87.3460542111134
628,Climb,156.8,748.200935187872,-209.066666666667,83.2777993940744,17.6803734196873,1602.533632287,10.4050056053812,47.2085201793722,1.49571422881143,87.3024986555578
629,Climb,156.8,748.168269863979,-209.066666666667,83.2362517766074,17.7238235477155,1607.65919282511,10.4522533632287,47.2869955156951,1.49571422881143,87.2589431000022
630,Climb,156.8,748.135604540087,-209.066666666667,83.1947041591404,17.7672717787352,1612.78475336323,10.4995795964126,47.3654708520179,1.49571422881143,87.2153875444467
631,Climb,156.8,748.102939216194,-209.066666666667,83.1531565416734,17.8107181127465,1617.91031390135,10.5469843049327,47.4439461883408,1.49571422881143,87.1718319888911
632,Climb,156.8,748.070273892302,-209.066666666667,83.1116089242064,17.8541625497494,1623.03587443946,10.5944674887892,47.5224215246637,1.49571422881143,87.1282764333356
633,Climb,156.8,748.037608568409,-209.066666666667,83.0700613067394,17.8976050897438,1628.16143497758,10.6420291479821,47.6008968609865,1.49571422881143,87.08472087778
634,Climb,156.8,748.004943244517,-209.066666666667,83.0285136892725,17.9410457327298,1633.2869955157,10.6896692825112,47.6793721973094,1.49571422881143,87.0411653222245
635,Climb,156.8,747.972277920624,-209.066666666667,82.9869660718055,17.9844844787073,1638.41255605381,10.7373878923767,47.7578475336323,1.49571422881143,86.9976097666689
636,Climb,156.8,747.939341329643,-209.066666666667,82.9454184543385,18.0279213197996,1643.53811659193,10.7851849775785,47.8363228699552,1.49571422881143,86.9540542111134
637,Climb,156.8,747.902670021507,-209.066666666667,82.9038708368715,18.0713561396848,1648.66367713004,10.8330605381166,47.914798206278,1.49571422881143,86.9104986555578
638,Climb,156.8,747.865998713371,-209.066666666667,82.8623232194045,18.1147888299176,1653.78923766816,10.881014573991,47.9932735426009,1.49571422881143,86.8669431000022
639,Climb,156.8,747.829327405235,-209.066666666667,82.8207756019375,18.1582193904983,1658.91479820628,10.9290470852018,48.0717488789238,1.49571422881143,86.8233875444467
640,Climb,156.8,747.792656097099,-209.066666666667,82.7792279844706,18.2016478214266,1664.04035874439,10.9771580717489,48.1502242152466,1.49571422881143,86.7798319888911
641,Climb,156.8,747.755984788963,-209.066666666667,82.7376803670036,18.2450741227027,1669.16591928251,11.0253475336323,48.2286995515695,1.49571422881143,86.7362764333356
642,Climb,156.8,747.719313480827,-209.066666666667,82.6961327495366,18.2884982943266,1674.29147982063,11.073615470852,48.3071748878924,1.49571422881143,86.69272087778
643,Climb,156.8,747.682642172691,-209.066666666667,82.6545851320696,18.3319203362981,1679.41704035874,11.1219618834081,48.3856502242152,1.49571422881143,86.6491653222245
644,Climb,156.8,747.645970864555,-209.066666666667,82.6130375146026,18.3753402486174,1684.54260089686,11.1703867713004,48.4641255605381,1.49571422881143,86.6056097666689
645,Climb,156.8,747.609299556419,-209.066666666667,82.5714898971356,18.4187580312845,1689.66816143498,11.2188901345291,48.542600896861,1.49571422881143,86.5620542111133
646,Climb,156.8,747.572547369332,-209.066666666667,82.5299422796687,18.4621736819508,1694.79372197309,11.2674719730942,48.6210762331839,1.49571422881143,86.5184986555578
647,Climb,156.8,747.53468166712,-209.066666666667,82.4883946622017,18.5055871659346,1699.91928251121,11.3161322869955,48.6995515695067,1.49571422881143,86.4749431000022
648,Climb,156.8,747.496815964908,-209.066666666667,82.4468470447347,18.5489984509029,1705.04484304933,11.3648710762332,48.7780269058296,1.49571422881143,86.4313875444467
649,Climb,156.8,747.458950262696,-209.066666666667,82.4052994272677,18.5924075368556,1710.17040358744,11.4136883408072,48.8565022421525,1.49571422881143,86.3878319888911
650,Climb,156.8,747.421084560484,-209.066666666667,82.3637518098007,18.6358144237927,1715.29596412556,11.4625840807175,48.9349775784753,1.49571422881143,86.3442764333356
651,Climb,156.8,747.383218858272,-209.066666666667,82.3222041923337,18.6792191117142,1720.42152466368,11.5115582959641,49.0134529147982,1.49571422881143,86.30072087778
652,Climb,156.8,747.34535315606,-209.066666666667,82.2806565748668,18.7226216006201,1725.54708520179,11.5606109865471,49.0919282511211,1.49571422881143,86.2571653222245
653,Climb,156.8,747.307487453848,-209.066666666667,82.2391089573998,18.7660218905104,1730.67264573991,11.6097421524664,49.1704035874439,1.49571422881143,86.2136097666689
654,Climb,156.8,747.269621751636,-209.066666666667,82.1975613399328,18.8094199813851,1735.79820627803,11.658951793722,49.2488789237668,1.49571422881143,86.1700542111134
655,Climb,156.8,747.231756049424,-209.066666666667,82.1560137224658,18.8528158732442,1740.92376681614,11.7082399103139,49.3273542600897,1.49571422881143,86.1264986555578
656,Climb,156.8,747.193857806874,-209.066666666667,82.1144661049988,18.8962095651428,1746.04932735426,11.7576065022422,49.4058295964126,1.49571422881143,86.0829431000023
657,Climb,156.8,747.155511559525,-209.066666666667,82.0729184875318,18.9396010431274,1751.17488789238,11.8070515695067,49.4843049327354,1.49571422881143,86.0393875444467
658,Climb,156.8,747.117165312176,-209.066666666667,82.0313708700648,18.9829902941892,1756.30044843049,11.8565751121076,49.5627802690583,1.49571422881143,85.9958319888912
659,Climb,156.8,747.078819064826,-209.066666666667,81.9898232525979,19.0263773183281,1761.42600896861,11.9061771300448,49.6412556053812,1.49571422881143,85.9522764333356
660,Climb,156.8,747.040472817476,-209.066666666667,81.9482756351309,19.0697621155443,1766.55156950673,11.9558576233184,49.719730941704,1.49571422881143,85.90872087778
661,Climb,156.8,747.002126570127,-209.066666666667,81.9067280176639,19.1131446858376,1771.67713004484,12.0056165919283,49.7982062780269,1.49571422881143,85.8651653222245
662,Climb,156.8,746.963780322777,-209.066666666667,81.8651804001969,19.1565250292081,1776.80269058296,12.0554540358744,49.8766816143498,1.49571422881143,85.8216097666689
663,Climb,156.8,746.925434075428,-209.066666666667,81.8236327827299,19.1999031456558,1781.92825112108,12.105369955157,49.9551569506726,1.49571422881143,85.7780542111134
664,Climb,156.8,746.887087828078,-209.066666666667,81.7820851652629,19.2432790351807,1787.05381165919,12.1553643497758,50.0336322869955,1.49571422881143,85.7344986555578
665,Climb,156.8,746.848741580729,-209.066666666667,81.740537547796,19.2866526977828,1792.17937219731,12.2054372197309,50.1121076233184,1.49571422881143,85.6909431000022
666,Climb,156.8,746.810381599955,-209.066666666667,81.698989930329,19.3300241330633,1797.30493273543,12.2555885650224,50.1905829596413,1.49571422881143,85.6473875444467
667,Climb,156.8,746.771832541861,-209.066666666667,81.657442312862,19.3733933351332,1802.43049327354,12.3058183856502,50.2690582959641,1.49571422881143,85.6038319888911
668,Climb,156.8,746.733283483767,-209.066666666667,81.615894695395,19.4167602985023,1807.55605381166,12.3561266816143,50.347533632287,1.49571422881143,85.5602764333356
669,Climb,156.8,746.694734425673,-209.066666666667,81.574347077928,19.4601250231704,1812.68161434978,12.4065134529148,50.4260089686099,1.49571422881143,85.51672087778
670,Climb,156.8,746.656185367579,-209.066666666667,81.532799460461,19.5034875091378,1817.80717488789,12.4569786995516,50.5044843049327,1.49571422881143,85.4731653222245
671,Climb,156.8,746.617636309485,-209.066666666667,81.491251842994,19.5468477564042,1822.93273542601,12.5075224215247,50.5829596412556,1.49571422881143,85.4296097666689
672,Climb,156.8,746.579087251391,-209.066666666667,81.4497042255271,19.5902057649699,1828.05829596413,12.5581446188341,50.6614349775785,1.49571422881143,85.3860542111134
673,Climb,156.8,746.540538193297,-209.066666666667,81.4081566080601,19.6335615348346,1833.18385650224,12.6088452914798,50.7399103139013,1.49571422881143,85.3424986555578
674,Climb,156.8,746.501989135204,-209.066666666667,81.3666089905931,19.6769150659985,1838.30941704036,12.6596244394619,50.8183856502242,1.49571422881143,85.2989431000023
675,Climb,156.8,746.463440077109,-209.066666666667,81.3250613731261,19.7202663584616,1843.43497757848,12.7104820627803,50.8968609865471,1.49571422881143,85.2553875444467
676,Climb,156.8,746.424886590496,-209.066666666667,81.2835137556591,19.7636154120952,1848.56053811659,12.761418161435,50.97533632287,1.49571422881143,85.2118319888911
677,Climb,156.8,746.386272133463,-209.066666666667,81.2419661381921,19.8069622250004,1853.68609865471,12.812432735426,51.0538116591928,1.49571422881143,85.1682764333356
678,Climb,156.8,746.34765767643,-209.066666666667,81.2004185207252,19.8503067954067,1858.81165919283,12.8635257847534,51.1322869955157,1.49571422881143,85.12472087778
679,Climb,156.8,746.309043219397,-209.066666666667,81.1588709032582,19.8936491233142,1863.93721973094,12.914697309417,51.2107623318386,1.49571422881143,85.0811653222245
680,Climb,156.8,746.270428762364,-209.066666666667,81.1173232857912,19.9369892087228,1869.06278026906,12.965947309417,51.2892376681614,1.49571422881143,85.0376097666689
681,Climb,156.8,746.231814305331,-209.066666666667,81.0757756683242,19.9803270516327,1874.18834080717,13.0172757847534,51.3677130044843,1.49571422881143,84.9940542111134
682,Climb,156.8,746.193199848298,-209.066666666667,81.0342280508572,20.0236626520436,1879.31390134529,13.068682735426,51.4461883408072,1.49571422881143,84.9504986555578
683,Climb,156.8,746.154585391265,-209.066666666667,80.9926804333902,20.0669960099558,1884.43946188341,13.120168161435,51.52466367713,1.49571422881143,84.9069431000023
684,Climb,156.8,746.115970934231,-209.066666666667,80.9511328159233,20.1103271253691,1889.56502242152,13.1717320627803,51.6031390134529,1.49571422881143,84.8633875444467
685,Climb,156.8,746.077356477198,-209.066666666667,80.9095851984563,20.1536559982836,1894.69058295964,13.2233744394619,51.6816143497758,1.49571422881143,84.8198319888912
686,Climb,156.8,746.038696401135,-209.066666666667,80.8680375809893,20.1969826273745,1899.81614349776,13.2750952914798,51.7600896860987,1.49571422881143,84.7762764333356
687,Climb,156.8,745.999408257085,-209.066666666667,80.8264899635223,20.2403069930802,1904.94170403587,13.3268946188341,51.8385650224215,1.49571422881143,84.73272087778
688,Climb,156.8,745.960120113036,-209.066666666667,80.7849423460553,20.2836290771632,1910.06726457399,13.3787724215247,51.9170403587444,1.49571422881143,84.6891653222245
689,Climb,156.8,745.920831968986,-209.066666666667,80.7433947285883,20.3269488796237,1915.19282511211,13.4307286995516,51.9955156950673,1.49571422881143,84.6456097666689
690,Climb,156.8,745.881543824936,-209.066666666667,80.7018471111214,20.3702664004615,1920.31838565022,13.4827634529148,52.0739910313901,1.49571422881143,84.6020542111134
691,Climb,156.8,745.842255680886,-209.066666666667,80.6602994936544,20.4135816396768,1925.44394618834,13.5348766816143,52.152466367713,1.49571422881143,84.5584986555578
692,Climb,156.8,745.802967536836,-209.066666666667,80.6187518761874,20.4568945972695,1930.56950672646,13.5870683856502,52.2309417040359,1.49571422881143,84.5149431000023
693,Climb,156.8,745.763679392787,-209.066666666667,80.5772042587204,20.5002052732396,1935.69506726457,13.6393385650224,52.3094170403587,1.49571422881143,84.4713875444467
694,Climb,156.8,745.724391248737,-209.066666666667,80.5356566412534,20.5435136675871,1940.82062780269,13.6916872197309,52.3878923766816,1.49571422881143,84.4278319888912
695,Climb,156.8,745.685103104687,-209.066666666667,80.4941090237864,20.5868197803121,1945.94618834081,13.7441143497758,52.4663677130045,1.49571422881143,84.3842764333356
696,Climb,156.8,745.645450006189,-209.066666666667,80.4525614063194,20.6301236008172,1951.07174887892,13.796619955157,52.5448430493274,1.49571422881143,84.34072087778
697,Climb,156.8,745.600772333419,-209.066666666667,80.4110137888525,20.6734249726066,1956.19730941704,13.8492040358744,52.6233183856502,1.49571422881143,84.2971653222245
698,Climb,156.8,745.556094660649,-209.066666666667,80.3694661713855,20.7167237497816,1961.32286995516,13.9018665919283,52.7017937219731,1.49571422881143,84.2536097666689
699,Climb,156.8,745.511416987878,-209.066666666667,80.3279185539185,20.760019932342,1966.44843049327,13.9546076233184,52.780269058296,1.49571422881143,84.2100542111134
700,Climb,156.8,745.466739315108,-209.066666666667,80.2863709364515,20.803313520288,1971.57399103139,14.0074271300448,52.8587443946188,1.49571422881143,84.1664986555578
701,Climb,156.8,745.422061642337,-209.066666666667,80.2448233189845,20.8466045136195,1976.69955156951,14.0603251121076,52.9372197309417,1.49571422881143,84.1229431000023
702,Climb,156.8,745.377383969567,-209.066666666667,80.2032757015176,20.8898929123365,1981.82511210762,14.1133015695067,53.0156950672646,1.49571422881143,84.0793875444467
703,Climb,156.8,745.332706296797,-209.066666666667,80.1617280840506,20.9331787164391,1986.95067264574,14.1663565022422,53.0941704035874,1.49571422881143,84.0358319888911
704,Climb,156.8,745.288028624026,-209.066666666667,80.1201804665836,20.9764619259272,1992.07623318386,14.2194899103139,53.1726457399103,1.49571422881143,83.9922764333356
705,Climb,156.8,745.243350951256,-209.066666666667,80.0786328491166,21.0197425408007,1997.20179372197,14.272701793722,53.2511210762332,1.49571422881143,83.94872087778
706,Climb,156.8,745.19468465786,-209.066666666667,80.0370852316496,21.0630204452421,2002.32735426009,14.3259921524664,53.3295964125561,1.49571422881143,83.9051653222245
707,Climb,156.8,745.091104331493,-209.066666666667,79.9955376141826,21.1062939288928,2007.45291479821,14.3793609865471,53.4080717488789,1.49571422881143,83.8616097666689
708,Climb,156.8,744.987524005127,-209.066666666667,79.9539899967156,21.1495613972119,2012.57847533632,14.4328082959641,53.4865470852018,1.49571422881143,83.8180542111134
709,Climb,156.8,744.88394367876,-209.066666666667,79.9124423792487,21.1928228501995,2017.70403587444,14.4863340807175,53.5650224215247,1.49571422881143,83.7744986555578
710,Climb,156.8,744.780363352394,-209.066666666667,79.8708947617817,21.2360782878555,2022.82959641256,14.5399383408072,53.6434977578475,1.49571422881143,83.7309431000023
711,Climb,156.8,744.676783026028,-209.066666666667,79.8293471443147,21.2793277101799,2027.95515695067,14.5936210762332,53.7219730941704,1.49571422881143,83.6873875444467
712,Climb,156.8,744.573202699661,-209.066666666667,79.7877995268477,21.3225711171729,2033.08071748879,14.6473822869955,53.8004484304933,1.49571422881143,83.6438319888912
713,Climb,156.8,744.469622373295,-209.066666666667,79.7462519093807,21.3658085088342,2038.20627802691,14.7012219730942,53.8789237668161,1.49571422881143,83.6002764333356
714,Climb,156.8,744.366042046928,-209.066666666667,79.7047042919137,21.4090398851641,2043.33183856502,14.7551401345291,53.957399103139,1.49571422881143,83.55672087778
715,Climb,156.8,744.262461720562,-209.066666666667,79.6631566744468,21.4522652461624,2048.45739910314,14.8091367713004,54.0358744394619,1.49571422881143,83.5131653222245
716,Climb,156.8,744.158297295034,-209.066666666667,79.6216090569798,21.4954845748686,2053.58295964126,14.8632118834081,54.1143497757848,1.49571422881143,83.4696097666689
717,Climb,156.8,744.046091182017,-209.066666666667,79.5800614395128,21.5386976208155,2058.70852017937,14.917365470852,54.1928251121076,1.49571422881143,83.4260542111134
718,Climb,156.8,743.933885069,-209.066666666667,79.5385138220458,21.5819041504963,2063.83408071749,14.9715975336323,54.2713004484305,1.49571422881143,83.3824986555578
719,Climb,156.8,743.821678955983,-209.066666666667,79.4969662045788,21.6251041639109,2068.95964125561,15.0259080717489,54.3497757847534,1.49571422881143,83.3389431000023
720,Climb,156.8,743.709472842966,-209.066666666667,79.4554185871118,21.6682976610594,2074.08520179372,15.0802970852018,54.4282511210762,1.49571422881143,83.2953875444467
721,Climb,156.8,743.597266729948,-209.066666666667,79.4138709696448,21.7114846419419,2079.21076233184,15.134764573991,54.5067264573991,1.49571422881143,83.2518319888912
722,Climb,156.8,743.485060616931,-209.066666666667,79.3723233521779,21.7546651065581,2084.33632286996,15.1893105381166,54.585201793722,1.49571422881143,83.2082764333356
723,Climb,156.8,743.372854503914,-209.066666666667,79.3307757347109,21.7978390549083,2089.46188340807,15.2439349775785,54.6636771300448,1.49571422881143,83.16472087778
724,Climb,156.8,743.260648390896,-209.066666666667,79.2892281172439,21.8410064869924,2094.58744394619,15.2986378923767,54.7421524663677,1.49571422881143,83.1211653222245
725,Climb,156.8,743.148442277879,-209.066666666667,79.2476804997769,21.8841674028103,2099.71300448431,15.3534192825112,54.8206278026906,1.49571422881143,83.0776097666689
726,Climb,156.8,743.036162932913,-209.066666666667,79.2061328823099,21.9273218002357,2104.83856502242,15.4082791479821,54.8991031390135,1.49571422881143,83.0340542111134
727,Climb,156.8,742.922875354258,-209.066666666667,79.1645852648429,21.970469647866,2109.96412556054,15.4632174887892,54.9775784753363,1.49571422881143,82.9904986555578
728,Climb,156.8,742.809587775604,-209.066666666667,79.123037647376,22.013610916425,2115.08968609865,15.5182343049327,55.0560538116592,1.49571422881143,82.9469431000023
729,Climb,156.8,742.69630019695,-209.066666666667,79.081490029909,22.0567456059128,2120.21524663677,15.5733295964126,55.1345291479821,1.49571422881143,82.9033875444467
730,Climb,156.8,742.583012618296,-209.066666666667,79.039942412442,22.0998737163293,2125.34080717489,15.6285033632287,55.2130044843049,1.49571422881143,82.8598319888912
731,Climb,156.8,742.469725039642,-209.066666666667,78.998394794975,22.1429952476747,2130.466367713,15.6837556053812,55.2914798206278,1.49571422881143,82.8162764333356
732,Climb,156.8,742.356437460988,-209.066666666667,78.956847177508,22.1861101999488,2135.59192825112,15.73908632287,55.3699551569507,1.49571422881143,82.77272087778
733,Climb,156.8,742.243149882334,-209.066666666667,78.915299560041,22.2292185731516,2140.71748878924,15.7944955156951,55.4484304932735,1.49571422881143,82.7291653222245
734,Climb,156.8,742.129862303679,-209.066666666667,78.8737519425741,22.2723203672832,2145.84304932735,15.8499831838565,55.5269058295964,1.49571422881143,82.6856097666689
735,Climb,156.8,742.016574725025,-209.066666666667,78.8322043251071,22.3154155823436,2150.96860986547,15.9055493273543,55.6053811659193,1.49571422881143,82.6420542111134
736,Climb,156.8,741.903279879084,-209.066666666667,78.7906567076401,22.3585042181218,2156.09417040359,15.9611939461883,55.6838565022422,1.49571422881143,82.5984986555578
737,Climb,156.8,741.789884979501,-209.066666666667,78.7491090901731,22.4015862715014,2161.2197309417,16.0169170403587,55.762331838565,1.49571422881143,82.5549431000023
738,Climb,156.8,741.676490079918,-209.066666666667,78.7075614727061,22.4446617395772,2166.34529147982,16.0727186098655,55.8408071748879,1.49571422881143,82.5113875444467
739,Climb,156.8,741.563095180334,-209.066666666667,78.6660138552391,22.4877306223492,2171.47085201794,16.1285986547085,55.9192825112108,1.49571422881143,82.4678319888911
740,Climb,156.8,741.449700280751,-209.066666666667,78.6244662377722,22.5307929198174,2176.59641255605,16.1845571748879,55.9977578475336,1.49571422881143,82.4242764333356
741,Climb,156.8,741.336305381167,-209.066666666667,78.5829186203052,22.5738486319818,2181.72197309417,16.2405941704036,56.0762331838565,1.49571422881143,82.38072087778
742,Climb,156.8,741.222910481584,-209.066666666667,78.5413710028382,22.6168977588424,2186.84753363229,16.2967096412556,56.1547085201794,1.49571422881143,82.3371653222245
743,Climb,156.8,741.109515582001,-209.066666666667,78.4998233853712,22.6599403003992,2191.9730941704,16.3529035874439,56.2331838565022,1.49571422881143,82.2936097666689
744,Climb,156.8,740.996120682417,-209.066666666667,78.4582757679042,22.7029762566522,2197.09865470852,16.4091760089686,56.3116591928251,1.49571422881143,82.2500542111134
745,Climb,156.8,740.882725782834,-209.066666666667,78.4167281504372,22.7460056276014,2202.22421524664,16.4655269058296,56.390134529148,1.49571422881143,82.2064986555578
746,Climb,156.8,740.769371654369,-209.066666666667,78.3751805329703,22.7890284144307,2207.34977578475,16.5219562780269,56.4686098654709,1.49571422881143,82.1629431000023
747,Climb,156.8,740.656578849417,-209.066666666667,78.3336329155033,22.8320446346231,2212.47533632287,16.5784641255605,56.5470852017937,1.49571422881143,82.1193875444467
748,Climb,156.8,740.543786044464,-209.066666666667,78.2920852980363,22.8750543044778,2217.60089686099,16.6350504484305,56.6255605381166,1.49571422881143,82.0758319888912
749,Climb,156.8,740.430993239512,-209.066666666667,78.2505376805693,22.9180574239948,2222.7264573991,16.6917152466368,56.7040358744395,1.49571422881143,82.0322764333356
750,Climb,156.8,740.31820043456,-209.066666666667,78.2089900631023,22.9610539931741,2227.85201793722,16.7484585201794,56.7825112107623,1.49571422881143,81.98872087778
751,Climb,156.8,740.205407629608,-209.066666666667,78.1674424456353,23.0040440120156,2232.97757847534,16.8052802690583,56.8609865470852,1.49571422881143,81.9451653222245
752,Climb,156.8,740.092614824655,-209.066666666667,78.1258948281684,23.0470274805195,2238.10313901345,16.8621804932735,56.9394618834081,1.49571422881143,81.9016097666689
753,Climb,156.8,739.979822019703,-209.066666666667,78.0843472107014,23.0900043986856,2243.22869955157,16.9191591928251,57.0179372197309,1.49571422881143,81.8580542111134
754,Climb,156.8,739.867029214751,-209.066666666667,78.0427995932344,23.1329747665141,2248.35426008969,16.976216367713,57.0964125560538,1.49571422881143,81.8144986555578
755,Climb,156.8,739.754236409799,-209.066666666667,78.0012519757674,23.1759385840048,2253.4798206278,17.0333520179372,57.1748878923767,1.49571422881143,81.7709431000023
756,Climb,156.8,739.641720388269,-209.066666666667,77.9597043583004,23.2188958591948,2258.60538116592,17.0905661434978,57.2533632286995,1.49571422881143,81.7273875444467
757,Climb,156.8,739.533015030989,-209.066666666667,77.9181567408334,23.2618467107714,2263.73094170404,17.1478587443946,57.3318385650224,1.49571422881143,81.6838319888912
758,Climb,156.8,739.424309673708,-209.066666666667,77.8766091233664,23.3047912493851,2268.85650224215,17.2052298206278,57.4103139013453,1.49571422881143,81.6402764333356
759,Climb,156.8,739.315604316428,-209.066666666667,77.8350615058995,23.3477294750357,2273.98206278027,17.2626793721973,57.4887892376682,1.49571422881143,81.5967208777801
760,Climb,156.8,739.207980707761,-209.066666666667,77.7935138884325,23.3906614191342,2279.10762331839,17.3202073991031,57.567264573991,1.49571422881143,81.5531653222245
761,Climb,156.8,739.103568354323,-209.066666666667,77.7519662709655,23.4335872063366,2284.2331838565,17.3778139013453,57.6457399103139,1.49571422881143,81.5096097666689
762,Climb,156.8,738.999156000885,-209.066666666667,77.7104186534985,23.4765069298883,2289.35874439462,17.4354988789238,57.7242152466368,1.49571422881143,81.4660542111134
763,Climb,156.8,738.894743647447,-209.066666666667,77.6688710360315,23.5194205897892,2294.48430493274,17.4932623318386,57.8026905829596,1.49571422881143,81.4224986555578
764,Climb,156.8,738.792089152572,-209.066666666667,77.6273234185645,23.5623282370823,2299.60986547085,17.5511042600897,57.8811659192825,1.49571422881143,81.3789431000023
765,Climb,156.8,738.691706335571,-209.066666666667,77.5857758010976,23.6052299887735,2304.73542600897,17.6090246636771,57.9596412556054,1.49571422881143,81.3353875444467
766,Climb,156.8,738.591323518571,-209.066666666667,77.5442281836306,23.6481259108256,2309.86098654709,17.6670235426009,58.0381165919283,1.49571422881143,81.2918319888912
767,Climb,156.8,738.49094070157,-209.066666666667,77.5026805661636,23.6910160032385,2314.9865470852,17.725100896861,58.1165919282511,1.49571422881143,81.2482764333356
768,Climb,156.8,738.394995291632,-209.066666666667,77.4611329486966,23.7339003948614,2320.11210762332,17.7832567264574,58.195067264574,1.49571422881143,81.2047208777801
769,Climb,156.8,738.301763731167,-209.066666666667,77.4195853312296,23.7767792933456,2325.23766816144,17.8414910313901,58.2735426008969,1.49571422881143,81.1611653222245
770,Climb,156.8,738.208532170702,-209.066666666667,77.3780377137626,23.8196527774933,2330.36322869955,17.8998038116592,58.3520179372197,1.49571422881143,81.1176097666689
771,Climb,156.8,738.115300610237,-209.066666666667,77.3364900962956,23.8625208473044,2335.48878923767,17.9581950672646,58.4304932735426,1.49571422881143,81.0740542111134
772,Climb,156.8,738.026656111383,-209.066666666667,77.2949424788287,23.9053836359737,2340.61434977578,18.0166647982063,58.5089686098655,1.49571422881143,81.0304986555578
773,Climb,156.8,737.939813963569,-209.066666666667,77.2533948613617,23.9482413290307,2345.7399103139,18.0752130044843,58.5874439461883,1.49571422881143,80.9869431000023
774,Climb,156.8,737.852971815755,-209.066666666667,77.2118472438947,23.9910939788103,2350.86547085202,18.1338396860987,58.6659192825112,1.49571422881143,80.9433875444467
775,Climb,156.8,737.768524223715,-209.066666666667,77.1702996264277,24.0339416548435,2355.99103139013,18.1925448430493,58.7443946188341,1.49571422881143,80.8998319888912
776,Climb,156.8,737.686574841082,-209.066666666667,77.1287520089607,24.0767844992015,2361.11659192825,18.2513284753363,58.822869955157,1.49571422881143,80.8562764333356
777,Climb,156.8,737.604625458448,-209.066666666667,77.0872043914937,24.119622584425,2366.24215246637,18.3101905829596,58.9013452914798,1.49571422881143,80.81272087778
778,Climb,156.8,737.523961827569,-209.066666666667,77.0456567740268,24.1624559478484,2371.36771300448,18.3691311659193,58.9798206278027,1.49571422881143,80.7691653222245
779,Climb,156.8,737.446940605594,-209.066666666667,77.0041091565598,24.2052847325709,2376.4932735426,18.4281502242152,59.0582959641256,1.49571422881143,80.725609766669
780,Climb,156.8,737.369919383619,-209.066666666667,76.9625615390928,24.2481090443573,2381.61883408072,18.4872477578475,59.1367713004484,1.49571422881143,80.6820542111134
781,Climb,156.8,737.292898161644,-209.066666666667,76.9210139216258,24.2909288832075,2386.74439461883,18.5464237668161,59.2152466367713,1.49571422881143,80.6384986555578
782,Climb,156.8,737.21587693967,-209.066666666667,76.8794663041588,24.3337442491215,2391.86995515695,18.6056782511211,59.2937219730942,1.49571422881143,80.5949431000023
783,Climb,156.8,737.138855717695,-209.066666666667,76.8379186866918,24.3765551420994,2396.99551569507,18.6650112107623,59.372197309417,1.49571422881143,80.5513875444467
784,Climb,156.8,737.06183449572,-209.066666666667,76.7963710692249,24.4193615621412,2402.12107623318,18.7244226457399,59.4506726457399,1.49571422881143,80.5078319888912
785,Climb,156.8,736.988142281224,-209.066666666667,76.7548234517579,24.4621636059113,2407.2466367713,18.7839125560538,59.5291479820628,1.49571422881143,80.4642764333356
786,Climb,156.8,736.915190174912,-209.066666666667,76.7132758342909,24.5049613915649,2412.37219730942,18.843480941704,59.6076233183856,1.49571422881143,80.4207208777801
787,Climb,156.8,736.842470650293,-209.066666666667,76.6717282168239,24.5477549473459,2417.49775784753,18.9031278026906,59.6860986547085,1.49571422881143,80.3771653222245
788,Climb,156.8,736.770767186734,-209.066666666667,76.6301805993569,24.5905443095112,2422.62331838565,18.9628531390135,59.7645739910314,1.49571422881143,80.3336097666689
789,Climb,156.8,736.699239982814,-209.066666666667,76.5886329818899,24.6333295126823,2427.74887892377,19.0226569506726,59.8430493273543,1.49571422881143,80.2900542111134
790,Climb,156.8,736.674193282067,-209.066666666667,76.547085364423,24.6761119116334,2432.87443946188,19.0825392376682,59.9215246636771,1.49571422881143,80.2464986555578
791,Cruise,141.6,738.710377236052,-188.8,76.5075515345373,24.7168733751377,2438,19.1425,60,1.35072152295726,80.2050542111134
792,Cruise,141.6,738.855871168081,-188.8,76.4700314922329,24.7556184456515,2438,19.2025335731415,60.0671462829736,1.35072152295726,80.16572087778
793,Cruise,141.6,738.901878350275,-188.8,76.4325114499285,24.7943685377499,2438,19.2626342925659,60.1342925659472,1.35072152295726,80.1263875444467
794,Cruise,141.6,738.926434156521,-188.8,76.3949914076242,24.8331204801668,2438,19.3228021582734,60.2014388489209,1.35072152295726,80.0870542111134
795,Cruise,141.6,738.942231487764,-188.8,76.3574713653198,24.8718734807326,2438,19.3830371702638,60.2685851318945,1.35072152295726,80.0477208777801
796,Cruise,141.6,738.950760816269,-188.8,76.3199513230154,24.9106271191974,2438,19.4433393285372,60.3357314148681,1.35072152295726,80.0083875444467
797,Cruise,141.6,738.952865152053,-188.8,76.2824312807111,24.9493810365006,2438,19.5037086330935,60.4028776978417,1.35072152295726,79.9690542111134
798,Cruise,141.6,738.953264417432,-188.8,76.2449112384067,24.9881350194537,2438,19.5641450839328,60.4700239808153,1.35072152295726,79.9297208777801
799,Cruise,141.6,738.942730358304,-188.8,76.2073911961023,25.0268887366501,2438,19.6246486810551,60.537170263789,1.35072152295726,79.8903875444467
800,Cruise,141.6,738.931923974506,-188.8,76.169871153798,25.0656418942526,2438,19.6852194244604,60.6043165467626,1.35072152295726,79.8510542111134
801,Cruise,141.6,738.921117590708,-188.8,76.1323511114936,25.1043944851203,2438,19.7458573141487,60.6714628297362,1.35072152295726,79.81172087778
802,Cruise,141.6,738.898811030618,-188.8,76.0948310691892,25.143146207693,2438,19.8065623501199,60.7386091127098,1.35072152295726,79.7723875444467
803,Cruise,141.6,738.873184965554,-188.8,76.0573110268849,25.1818966733658,2438,19.8673345323741,60.8057553956835,1.35072152295726,79.7330542111134
804,Cruise,141.6,738.84755890049,-188.8,76.0197909845805,25.2206457950939,2438,19.9281738609113,60.8729016786571,1.35072152295726,79.69372087778
805,Cruise,141.6,738.821932835426,-188.8,75.9822709422761,25.2593935728772,2438,19.9890803357314,60.9400479616307,1.35072152295726,79.6543875444467
806,Cruise,141.6,738.796306770362,-188.8,75.9447508999718,25.2981400067157,2438,20.0500539568345,61.0071942446043,1.35072152295726,79.6150542111134
807,Cruise,141.6,738.768602517712,-188.8,75.9072308576674,25.3368850421148,2438,20.1110947242206,61.0743405275779,1.35072152295726,79.57572087778
808,Cruise,141.6,738.729023198998,-188.8,75.869710815363,25.3756283131892,2438,20.1722026378897,61.1414868105516,1.35072152295726,79.5363875444467
809,Cruise,141.6,738.689443880285,-188.8,75.8321907730586,25.4143695085481,2438,20.2333776978417,61.2086330935252,1.35072152295726,79.4970542111134
810,Cruise,141.6,738.649864561572,-188.8,75.7946707307543,25.4531086281917,2438,20.2946199040767,61.2757793764988,1.35072152295726,79.45772087778
811,Cruise,141.6,738.610285242858,-188.8,75.7571506884499,25.4918456721199,2438,20.3559292565947,61.3429256594724,1.35072152295726,79.4183875444467
812,Cruise,141.6,738.570705924145,-188.8,75.7196306461455,25.5305806403328,2438,20.4173057553957,61.410071942446,1.35072152295726,79.3790542111134
813,Cruise,141.6,738.52641425235,-188.8,75.6821106038412,25.5693134092618,2438,20.4787494004796,61.4772182254197,1.35072152295726,79.33972087778
814,Cruise,141.6,738.477805215727,-188.8,75.6445905615368,25.6080437421279,2438,20.5402601918465,61.5443645083933,1.35072152295726,79.3003875444467
815,Cruise,141.6,738.429196179104,-188.8,75.6070705192324,25.64677152572,2438,20.6018381294964,61.6115107913669,1.35072152295726,79.2610542111134
816,Cruise,141.6,738.380587142481,-188.8,75.5695504769281,25.6854967600382,2438,20.6634832134292,61.6786570743405,1.35072152295726,79.22172087778
817,Cruise,141.6,738.331978105858,-188.8,75.5320304346237,25.7242194450825,2438,20.7251954436451,61.7458033573142,1.35072152295726,79.1823875444467
818,Cruise,141.6,738.283369069235,-188.8,75.4945103923193,25.7629395808529,2438,20.7869748201439,61.8129496402878,1.35072152295726,79.1430542111134
819,Cruise,141.6,738.225698684435,-188.8,75.4569903500149,25.8016569297406,2438,20.8488213429257,61.8800959232614,1.35072152295726,79.10372087778
820,Cruise,141.6,738.166963017202,-188.8,75.4194703077106,25.840371226203,2438,20.9107350119904,61.947242206235,1.35072152295726,79.0643875444467
821,Cruise,141.6,738.108227349969,-188.8,75.3819502654062,25.879082442306,2438,20.9727158273381,62.0143884892086,1.35072152295726,79.0250542111134
822,Cruise,141.6,738.049491682735,-188.8,75.3444302231018,25.9177905780495,2438,21.0347637889688,62.0815347721823,1.35072152295726,78.98572087778
823,Cruise,141.6,737.990756015502,-188.8,75.3069101807975,25.9564956334336,2438,21.0968788968825,62.1486810551559,1.35072152295726,78.9463875444467
824,Cruise,141.6,737.931097231427,-188.8,75.2693901384931,25.9951975842521,2438,21.1590611510791,62.2158273381295,1.35072152295726,78.9070542111134
825,Cruise,141.6,737.868913703915,-188.8,75.2318700961887,26.0338963400944,2438,21.2213105515587,62.2829736211031,1.35072152295726,78.86772087778
826,Cruise,141.6,737.806730176403,-188.8,75.1943500538844,26.0725918347561,2438,21.2836270983213,62.3501199040767,1.35072152295726,78.8283875444467
827,Cruise,141.6,737.74454664889,-188.8,75.15683001158,26.1112840682373,2438,21.3460107913669,62.4172661870504,1.35072152295726,78.7890542111134
828,Cruise,141.6,737.682363121378,-188.8,75.1193099692756,26.149973040538,2438,21.4084616306954,62.484412470024,1.35072152295726,78.74972087778
829,Cruise,141.6,737.620179593866,-188.8,75.0817899269713,26.1886587516581,2438,21.4709796163069,62.5515587529976,1.35072152295726,78.7103875444467
830,Cruise,141.6,737.557996066354,-188.8,75.0442698846669,26.2273412015976,2438,21.5335647482014,62.6187050359712,1.35072152295726,78.6710542111134
831,Cruise,141.6,737.49425871912,-188.8,75.0067498423625,26.266020349612,2438,21.5962170263789,62.6858513189448,1.35072152295726,78.63172087778
832,Cruise,141.6,737.407504847019,-188.8,74.9692298000582,26.3046955514122,2438,21.6589364508393,62.7529976019185,1.35072152295726,78.5923875444467
833,Cruise,141.6,737.320750974919,-188.8,74.9317097577538,26.3433662034537,2438,21.7217230215827,62.8201438848921,1.35072152295726,78.5530542111134
834,Cruise,141.6,737.233997102818,-188.8,74.8941897154494,26.3820323057366,2438,21.7845767386091,62.8872901678657,1.35072152295726,78.51372087778
835,Cruise,141.6,737.147243230718,-188.8,74.856669673145,26.4206938582609,2438,21.8474976019185,62.9544364508393,1.35072152295726,78.4743875444467
836,Cruise,141.6,737.060489358617,-188.8,74.8191496308407,26.4593508610266,2438,21.9104856115108,63.0215827338129,1.35072152295726,78.4350542111134
837,Cruise,141.6,736.973735486516,-188.8,74.7816295885363,26.4980033140337,2438,21.9735407673861,63.0887290167866,1.35072152295726,78.39572087778
838,Cruise,141.6,736.886981614416,-188.8,74.7441095462319,26.5366512172821,2438,22.0366630695444,63.1558752997602,1.35072152295726,78.3563875444467
839,Cruise,141.6,736.800227742315,-188.8,74.7065895039276,26.5752945707719,2438,22.0998525179856,63.2230215827338,1.35072152295726,78.3170542111134
840,Cruise,141.6,736.713473870215,-188.8,74.6690694616232,26.6139333745031,2438,22.1631091127098,63.2901678657074,1.35072152295726,78.27772087778
841,Cruise,141.6,736.624635915955,-188.8,74.6315494193188,26.6525675738263,2438,22.226432853717,63.3573141486811,1.35072152295726,78.2383875444467
842,Cruise,141.6,736.535537199812,-188.8,74.5940293770145,26.6911971072547,2438,22.2898237410072,63.4244604316547,1.35072152295726,78.1990542111134
843,Cruise,141.6,736.446438483668,-188.8,74.5565093347101,26.7298219679504,2438,22.3532817745803,63.4916067146283,1.35072152295726,78.15972087778
844,Cruise,141.6,736.357339767524,-188.8,74.5189892924057,26.7684421559134,2438,22.4168069544364,63.5587529976019,1.35072152295726,78.1203875444467
845,Cruise,141.6,736.268241051381,-188.8,74.4814692501014,26.8070576711438,2438,22.4803992805755,63.6258992805755,1.35072152295726,78.0810542111134
846,Cruise,141.6,736.179142335237,-188.8,74.443949207797,26.8456685136415,2438,22.5440587529976,63.6930455635492,1.35072152295726,78.04172087778
847,Cruise,141.6,736.090043619093,-188.8,74.4064291654926,26.8842746834065,2438,22.6077853717026,63.7601918465228,1.35072152295726,78.0023875444467
848,Cruise,141.6,736.00094490295,-188.8,74.3689091231883,26.9228761804389,2438,22.6715791366906,63.8273381294964,1.35072152295726,77.9630542111134
849,Cruise,141.6,735.911846186806,-188.8,74.3313890808839,26.9614730047386,2438,22.7354400479616,63.89448441247,1.35072152295726,77.92372087778
850,Cruise,141.6,735.822747470662,-188.8,74.2938690385795,27.0000651563056,2438,22.7993681055156,63.9616306954436,1.35072152295726,77.8843875444467
851,Cruise,141.6,735.732880627101,-188.8,74.2563489962751,27.0386526149979,2438,22.8633633093525,64.0287769784173,1.35072152295726,77.8450542111133
852,Cruise,141.6,735.642917674875,-188.8,74.2188289539708,27.0772353581534,2438,22.9274256594724,64.0959232613909,1.35072152295726,77.80572087778
853,Cruise,141.6,735.552954722649,-188.8,74.1813089116664,27.1158133832518,2438,22.9915551558753,64.1630695443645,1.35072152295726,77.7663875444467
854,Cruise,141.6,735.462991770423,-188.8,74.143788869362,27.1543866902932,2438,23.0557517985611,64.2302158273381,1.35072152295726,77.7270542111134
855,Cruise,141.6,735.373028818197,-188.8,74.1062688270577,27.1929552792775,2438,23.12001558753,64.2973621103118,1.35072152295726,77.68772087778
856,Cruise,141.6,735.283065865971,-188.8,74.0687487847533,27.2315191502048,2438,23.1843465227818,64.3645083932854,1.35072152295726,77.6483875444467
857,Cruise,141.6,735.193102913745,-188.8,74.0312287424489,27.270078303075,2438,23.2487446043165,64.431654676259,1.35072152295726,77.6090542111134
858,Cruise,141.6,735.103139961519,-188.8,73.9937087001446,27.3086327378882,2438,23.3132098321343,64.4988009592326,1.35072152295726,77.56972087778
859,Cruise,141.6,735.013177009293,-188.8,73.9561886578402,27.3471824546443,2438,23.377742206235,64.5659472422062,1.35072152295726,77.5303875444467
860,Cruise,141.6,734.923214057067,-188.8,73.9186686155358,27.3857274533434,2438,23.4423417266187,64.6330935251799,1.35072152295726,77.4910542111133
861,Cruise,141.6,734.833090305822,-188.8,73.8811485732314,27.4242677297689,2438,23.5070083932854,64.7002398081535,1.35072152295726,77.45172087778
862,Cruise,141.6,734.742946435287,-188.8,73.8436285309271,27.4628032791768,2438,23.571742206235,64.7673860911271,1.35072152295726,77.4123875444467
863,Cruise,141.6,734.652802564751,-188.8,73.8061084886227,27.5013341010395,2438,23.6365431654676,64.8345323741007,1.35072152295726,77.3730542111134
864,Cruise,141.6,734.562658694215,-188.8,73.7685884463184,27.5398601953569,2438,23.7014112709832,64.9016786570743,1.35072152295726,77.33372087778
865,Cruise,141.6,734.47251482368,-188.8,73.731068404014,27.5783815621292,2438,23.7663465227818,64.968824940048,1.35072152295726,77.2943875444467
866,Cruise,141.6,734.382370953144,-188.8,73.6935483617096,27.6168982013562,2438,23.8313489208633,65.0359712230216,1.35072152295726,77.2550542111134
867,Cruise,141.6,734.292227082609,-188.8,73.6560283194053,27.655410113038,2438,23.8964184652278,65.1031175059952,1.35072152295726,77.21572087778
868,Cruise,141.6,734.202083212073,-188.8,73.6185082771009,27.6939172971746,2438,23.9615551558753,65.1702637889688,1.35072152295726,77.1763875444467
869,Cruise,141.6,734.111939341538,-188.8,73.5809882347965,27.732419753766,2438,24.0267589928057,65.2374100719424,1.35072152295726,77.1370542111134
870,Cruise,141.6,734.021795471002,-188.8,73.5434681924922,27.7709174828122,2438,24.0920299760192,65.3045563549161,1.35072152295726,77.09772087778
871,Cruise,141.6,733.931623087159,-188.8,73.5059481501878,27.8094104835655,2438,24.1573681055156,65.3717026378897,1.35072152295726,77.0583875444467
872,Cruise,141.6,733.841447135709,-188.8,73.4684281078834,27.8478987551847,2438,24.222773381295,65.4388489208633,1.35072152295726,77.0190542111134
873,Cruise,141.6,733.75127118426,-188.8,73.4309080655791,27.8863822975762,2438,24.2882458033573,65.5059952038369,1.35072152295726,76.97972087778
874,Cruise,141.6,733.661095232811,-188.8,73.3933880232747,27.92486111074,2438,24.3537853717026,65.5731414868106,1.35072152295726,76.9403875444467
875,Cruise,141.6,733.570919281361,-188.8,73.3558679809703,27.9633351946762,2438,24.4193920863309,65.6402877697842,1.35072152295726,76.9010542111134
876,Cruise,141.6,733.480743329912,-188.8,73.318347938666,28.0018045493847,2438,24.4850659472422,65.7074340527578,1.35072152295726,76.86172087778
877,Cruise,141.6,733.390567378462,-188.8,73.2808278963616,28.0402691748655,2438,24.5508069544364,65.7745803357314,1.35072152295726,76.8223875444467
878,Cruise,141.6,733.300391427013,-188.8,73.2433078540572,28.0787290711186,2438,24.6166151079137,65.841726618705,1.35072152295726,76.7830542111134
879,Cruise,141.6,733.210215475563,-188.8,73.2057878117529,28.117184238144,2438,24.6824904076739,65.9088729016787,1.35072152295726,76.74372087778
880,Cruise,141.6,733.120039524114,-188.8,73.1682677694485,28.1556346759418,2438,24.748432853717,65.9760191846523,1.35072152295726,76.7043875444467
881,Cruise,141.6,733.029874945725,-188.8,73.1307477271441,28.1940803848101,2438,24.8144424460432,66.0431654676259,1.35072152295726,76.6650542111134
882,Cruise,141.6,732.939711790342,-188.8,73.0932276848398,28.2325213650845,2438,24.8805191846523,66.1103117505995,1.35072152295726,76.6257208777801
883,Cruise,141.6,732.849548634959,-188.8,73.0557076425354,28.2709576168023,2438,24.9466630695444,66.1774580335731,1.35072152295726,76.5863875444467
884,Cruise,141.6,732.759385479576,-188.8,73.018187600231,28.3093891399636,2438,25.0128741007194,66.2446043165468,1.35072152295726,76.5470542111134
885,Cruise,141.6,732.669222324193,-188.8,72.9806675579267,28.3478159345682,2438,25.0791522781774,66.3117505995204,1.35072152295726,76.5077208777801
886,Cruise,141.6,732.57905916881,-188.8,72.9431475156223,28.3862380006162,2438,25.1454976019185,66.378896882494,1.35072152295726,76.4683875444467
887,Cruise,141.6,732.488896013427,-188.8,72.9056274733179,28.4246553381077,2438,25.2119100719424,66.4460431654676,1.35072152295726,76.4290542111134
888,Cruise,141.6,732.398732858044,-188.8,72.8681074310136,28.4630679470425,2438,25.2783896882494,66.5131894484413,1.35072152295726,76.3897208777801
889,Cruise,141.6,732.308569702661,-188.8,72.8305873887092,28.5014758274208,2438,25.3449364508393,66.5803357314149,1.35072152295726,76.3503875444467
890,Cruise,141.6,732.218406547278,-188.8,72.7930673464049,28.5398789792425,2438,25.4115503597122,66.6474820143885,1.35072152295726,76.3110542111134
891,Cruise,141.6,732.127652299435,-188.8,72.7555473041005,28.5782773870078,2438,25.4782314148681,66.7146282973621,1.35072152295726,76.2717208777801
892,Cruise,141.6,732.03682409367,-188.8,72.7180272617961,28.6166710332776,2438,25.5449796163069,66.7817745803357,1.35072152295726,76.2323875444468
893,Cruise,141.6,731.945995887906,-188.8,72.6805072194917,28.6550599161127,2438,25.6117949640288,66.8489208633094,1.35072152295726,76.1930542111134
894,Cruise,141.6,731.855167682142,-188.8,72.6429871771874,28.693444035513,2438,25.6786774580336,66.916067146283,1.35072152295726,76.1537208777801
895,Cruise,141.6,731.764339476378,-188.8,72.605467134883,28.7318233914785,2438,25.7456270983213,66.9832134292566,1.35072152295726,76.1143875444468
896,Cruise,141.6,731.673511270614,-188.8,72.5679470925786,28.7701979840092,2438,25.8126438848921,67.0503597122302,1.35072152295726,76.0750542111134
897,Cruise,141.6,731.582683064849,-188.8,72.5304270502743,28.8085678131051,2438,25.8797278177458,67.1175059952038,1.35072152295726,76.0357208777801
898,Cruise,141.6,731.491854859085,-188.8,72.4929070079699,28.8469328787662,2438,25.9468788968825,67.1846522781775,1.35072152295726,75.9963875444468
899,Cruise,141.6,731.401026653321,-188.8,72.4553869656656,28.8852931809925,2438,26.0140971223022,67.2517985611511,1.35072152295726,75.9570542111134
900,Cruise,141.6,731.310198447557,-188.8,72.4178669233612,28.9236487197841,2438,26.0813824940048,67.3189448441247,1.35072152295726,75.9177208777801
901,Cruise,141.6,731.216756921758,-188.8,72.3803468810568,28.9619994266137,2438,26.1487350119904,67.3860911270983,1.35072152295726,75.8783875444468
902,Cruise,141.6,731.122988415445,-188.8,72.3428268387524,29.0003452243804,2438,26.216154676259,67.4532374100719,1.35072152295726,75.8390542111134
903,Cruise,141.6,731.029219909131,-188.8,72.3053067964481,29.0386861045098,2438,26.2836414868105,67.5203836930456,1.35072152295726,75.7997208777801
904,Cruise,141.6,730.935451402818,-188.8,72.2677867541437,29.0770220670019,2438,26.3511954436451,67.5875299760192,1.35072152295726,75.7603875444468
905,Cruise,141.6,730.841682896504,-188.8,72.2302667118393,29.1153531118569,2438,26.4188165467626,67.6546762589928,1.35072152295726,75.7210542111135
906,Cruise,141.6,730.747914390191,-188.8,72.192746669535,29.1536792390746,2438,26.4865047961631,67.7218225419664,1.35072152295726,75.6817208777801
907,Cruise,141.6,730.654145883878,-188.8,72.1552266272306,29.1920004486552,2438,26.5542601918465,67.78896882494,1.35072152295726,75.6423875444468
908,Cruise,141.6,730.560377377564,-188.8,72.1177065849262,29.2303167405985,2438,26.6220827338129,67.8561151079137,1.35072152295726,75.6030542111135
909,Cruise,141.6,730.466608871251,-188.8,72.0801865426219,29.2686281149045,2438,26.6899724220623,67.9232613908873,1.35072152295726,75.5637208777801
910,Cruise,141.6,730.372840364937,-188.8,72.0426665003175,29.3069345715734,2438,26.7579292565947,67.9904076738609,1.35072152295726,75.5243875444468
911,Cruise,141.6,730.275090584378,-188.8,72.0051464580131,29.3452360062072,2438,26.8259532374101,68.0575539568345,1.35072152295726,75.4850542111135
912,Cruise,141.6,730.176842663872,-188.8,71.9676264157088,29.3835323013457,2438,26.8940443645084,68.1247002398081,1.35072152295726,75.4457208777801
913,Cruise,141.6,730.078594743365,-188.8,71.9301063734044,29.4218234439266,2438,26.9622026378897,68.1918465227818,1.35072152295726,75.4063875444468
914,Cruise,141.6,729.980346822859,-188.8,71.8925863311,29.4601094339499,2438,27.0304280575539,68.2589928057554,1.35072152295726,75.3670542111135
915,Cruise,141.6,729.882098902353,-188.8,71.8550662887957,29.4983902714156,2438,27.0987206235012,68.326139088729,1.35072152295726,75.3277208777801
916,Cruise,141.6,729.783850981846,-188.8,71.8175462464913,29.5366659563236,2438,27.1670803357314,68.3932853717026,1.35072152295726,75.2883875444468
917,Cruise,141.6,729.68560306134,-188.8,71.780026204187,29.5749364886741,2438,27.2355071942446,68.4604316546763,1.35072152295726,75.2490542111135
918,Cruise,141.6,729.587355140834,-188.8,71.7425061618826,29.613201868467,2438,27.3040011990408,68.5275779376499,1.35072152295726,75.2097208777802
919,Cruise,141.6,729.489107220328,-188.8,71.7049861195782,29.6514620957022,2438,27.3725623501199,68.5947242206235,1.35072152295726,75.1703875444468
920,Cruise,141.6,729.390859299821,-188.8,71.6674660772739,29.6897171703799,2438,27.441190647482,68.6618705035971,1.35072152295726,75.1310542111135
921,Cruise,141.6,729.289630727578,-188.8,71.6299460349695,29.7279670143406,2438,27.5098860911271,68.7290167865707,1.35072152295726,75.0917208777802
922,Cruise,141.6,729.188029214008,-188.8,71.5924259926651,29.7662115396457,2438,27.5786486810551,68.7961630695444,1.35072152295726,75.0523875444468
923,Cruise,141.6,729.086427700438,-188.8,71.5549059503608,29.8044507365159,2438,27.6474784172662,68.863309352518,1.35072152295726,75.0130542111135
924,Cruise,141.6,728.984826186869,-188.8,71.5173859080564,29.8426846049512,2438,27.7163752997602,68.9304556354916,1.35072152295726,74.9737208777802
925,Cruise,141.6,728.883224673299,-188.8,71.479865865752,29.8809131449515,2438,27.7853393285372,68.9976019184652,1.35072152295726,74.9343875444468
926,Cruise,141.6,728.781623159729,-188.8,71.4423458234477,29.9191363565169,2438,27.8543705035971,69.0647482014388,1.35072152295726,74.8950542111135
927,Cruise,141.6,728.68002164616,-188.8,71.4048257811433,29.9573542396474,2438,27.92346882494,69.1318944844125,1.35072152295726,74.8557208777802
928,Cruise,141.6,728.57842013259,-188.8,71.3673057388389,29.9955667943429,2438,27.9926342925659,69.1990407673861,1.35072152295726,74.8163875444468
929,Cruise,141.6,728.47681861902,-188.8,71.3297856965346,30.0337740206035,2438,28.0618669064748,69.2661870503597,1.35072152295726,74.7770542111135
930,Cruise,141.6,728.37521710545,-188.8,71.2922656542302,30.0719759184292,2438,28.1311666666667,69.3333333333333,1.35072152295726,74.7377208777802
931,Cruise,141.6,728.272131934443,-188.8,71.2547456119258,30.1101724489151,2438,28.2005335731415,69.400479616307,1.35072152295726,74.6983875444469
932,Cruise,141.6,728.168861127132,-188.8,71.2172255696215,30.1483635682887,2438,28.2699676258993,69.4676258992806,1.35072152295726,74.6590542111135
933,Cruise,141.6,728.065590319821,-188.8,71.1797055273171,30.1865492716822,2438,28.33946882494,69.5347721822542,1.35072152295726,74.6197208777802
934,Cruise,141.6,727.96231951251,-188.8,71.1421854850127,30.2247295590956,2438,28.4090371702638,69.6019184652278,1.35072152295726,74.5803875444469
935,Cruise,141.6,727.859048705199,-188.8,71.1046654427084,30.2629044305289,2438,28.4786726618705,69.6690647482014,1.35072152295726,74.5410542111135
936,Cruise,141.6,727.755777897888,-188.8,71.067145400404,30.301073885982,2438,28.5483752997602,69.7362110311751,1.35072152295726,74.5017208777802
937,Cruise,141.6,727.652507090577,-188.8,71.0296253580996,30.3392379254551,2438,28.6181450839328,69.8033573141487,1.35072152295726,74.4623875444469
938,Cruise,141.6,727.549236283266,-188.8,70.9921053157953,30.377396548948,2438,28.6879820143885,69.8705035971223,1.35072152295726,74.4230542111135
939,Cruise,141.6,727.445965475955,-188.8,70.9545852734909,30.4155497564608,2438,28.7578860911271,69.9376498800959,1.35072152295726,74.3837208777802
940,Cruise,141.6,727.342694668644,-188.8,70.9170652311865,30.4536975479934,2438,28.8278573141487,70.0047961630695,1.35072152295726,74.3443875444469
941,Cruise,141.6,727.238885618279,-188.8,70.8795451888822,30.4918399094321,2438,28.8978956834532,70.0719424460432,1.35072152295726,74.3050542111135
942,Cruise,141.6,727.135009222549,-188.8,70.8420251465778,30.5299768248968,2438,28.9680011990408,70.1390887290168,1.35072152295726,74.2657208777802
943,Cruise,141.6,727.03113282682,-188.8,70.8045051042734,30.5681082926216,2438,29.0381738609113,70.2062350119904,1.35072152295726,74.2263875444469
944,Cruise,141.6,726.92725643109,-188.8,70.7669850619691,30.6062343126066,2438,29.1084136690647,70.273381294964,1.35072152295726,74.1870542111136
945,Cruise,141.6,726.82338003536,-188.8,70.7294650196647,30.6443548848517,2438,29.1787206235012,70.3405275779376,1.35072152295726,74.1477208777802
946,Cruise,141.6,726.719503639631,-188.8,70.6919449773604,30.682470009357,2438,29.2490947242206,70.4076738609113,1.35072152295726,74.1083875444469
947,Cruise,141.6,726.615627243901,-188.8,70.654424935056,30.7205796861224,2438,29.319535971223,70.4748201438849,1.35072152295726,74.0690542111136
948,Cruise,141.6,726.511750848172,-188.8,70.6169048927516,30.7586839151479,2438,29.3900443645084,70.5419664268585,1.35072152295726,74.0297208777802
949,Cruise,141.6,726.407874452442,-188.8,70.5793848504472,30.7967826964336,2438,29.4606199040767,70.6091127098321,1.35072152295726,73.9903875444469
950,Cruise,141.6,726.303998056712,-188.8,70.5418648081429,30.8348760299794,2438,29.531262589928,70.6762589928058,1.35072152295726,73.9510542111136
951,Cruise,141.6,726.203735677729,-188.8,70.5043447658385,30.8729640105528,2438,29.6019724220623,70.7434052757794,1.35072152295726,73.9117208777802
952,Cruise,141.6,726.103925487165,-188.8,70.4668247235341,30.9110467447789,2438,29.6727494004796,70.810551558753,1.35072152295726,73.8723875444469
953,Cruise,141.6,726.004115296601,-188.8,70.4293046812298,30.9491242445151,2438,29.7435935251798,70.8776978417266,1.35072152295726,73.8330542111136
954,Cruise,141.6,725.904305106037,-188.8,70.3917846389254,30.9871965097612,2438,29.8145047961631,70.9448441247002,1.35072152295726,73.7937208777802
955,Cruise,141.6,725.804494915473,-188.8,70.354264596621,31.0252635405173,2438,29.8854832134292,71.0119904076739,1.35072152295726,73.7543875444469
956,Cruise,141.6,725.704684724909,-188.8,70.3167445543167,31.0633253367834,2438,29.9565287769784,71.0791366906475,1.35072152295726,73.7150542111136
957,Cruise,141.6,725.604874534345,-188.8,70.2792245120123,31.1013818985595,2438,30.0276414868105,71.1462829736211,1.35072152295726,73.6757208777803
958,Cruise,141.6,725.505064343781,-188.8,70.2417044697079,31.1394332258457,2438,30.0988213429256,71.2134292565947,1.35072152295726,73.6363875444469
959,Cruise,141.6,725.405254153217,-188.8,70.2041844274036,31.1774793186418,2438,30.1700683453237,71.2805755395683,1.35072152295726,73.5970542111136
960,Cruise,141.6,725.305443962653,-188.8,70.1666643850992,31.215520176948,2438,30.2413824940048,71.347721822542,1.35072152295726,73.5577208777803
961,Cruise,141.6,725.228766539656,-188.8,70.1291443427948,31.2535564073567,2438,30.3127637889688,71.4148681055156,1.35072152295726,73.5183875444469
962,Cruise,141.6,725.154983505461,-188.8,70.0916243004905,31.2915886923579,2438,30.3842122302158,71.4820143884892,1.35072152295726,73.4790542111136
963,Cruise,141.6,725.081200471266,-188.8,70.0541042581861,31.3296171078488,2438,30.4557278177458,71.5491606714628,1.35072152295726,73.4397208777803
964,Cruise,141.6,725.007417437071,-188.8,70.0165842158817,31.3676416538295,2438,30.5273105515587,71.6163069544365,1.35072152295726,73.4003875444469
965,Cruise,141.6,724.933634402876,-188.8,69.9790641735774,31.4056623303,2438,30.5989604316547,71.6834532374101,1.35072152295726,73.3610542111136
966,Cruise,141.6,724.859851368681,-188.8,69.941544131273,31.4436791372602,2438,30.6706774580336,71.7505995203837,1.35072152295726,73.3217208777803
967,Cruise,141.6,724.786068334486,-188.8,69.9040240889687,31.4816920747102,2438,30.7424616306954,71.8177458033573,1.35072152295726,73.2823875444469
968,Cruise,141.6,724.712285300292,-188.8,69.8665040466643,31.51970114265,2438,30.8143129496403,71.8848920863309,1.35072152295726,73.2430542111136
969,Cruise,141.6,724.638502266097,-188.8,69.8289840043599,31.5577063410795,2438,30.8862314148681,71.9520383693046,1.35072152295726,73.2037208777803
970,Cruise,141.6,724.564719231902,-188.8,69.7914639620556,31.5957076699988,2438,30.9582170263789,72.0191846522782,1.35072152295726,73.1643875444469
971,Cruise,141.6,724.508946263697,-188.8,69.7539439197512,31.6337056016718,2438,31.0302697841727,72.0863309352518,1.35072152295726,73.1250542111136
972,Cruise,141.6,724.455426728126,-188.8,69.7164238774468,31.6717006674525,2438,31.1023896882494,72.1534772182254,1.35072152295726,73.0857208777803
973,Cruise,141.6,724.401907192555,-188.8,69.6789038351425,31.7096929264308,2438,31.1745767386091,72.220623501199,1.35072152295726,73.046387544447
974,Cruise,141.6,724.348387656984,-188.8,69.6413837928381,31.7476823786069,2438,31.2468309352518,72.2877697841727,1.35072152295726,73.0070542111136
975,Cruise,141.6,724.294868121414,-188.8,69.6038637505337,31.7856690239806,2438,31.3191522781775,72.3549160671463,1.35072152295726,72.9677208777803
976,Cruise,141.6,724.241348585843,-188.8,69.5663437082294,31.8236528625521,2438,31.3915407673861,72.4220623501199,1.35072152295726,72.928387544447
977,Cruise,141.6,724.187829050272,-188.8,69.528823665925,31.8616338943212,2438,31.4639964028777,72.4892086330935,1.35072152295726,72.8890542111136
978,Cruise,141.6,724.134309514701,-188.8,69.4913036236206,31.899612119288,2438,31.5365191846523,72.5563549160671,1.35072152295726,72.8497208777803
979,Cruise,141.6,724.08078997913,-188.8,69.4537835813163,31.9375875374525,2438,31.6091091127098,72.6235011990408,1.35072152295726,72.810387544447
980,Cruise,141.6,724.027270443559,-188.8,69.4162635390119,31.9755601488147,2438,31.6817661870504,72.6906474820144,1.35072152295726,72.7710542111136
981,Cruise,141.6,723.975853475173,-188.8,69.3787434967075,32.0135300085086,2438,31.7544904076739,72.757793764988,1.35072152295726,72.7317208777803
982,Cruise,141.6,723.924699581532,-188.8,69.3412234544032,32.0514971785665,2438,31.8272817745803,72.8249400479616,1.35072152295726,72.692387544447
983,Cruise,141.6,723.873545687891,-188.8,69.3037034120988,32.0894616658869,2438,31.9001402877698,72.8920863309353,1.35072152295726,72.6530542111136
984,Cruise,141.6,723.822391794249,-188.8,69.2661833697944,32.1274234704698,2438,31.9730659472422,72.9592326139089,1.35072152295726,72.6137208777803
985,Cruise,141.6,723.771237900608,-188.8,69.2286633274901,32.1653825923151,2438,32.0460587529976,73.0263788968825,1.35072152295726,72.574387544447
986,Cruise,141.6,723.720084006967,-188.8,69.1911432851857,32.2033390314229,2438,32.119118705036,73.0935251798561,1.35072152295726,72.5350542111136
987,Cruise,141.6,723.668930113325,-188.8,69.1536232428813,32.2412927877932,2438,32.1922458033573,73.1606714628297,1.35072152295726,72.4957208777803
988,Cruise,141.6,723.617776219684,-188.8,69.116103200577,32.2792438614259,2438,32.2654400479616,73.2278177458033,1.35072152295726,72.456387544447
989,Cruise,141.6,723.566622326043,-188.8,69.0785831582726,32.3171922523211,2438,32.3387014388489,73.294964028777,1.35072152295726,72.4170542111137
990,Cruise,141.6,723.515468432401,-188.8,69.0410631159682,32.3551379604787,2438,32.4120299760192,73.3621103117506,1.35072152295726,72.3777208777803
991,Cruise,141.6,723.464327675983,-188.8,69.0035430736639,32.3930809862434,2438,32.4854256594724,73.4292565947242,1.35072152295726,72.338387544447
992,Cruise,141.6,723.413188563305,-188.8,68.9660230313595,32.4310213300025,2438,32.5588884892086,73.4964028776978,1.35072152295726,72.2990542111137
993,Cruise,141.6,723.362049450626,-188.8,68.9285029890551,32.4689589917993,2438,32.6324184652278,73.5635491606715,1.35072152295726,72.2597208777803
994,Cruise,141.6,723.310910337947,-188.8,68.8909829467508,32.5068939716338,2438,32.70601558753,73.6306954436451,1.35072152295726,72.220387544447
995,Cruise,141.6,723.259771225268,-188.8,68.8534629044464,32.5448262695059,2438,32.7796798561151,73.6978417266187,1.35072152295726,72.1810542111137
996,Cruise,141.6,723.208632112589,-188.8,68.815942862142,32.5827558854157,2438,32.8534112709832,73.7649880095923,1.35072152295726,72.1417208777803
997,Cruise,141.6,723.15749299991,-188.8,68.7784228198377,32.620682819363,2438,32.9272098321343,73.8321342925659,1.35072152295726,72.102387544447
998,Cruise,141.6,723.106353887231,-188.8,68.7409027775333,32.6586070713481,2438,33.0010755395683,73.8992805755396,1.35072152295726,72.0630542111137
999,Cruise,141.6,723.055214774552,-188.8,68.7033827352289,32.6965286413708,2438,33.0750083932854,73.9664268585132,1.35072152295726,72.0237208777803
1000,Cruise,141.6,723.004075661873,-188.8,68.6658626929246,32.7344475294311,2438,33.1490083932854,74.0335731414868,1.35072152295726,71.984387544447
1001,Cruise,141.6,722.952950662119,-188.8,68.6283426506202,32.7723637358992,2438,33.2230755395683,74.1007194244604,1.35072152295726,71.9450542111137
1002,Cruise,141.6,722.901827428184,-188.8,68.5908226083158,32.8102772611913,2438,33.2972098321343,74.167865707434,1.35072152295726,71.9057208777803
1003,Cruise,141.6,722.85070419425,-188.8,68.5533025660115,32.8481881053538,2438,33.3714112709832,74.2350119904077,1.35072152295726,71.866387544447
1004,Cruise,141.6,722.799580960315,-188.8,68.5157825237071,32.8860962683868,2438,33.4456798561151,74.3021582733813,1.35072152295726,71.8270542111137
1005,Cruise,141.6,722.74845772638,-188.8,68.4782624814027,32.9240017502901,2438,33.52001558753,74.3693045563549,1.35072152295726,71.7877208777804
1006,Cruise,141.6,722.697334492446,-188.8,68.4407424390984,32.9619045510639,2438,33.5944184652278,74.4364508393285,1.35072152295726,71.748387544447
1007,Cruise,141.6,722.646211258511,-188.8,68.403222396794,32.999804670708,2438,33.6688884892086,74.5035971223022,1.35072152295726,71.7090542111137
1008,Cruise,141.6,722.595088024577,-188.8,68.3657023544896,33.0377021092225,2438,33.7434256594724,74.5707434052758,1.35072152295726,71.6697208777804
1009,Cruise,141.6,722.543964790642,-188.8,68.3281823121853,33.0755968666075,2438,33.8180299760192,74.6378896882494,1.35072152295726,71.630387544447
1010,Cruise,141.6,722.492841556708,-188.8,68.2906622698809,33.1134889428628,2438,33.8927014388489,74.705035971223,1.35072152295726,71.5910542111137
1011,Cruise,141.6,722.441733060424,-188.8,68.2531422275765,33.151378338375,2438,33.9674400479616,74.7721822541967,1.35072152295726,71.5517208777804
1012,Cruise,141.6,722.390626408126,-188.8,68.2156221852722,33.1892650535788,2438,34.0422458033573,74.8393285371703,1.35072152295726,71.5123875444471
1013,Cruise,141.6,722.339519755828,-188.8,68.1781021429678,33.2271490885227,2438,34.117118705036,74.9064748201439,1.35072152295726,71.4730542111137
1014,Cruise,141.6,722.288413103529,-188.8,68.1405821006635,33.2650304432065,2438,34.1920587529976,74.9736211031175,1.35072152295726,71.4337208777804
1015,Cruise,141.6,722.237306451231,-188.8,68.1030620583591,33.3029091176304,2438,34.2670659472422,75.0407673860911,1.35072152295726,71.394387544447
1016,Cruise,141.6,722.186199798933,-188.8,68.0655420160547,33.3407851117943,2438,34.3421402877698,75.1079136690647,1.35072152295726,71.3550542111137
1017,Cruise,141.6,722.135093146635,-188.8,68.0280219737504,33.3786584256982,2438,34.4172817745803,75.1750599520384,1.35072152295726,71.3157208777804
1018,Cruise,141.6,722.083986494337,-188.8,67.990501931446,33.4165290593421,2438,34.4924904076739,75.242206235012,1.35072152295726,71.2763875444471
1019,Cruise,141.6,722.032879842039,-188.8,67.9529818891416,33.4543970127261,2438,34.5677661870504,75.3093525179856,1.35072152295726,71.2370542111137
1020,Cruise,141.6,721.981773189741,-188.8,67.9154618468373,33.49226228585,2438,34.6431091127098,75.3764988009592,1.35072152295726,71.1977208777804
1021,Cruise,141.6,721.930681727905,-188.8,67.8779418045329,33.5301248791123,2438,34.7185191846523,75.4436450839329,1.35072152295726,71.1583875444471
1022,Cruise,141.6,721.879592166712,-188.8,67.8404217622285,33.5679847929611,2438,34.7939964028777,75.5107913669065,1.35072152295726,71.1190542111137
1023,Cruise,141.6,721.828502605519,-188.8,67.8029017199242,33.6058420274462,2438,34.8695407673861,75.5779376498801,1.35072152295726,71.0797208777804
1024,Cruise,141.6,721.777413044325,-188.8,67.7653816776198,33.6436965825677,2438,34.9451522781774,75.6450839328537,1.35072152295726,71.0403875444471
1025,Cruise,141.6,721.726323483132,-188.8,67.7278616353154,33.6815484583256,2438,35.0208309352518,75.7122302158273,1.35072152295726,71.0010542111138
1026,Cruise,141.6,721.675233921939,-188.8,67.6903415930111,33.7193976547197,2438,35.0965767386091,75.779376498801,1.35072152295726,70.9617208777804
1027,Cruise,141.6,721.624144360746,-188.8,67.6528215507067,33.7572441717503,2438,35.1723896882494,75.8465227817746,1.35072152295726,70.9223875444471
1028,Cruise,141.6,721.573054799552,-188.8,67.6153015084023,33.7950880094171,2438,35.2482697841727,75.9136690647482,1.35072152295726,70.8830542111137
1029,Cruise,141.6,721.521965238359,-188.8,67.577781466098,33.8329291677203,2438,35.3242170263789,75.9808153477218,1.35072152295726,70.8437208777804
1030,Cruise,141.6,721.470875677165,-188.8,67.5402614237936,33.8707676466599,2438,35.4002314148681,76.0479616306954,1.35072152295726,70.8043875444471
1031,Cruise,141.6,721.417775656232,-188.8,67.5027413814892,33.9086033935171,2438,35.4763129496403,76.1151079136691,1.35072152295726,70.7650542111138
1032,Cruise,141.6,721.364424085105,-188.8,67.4652213391849,33.946436348977,2438,35.5524616306954,76.1822541966427,1.35072152295726,70.7257208777804
1033,Cruise,141.6,721.311072513977,-188.8,67.4277012968805,33.9842665064434,2438,35.6286774580336,76.2494004796163,1.35072152295726,70.6863875444471
1034,Cruise,141.6,721.25772094285,-188.8,67.3901812545761,34.0220938659162,2438,35.7049604316547,76.3165467625899,1.35072152295726,70.6470542111138
1035,Cruise,141.6,721.204369371723,-188.8,67.3526612122718,34.0599184273956,2438,35.7813105515587,76.3836930455635,1.35072152295726,70.6077208777805
1036,Cruise,141.6,721.151017800596,-188.8,67.3151411699674,34.0977401908814,2438,35.8577278177458,76.4508393285372,1.35072152295726,70.5683875444471
1037,Cruise,141.6,721.097666229469,-188.8,67.277621127663,34.1355591563738,2438,35.9342122302158,76.5179856115108,1.35072152295726,70.5290542111138
1038,Cruise,141.6,721.044314658341,-188.8,67.2401010853587,34.1733753238726,2438,36.0107637889688,76.5851318944844,1.35072152295726,70.4897208777804
1039,Cruise,141.6,720.988900788159,-188.8,67.2025810430543,34.2111886392999,2438,36.0873824940048,76.652278177458,1.35072152295726,70.4503875444471
1040,Cruise,141.6,720.932925223958,-188.8,67.1650610007499,34.2489990338486,2438,36.1640683453237,76.7194244604317,1.35072152295726,70.4110542111138
1041,Cruise,141.6,720.876949659758,-188.8,67.1275409584456,34.28680649279,2438,36.2408213429256,76.7865707434053,1.35072152295726,70.3717208777804
1042,Cruise,141.6,720.820974095559,-188.8,67.0900209161412,34.3246110161241,2438,36.3176414868105,76.8537170263789,1.35072152295726,70.3323875444471
1043,Cruise,141.6,720.764998531359,-188.8,67.0525008738368,34.3624126038507,2438,36.3945287769784,76.9208633093525,1.35072152295726,70.2930542111138
1044,Cruise,141.6,720.709022967158,-188.8,67.0149808315325,34.40021125597,2438,36.4714832134292,76.9880095923261,1.35072152295726,70.2537208777805
1045,Cruise,141.6,720.653047402958,-188.8,66.9774607892281,34.4380069724819,2438,36.5485047961631,77.0551558752998,1.35072152295726,70.2143875444471
1046,Cruise,141.6,720.597071838758,-188.8,66.9399407469237,34.4757997533865,2438,36.6255935251798,77.1223021582734,1.35072152295726,70.1750542111138
1047,Cruise,141.6,720.538860899879,-188.8,66.9024207046194,34.5135895400672,2438,36.7027494004796,77.189448441247,1.35072152295726,70.1357208777805
1048,Cruise,141.6,720.479612866032,-188.8,66.864900662315,34.5513762467126,2438,36.7799724220623,77.2565947242206,1.35072152295726,70.0963875444472
1049,Cruise,141.6,720.420364832185,-188.8,66.8273806200106,34.5891598461278,2438,36.857262589928,77.3237410071942,1.35072152295726,70.0570542111138
1050,Cruise,141.6,720.361116798337,-188.8,66.7898605777063,34.6269403383128,2438,36.9346199040767,77.3908872901679,1.35072152295726,70.0177208777805
1051,Cruise,141.6,720.30186876449,-188.8,66.7523405354019,34.6647177232676,2438,37.0120443645084,77.4580335731415,1.35072152295726,69.9783875444471
1052,Cruise,141.6,720.242620730643,-188.8,66.7148204930975,34.7024920009921,2438,37.089535971223,77.5251798561151,1.35072152295726,69.9390542111138
1053,Cruise,141.6,720.183372696796,-188.8,66.6773004507932,34.7402631714864,2438,37.1670947242206,77.5923261390887,1.35072152295726,69.8997208777805
1054,Cruise,141.6,720.124124662949,-188.8,66.6397804084888,34.7780312347505,2438,37.2447206235012,77.6594724220624,1.35072152295726,69.8603875444471
1055,Cruise,141.6,720.063576700789,-188.8,66.6022603661844,34.8157961566974,2438,37.3224136690647,77.726618705036,1.35072152295726,69.8210542111138
1056,Cruise,141.6,720.002088302093,-188.8,66.5647403238801,34.8535578785797,2438,37.4001738609113,77.7937649880096,1.35072152295726,69.7817208777805
1057,Cruise,141.6,719.940599903398,-188.8,66.5272202815757,34.8913163757371,2438,37.4780011990408,77.8609112709832,1.35072152295726,69.7423875444472
1058,Cruise,141.6,719.879111504703,-188.8,66.4897002392713,34.9290716481695,2438,37.5558956834532,77.9280575539568,1.35072152295726,69.7030542111138
1059,Cruise,141.6,719.817623106007,-188.8,66.452180196967,34.9668236958771,2438,37.6338573141487,77.9952038369305,1.35072152295726,69.6637208777805
1060,Cruise,141.6,719.756134707312,-188.8,66.4146601546626,35.0045725188598,2438,37.7118860911271,78.0623501199041,1.35072152295726,69.6243875444472
1061,Cruise,141.6,719.694646308617,-188.8,66.3771401123582,35.0423181171175,2438,37.7899820143885,78.1294964028777,1.35072152295726,69.5850542111138
1062,Cruise,141.6,719.633157909921,-188.8,66.3396200700539,35.0800604906504,2438,37.8681450839328,78.1966426858513,1.35072152295726,69.5457208777805
1063,Cruise,141.6,719.571669511226,-188.8,66.3021000277495,35.1177996394583,2438,37.9463752997602,78.2637889688249,1.35072152295726,69.5063875444472
1064,Cruise,141.6,719.510181112531,-188.8,66.2645799854452,35.1555355635413,2438,38.0246726618705,78.3309352517986,1.35072152295726,69.4670542111138
1065,Cruise,141.6,719.447965627056,-188.8,66.2270599431408,35.1932682438336,2438,38.1030371702638,78.3980815347722,1.35072152295726,69.4277208777805
1066,Cruise,141.6,719.385224128751,-188.8,66.1895399008364,35.2309976474761,2438,38.18146882494,78.4652278177458,1.35072152295726,69.3883875444472
1067,Cruise,141.6,719.322482630445,-188.8,66.1520198585321,35.2687237606756,2438,38.2599676258993,78.5323741007194,1.35072152295726,69.3490542111139
1068,Cruise,141.6,719.25974113214,-188.8,66.1144998162277,35.306446583432,2438,38.3385335731415,78.599520383693,1.35072152295726,69.3097208777805
1069,Cruise,141.6,719.196999633835,-188.8,66.0769797739233,35.3441661157454,2438,38.4171666666667,78.6666666666667,1.35072152295726,69.2703875444472
1070,Cruise,141.6,719.134258135529,-188.8,66.039459731619,35.3818823576158,2438,38.4958669064748,78.7338129496403,1.35072152295726,69.2310542111139
1071,Cruise,141.6,719.071516637224,-188.8,66.0019396893146,35.4195953090432,2438,38.5746342925659,78.8009592326139,1.35072152295726,69.1917208777805
1072,Cruise,141.6,719.008775138919,-188.8,65.9644196470102,35.4573049700275,2438,38.65346882494,78.8681055155875,1.35072152295726,69.1523875444472
1073,Cruise,141.6,718.946033640613,-188.8,65.9268996047059,35.4950113405689,2438,38.7323705035971,78.9352517985612,1.35072152295726,69.1130542111139
1074,Cruise,141.6,718.883292142308,-188.8,65.8893795624015,35.5327144206672,2438,38.8113393285372,79.0023980815348,1.35072152295726,69.0737208777805
1075,Cruise,141.6,718.820290889851,-188.8,65.8518595200971,35.5704142035111,2438,38.8903752997602,79.0695443645084,1.35072152295726,69.0343875444472
1076,Cruise,141.6,718.757101717575,-188.8,65.8143394777928,35.6081106773617,2438,38.9694784172662,79.136690647482,1.35072152295726,68.9950542111139
1077,Cruise,141.6,718.6939125453,-188.8,65.7768194354884,35.6458038372913,2438,39.0486486810551,79.2038369304556,1.35072152295726,68.9557208777805
1078,Cruise,141.6,718.630723373024,-188.8,65.739299393184,35.6834936832998,2438,39.1278860911271,79.2709832134293,1.35072152295726,68.9163875444472
1079,Cruise,141.6,718.567534200748,-188.8,65.7017793508797,35.7211802153873,2438,39.207190647482,79.3381294964029,1.35072152295726,68.8770542111139
1080,Cruise,141.6,718.504345028472,-188.8,65.6642593085753,35.7588634335538,2438,39.2865623501199,79.4052757793765,1.35072152295726,68.8377208777806
1081,Cruise,141.6,718.441155856196,-188.8,65.6267392662709,35.7965433377992,2438,39.3660011990407,79.4724220623501,1.35072152295726,68.7983875444472
1082,Cruise,141.6,718.37796668392,-188.8,65.5892192239666,35.8342199281236,2438,39.4455071942446,79.5395683453237,1.35072152295726,68.7590542111139
1083,Cruise,141.6,718.314777511644,-188.8,65.5516991816622,35.8718932045269,2438,39.5250803357314,79.6067146282974,1.35072152295726,68.7197208777806
1084,Cruise,141.6,718.251588339368,-188.8,65.5141791393578,35.9095631670092,2438,39.6047206235012,79.673860911271,1.35072152295726,68.6803875444472
1085,Cruise,141.6,718.189021585313,-188.8,65.4766590970535,35.9472298318917,2438,39.6844280575539,79.7410071942446,1.35072152295726,68.6410542111139
1086,Cruise,141.6,718.126905121347,-188.8,65.4391390547491,35.9848932273031,2438,39.7642026378897,79.8081534772182,1.35072152295726,68.6017208777806
1087,Cruise,141.6,718.064788657382,-188.8,65.4016190124447,36.0225533650511,2438,39.8440443645084,79.8752997601919,1.35072152295726,68.5623875444472
1088,Cruise,141.6,718.002672193416,-188.8,65.3640989701404,36.0602102451356,2438,39.92395323741,79.9424460431655,1.35072152295726,68.5230542111139
1089,Cruise,141.6,717.94055572945,-188.8,65.326578927836,36.0978638675567,2438,40.0039292565947,80.0095923261391,1.35072152295726,68.4837208777806
1090,Cruise,141.6,717.878439265484,-188.8,65.2890588855316,36.1355142323144,2438,40.0839724220623,80.0767386091127,1.35072152295726,68.4443875444472
1091,Cruise,141.6,717.816322801518,-188.8,65.2515388432273,36.1731613394086,2438,40.1640827338129,80.1438848920863,1.35072152295726,68.4050542111139
1092,Cruise,141.6,717.754206337553,-188.8,65.2140188009229,36.2108051888393,2438,40.2442601918465,80.21103117506,1.35072152295726,68.3657208777806
1093,Cruise,141.6,717.692089873587,-188.8,65.1764987586185,36.2484457806066,2438,40.324504796163,80.2781774580336,1.35072152295726,68.3263875444472
1094,Cruise,141.6,717.629973409621,-188.8,65.1389787163142,36.2860831147105,2438,40.4048165467626,80.3453237410072,1.35072152295726,68.2870542111139
1095,Cruise,141.6,717.572615894927,-188.8,65.1014586740098,36.3237173159412,2438,40.4851954436451,80.4124700239808,1.35072152295726,68.2477208777806
1096,Cruise,141.6,717.518701254524,-188.8,65.0639386317054,36.3613485993686,2438,40.5656414868105,80.4796163069544,1.35072152295726,68.2083875444472
1097,Cruise,141.6,717.46478661412,-188.8,65.0264185894011,36.3989770552727,2438,40.646154676259,80.5467625899281,1.35072152295726,68.1690542111139
1098,Cruise,141.6,717.410871973716,-188.8,64.9888985470967,36.4366026836535,2438,40.7267350119904,80.6139088729017,1.35072152295726,68.1297208777806
1099,Cruise,141.6,717.356957333312,-188.8,64.9513785047923,36.4742254845109,2438,40.8073824940048,80.6810551558753,1.35072152295726,68.0903875444473
1100,Cruise,141.6,717.303042692909,-188.8,64.913858462488,36.5118454578449,2438,40.8880971223021,80.7482014388489,1.35072152295726,68.0510542111139
1101,Cruise,141.6,717.249128052505,-188.8,64.8763384201836,36.5494626036555,2438,40.9688788968825,80.8153477218225,1.35072152295726,68.0117208777806
1102,Cruise,141.6,717.195213412101,-188.8,64.8388183778792,36.5870769219428,2438,41.0497278177458,80.8824940047962,1.35072152295726,67.9723875444473
1103,Cruise,141.6,717.141298771697,-188.8,64.8012983355749,36.6246884127068,2438,41.1306438848921,80.9496402877698,1.35072152295726,67.9330542111139
1104,Cruise,141.6,717.087384131293,-188.8,64.7637782932705,36.6622970759473,2438,41.2116270983213,81.0167865707434,1.35072152295726,67.8937208777806
1105,Cruise,141.6,717.035992324361,-188.8,64.7262582509661,36.6999029778188,2438,41.2926774580335,81.083932853717,1.35072152295726,67.8543875444473
1106,Cruise,141.6,716.986425667899,-188.8,64.6887382086618,36.7375062323351,2438,41.3737949640287,81.1510791366906,1.35072152295726,67.8150542111139
1107,Cruise,141.6,716.936859011436,-188.8,64.6512181663574,36.7751068873556,2438,41.4549796163069,81.2182254196643,1.35072152295726,67.7757208777806
1108,Cruise,141.6,716.887292354973,-188.8,64.613698124053,36.8127049428803,2438,41.5362314148681,81.2853717026379,1.35072152295726,67.7363875444473
1109,Cruise,141.6,716.83772569851,-188.8,64.5761780817487,36.8503003989092,2438,41.6175503597122,81.3525179856115,1.35072152295726,67.697054211114
1110,Cruise,141.6,716.788159042048,-188.8,64.5386580394443,36.8878932554424,2438,41.6989364508393,81.4196642685851,1.35072152295726,67.6577208777806
1111,Cruise,141.6,716.738592385585,-188.8,64.5011379971399,36.9254835124799,2438,41.7803896882494,81.4868105515588,1.35072152295726,67.6183875444473
1112,Cruise,141.6,716.689025729122,-188.8,64.4636179548356,36.9630711700215,2438,41.8619100719424,81.5539568345324,1.35072152295726,67.579054211114
1113,Cruise,141.6,716.639459072659,-188.8,64.4260979125312,37.0006562280675,2438,41.9434976019184,81.621103117506,1.35072152295726,67.5397208777806
1114,Cruise,141.6,716.589892416197,-188.8,64.3885778702269,37.0382386866176,2438,42.0251522781774,81.6882494004796,1.35072152295726,67.5003875444473
1115,Cruise,141.6,716.54070187526,-188.8,64.3510578279225,37.0758185555346,2438,42.1068741007194,81.7553956834532,1.35072152295726,67.461054211114
1116,Cruise,141.6,716.491783436084,-188.8,64.3135377856181,37.1133958518161,2438,42.1886630695443,81.8225419664269,1.35072152295726,67.4217208777806
1117,Cruise,141.6,716.442864996908,-188.8,64.2760177433138,37.1509705825972,2438,42.2705191846522,81.8896882494005,1.35072152295726,67.3823875444473
1118,Cruise,141.6,716.393946557733,-188.8,64.2384977010094,37.188542747878,2438,42.3524424460431,81.9568345323741,1.35072152295726,67.343054211114
1119,Cruise,141.6,716.345028118557,-188.8,64.200977658705,37.2261123476584,2438,42.434432853717,82.0239808153477,1.35072152295726,67.3037208777806
1120,Cruise,141.6,716.296109679381,-188.8,64.1634576164006,37.2636793819384,2438,42.5164904076738,82.0911270983214,1.35072152295726,67.2643875444473
1121,Cruise,141.6,716.247191240205,-188.8,64.1259375740963,37.3012438507181,2438,42.5986151079136,82.158273381295,1.35072152295726,67.225054211114
1122,Cruise,141.6,716.198272801029,-188.8,64.0884175317919,37.3388057539974,2438,42.6808069544364,82.2254196642686,1.35072152295726,67.1857208777806
1123,Cruise,141.6,716.149354361854,-188.8,64.0508974894875,37.3763650917763,2438,42.7630659472422,82.2925659472422,1.35072152295726,67.1463875444473
1124,Cruise,141.6,716.100435922678,-188.8,64.0133774471832,37.4139218640549,2438,42.8453920863309,82.3597122302158,1.35072152295726,67.107054211114
1125,Cruise,141.6,716.051520963239,-188.8,63.9758574048788,37.4514760709243,2438,42.9277853717026,82.4268585131894,1.35072152295726,67.0677208777807
1126,Cruise,141.6,716.002608521226,-188.8,63.9383373625745,37.4890277125419,2438,43.0102458033573,82.4940047961631,1.35072152295726,67.0283875444473
1127,Cruise,141.6,715.953696079213,-188.8,63.9008173202701,37.5265767889737,2438,43.0927733812949,82.5611510791367,1.35072152295726,66.989054211114
1128,Cruise,141.6,715.9047836372,-188.8,63.8632972779657,37.5641233002196,2438,43.1753681055156,82.6282973621103,1.35072152295726,66.9497208777806
1129,Cruise,141.6,715.855871195187,-188.8,63.8257772356613,37.6016672462796,2438,43.2580299760192,82.6954436450839,1.35072152295726,66.9103875444473
1130,Cruise,141.6,715.806958753174,-188.8,63.788257193357,37.6392086271538,2438,43.3407589928057,82.7625899280576,1.35072152295726,66.871054211114
1131,Cruise,141.6,715.758046311161,-188.8,63.7507371510526,37.6767474428422,2438,43.4235551558753,82.8297362110312,1.35072152295726,66.8317208777807
1132,Cruise,141.6,715.709133869148,-188.8,63.7132171087483,37.7142836933447,2438,43.5064184652278,82.8968824940048,1.35072152295726,66.7923875444473
1133,Cruise,141.6,715.660221427135,-188.8,63.6756970664439,37.7518173786613,2438,43.5893489208633,82.9640287769784,1.35072152295726,66.753054211114
1134,Cruise,141.6,715.611308985122,-188.8,63.6381770241395,37.7893484987922,2438,43.6723465227818,83.031175059952,1.35072152295726,66.7137208777807
1135,Cruise,141.6,715.562400877135,-188.8,63.6006569818352,37.8268770538508,2438,43.7554112709832,83.0983213429257,1.35072152295726,66.6743875444474
1136,Cruise,141.6,715.513495904611,-188.8,63.5631369395308,37.864403044033,2438,43.8385431654676,83.1654676258993,1.35072152295726,66.635054211114
1137,Cruise,141.6,715.464590932087,-188.8,63.5256168972264,37.9019264694212,2438,43.921742206235,83.2326139088729,1.35072152295726,66.5957208777807
1138,Cruise,141.6,715.415685959563,-188.8,63.488096854922,37.9394473300153,2438,44.0050083932853,83.2997601918465,1.35072152295726,66.5563875444473
1139,Cruise,141.6,715.366780987039,-188.8,63.4505768126177,37.9769656258152,2438,44.0883417266187,83.3669064748201,1.35072152295726,66.517054211114
1140,Cruise,141.6,715.317876014515,-188.8,63.4130567703133,38.014481356821,2438,44.171742206235,83.4340527577938,1.35072152295726,66.4777208777807
1141,Cruise,141.6,715.26897104199,-188.8,63.375536728009,38.0519945230327,2438,44.2552098321343,83.5011990407674,1.35072152295726,66.4383875444474
1142,Cruise,141.6,715.220066069466,-188.8,63.3380166857046,38.0895051244503,2438,44.3387446043165,83.568345323741,1.35072152295726,66.399054211114
1143,Cruise,141.6,715.171161096942,-188.8,63.3004966434002,38.1270131610738,2438,44.4223465227818,83.6354916067146,1.35072152295726,66.3597208777807
1144,Cruise,141.6,715.122256124418,-188.8,63.2629766010959,38.1645186329031,2438,44.50601558753,83.7026378896882,1.35072152295726,66.3203875444474
1145,Cruise,141.6,715.073355827466,-188.8,63.2254565587915,38.202021540061,2438,44.5897517985611,83.7697841726619,1.35072152295726,66.281054211114
1146,Cruise,141.6,715.024458913069,-188.8,63.1879365164871,38.2395218827586,2438,44.6735551558753,83.8369304556355,1.35072152295726,66.2417208777807
1147,Cruise,141.6,714.975561998671,-188.8,63.1504164741828,38.2770196610847,2438,44.7574256594724,83.9040767386091,1.35072152295726,66.2023875444474
1148,Cruise,141.6,714.926665084274,-188.8,63.1128964318784,38.3145148750394,2438,44.8413633093525,83.9712230215827,1.35072152295726,66.1630542111141
1149,Cruise,141.6,714.877768169877,-188.8,63.075376389574,38.3520075246225,2438,44.9253681055156,84.0383693045564,1.35072152295726,66.1237208777807
1150,Cruise,141.6,714.828871255479,-188.8,63.0378563472697,38.3894976098341,2438,45.0094400479616,84.10551558753,1.35072152295726,66.0843875444474
1151,Cruise,141.6,714.779974341082,-188.8,63.0003363049653,38.4269851306742,2438,45.0935791366906,84.1726618705036,1.35072152295726,66.045054211114
1152,Cruise,141.6,714.731077426685,-188.8,62.9628162626609,38.4644700871427,2438,45.1777853717026,84.2398081534772,1.35072152295726,66.0057208777807
1153,Cruise,141.6,714.682180512287,-188.8,62.9252962203566,38.5019524792398,2438,45.2620587529976,84.3069544364508,1.35072152295726,65.9663875444474
1154,Cruise,141.6,714.63328359789,-188.8,62.8877761780522,38.5394323069654,2438,45.3463992805755,84.3741007194245,1.35072152295726,65.9270542111141
1155,Cruise,141.6,714.584387158624,-188.8,62.8502561357478,38.5769095703319,2438,45.4308069544364,84.4412470023981,1.35072152295726,65.8877208777807
1156,Cruise,141.6,714.535491063094,-188.8,62.8127360934435,38.6143842693608,2438,45.5152817745803,84.5083932853717,1.35072152295726,65.8483875444474
1157,Cruise,141.6,714.486594967563,-188.8,62.7752160511391,38.6518564040611,2438,45.5998237410072,84.5755395683453,1.35072152295726,65.8090542111141
1158,Cruise,141.6,714.437698872032,-188.8,62.7376960088347,38.6893259744329,2438,45.684432853717,84.6426858513189,1.35072152295726,65.7697208777807
1159,Cruise,141.6,714.388802776501,-188.8,62.7001759665304,38.7267929804762,2438,45.7691091127098,84.7098321342926,1.35072152295726,65.7303875444474
1160,Cruise,141.6,714.33990668097,-188.8,62.662655924226,38.7642574221908,2438,45.8538525179856,84.7769784172662,1.35072152295726,65.6910542111141
1161,Cruise,141.6,714.29101058544,-188.8,62.6251358819216,38.8017192995769,2438,45.9386630695443,84.8441247002398,1.35072152295726,65.6517208777807
1162,Cruise,141.6,714.242114489909,-188.8,62.5876158396173,38.8391786126345,2438,46.0235407673861,84.9112709832134,1.35072152295726,65.6123875444474
1163,Cruise,141.6,714.193218394378,-188.8,62.5500957973129,38.8766353613634,2438,46.1084856115108,84.9784172661871,1.35072152295726,65.5730542111141
1164,Cruise,141.6,714.144322298847,-188.8,62.5125757550085,38.9140895457638,2438,46.1934976019184,85.0455635491607,1.35072152295726,65.5337208777808
1165,Cruise,141.6,714.094896526508,-188.8,62.4750557127042,38.9515411519464,2438,46.2785767386091,85.1127098321343,1.35072152295726,65.4943875444474
1166,Cruise,141.6,714.045087558097,-188.8,62.4375356703998,38.9889901559735,2438,46.3637230215827,85.1798561151079,1.35072152295726,65.4550542111141
1167,Cruise,141.6,713.995278589686,-188.8,62.4000156280955,39.0264365477969,2438,46.4489364508393,85.2470023980815,1.35072152295726,65.4157208777808
1168,Cruise,141.6,713.945469621275,-188.8,62.3624955857911,39.0638803274166,2438,46.5342170263789,85.3141486810552,1.35072152295726,65.3763875444474
1169,Cruise,141.6,713.895660652863,-188.8,62.3249755434867,39.1013214948327,2438,46.6195647482014,85.3812949640288,1.35072152295726,65.3370542111141
1170,Cruise,141.6,713.845851684452,-188.8,62.2874555011823,39.1387600500451,2438,46.7049796163069,85.4484412470024,1.35072152295726,65.2977208777808
1171,Cruise,141.6,713.796042716041,-188.8,62.249935458878,39.1761959930538,2438,46.7904616306954,85.515587529976,1.35072152295726,65.2583875444474
1172,Cruise,141.6,713.74623374763,-188.8,62.2124154165736,39.2136293238589,2438,46.8760107913669,85.5827338129496,1.35072152295726,65.2190542111141
1173,Cruise,141.6,713.696424779219,-188.8,62.1748953742692,39.2510600424603,2438,46.9616270983213,85.6498800959233,1.35072152295726,65.1797208777808
1174,Cruise,141.6,713.646615810808,-188.8,62.1373753319649,39.288488148858,2438,47.0473105515587,85.7170263788969,1.35072152295726,65.1403875444474
1175,Cruise,141.6,713.596046422472,-188.8,62.0998552896605,39.3259136231121,2438,47.1330611510791,85.7841726618705,1.35072152295726,65.1010542111141
1176,Cruise,141.6,713.544926906355,-188.8,62.0623352473561,39.3633364308571,2438,47.2188788968825,85.8513189448441,1.35072152295726,65.0617208777808
1177,Cruise,141.6,713.493807390238,-188.8,62.0248152050518,39.4007565576676,2438,47.3047637889688,85.9184652278177,1.35072152295726,65.0223875444475
1178,Cruise,141.6,713.44268787412,-188.8,61.9872951627474,39.4381740035434,2438,47.3907158273381,85.9856115107914,1.35072152295726,64.9830542111141
1179,Cruise,141.6,713.391568358003,-188.8,61.949775120443,39.4755887684846,2438,47.4767350119904,86.052757793765,1.35072152295726,64.9437208777808
1180,Cruise,141.6,713.340448841886,-188.8,61.9122550781387,39.5130008524912,2438,47.5628213429256,86.1199040767386,1.35072152295726,64.9043875444475
1181,Cruise,141.6,713.289329325768,-188.8,61.8747350358343,39.5504102555631,2438,47.6489748201439,86.1870503597122,1.35072152295726,64.8650542111141
1182,Cruise,141.6,713.238209809651,-188.8,61.83721499353,39.5878169777005,2438,47.7351954436451,86.2541966426859,1.35072152295726,64.8257208777808
1183,Cruise,141.6,713.187090293534,-188.8,61.7996949512256,39.6252210189032,2438,47.8214832134292,86.3213429256595,1.35072152295726,64.7863875444475
1184,Cruise,141.6,713.135970777416,-188.8,61.7621749089212,39.6626223791712,2438,47.9078381294964,86.3884892086331,1.35072152295726,64.7470542111141
1185,Cruise,141.6,713.08418206587,-188.8,61.7246548666168,39.7000210409569,2438,47.9942601918465,86.4556354916067,1.35072152295726,64.7077208777808
1186,Cruise,141.6,713.031909223141,-188.8,61.6871348243125,39.7374169740174,2438,48.0807494004796,86.5227817745803,1.35072152295726,64.6683875444475
1187,Cruise,141.6,712.979636380412,-188.8,61.6496147820081,39.7748101656576,2438,48.1673057553957,86.5899280575539,1.35072152295726,64.6290542111142
1188,Cruise,141.6,712.927363537683,-188.8,61.6120947397037,39.8122006158777,2438,48.2539292565947,86.6570743405276,1.35072152295726,64.5897208777808
1189,Cruise,141.6,712.875090694954,-188.8,61.5745746973994,39.8495883246776,2438,48.3406199040767,86.7242206235012,1.35072152295726,64.5503875444475
1190,Cruise,141.6,712.822817852225,-188.8,61.537054655095,39.8869732920573,2438,48.4273776978417,86.7913669064748,1.35072152295726,64.5110542111141
1191,Cruise,141.6,712.770545009496,-188.8,61.4995346127907,39.9243555180168,2438,48.5142026378897,86.8585131894484,1.35072152295726,64.4717208777808
1192,Cruise,141.6,712.718272166767,-188.8,61.4620145704863,39.9617350025561,2438,48.6010947242206,86.9256594724221,1.35072152295726,64.4323875444475
1193,Cruise,141.6,712.665999324038,-188.8,61.4244945281819,39.9991117456752,2438,48.6880539568345,86.9928057553957,1.35072152295726,64.3930542111142
1194,Cruise,141.6,712.613726481309,-188.8,61.3869744858776,40.036485747374,2438,48.7750803357314,87.0599520383693,1.35072152295726,64.3537208777808
1195,Cruise,141.6,712.561064325459,-188.8,61.3494544435732,40.0738569974441,2438,48.8621738609113,87.1270983213429,1.35072152295726,64.3143875444475
1196,Cruise,141.6,712.508120520012,-188.8,61.3119344012688,40.1112254782911,2438,48.9493345323741,87.1942446043165,1.35072152295726,64.2750542111142
1197,Cruise,141.6,712.455176714566,-188.8,61.2744143589645,40.1485911825297,2438,49.0365623501199,87.2613908872902,1.35072152295726,64.2357208777808
1198,Cruise,141.6,712.40223290912,-188.8,61.2368943166601,40.1859541101599,2438,49.1238573141487,87.3285371702638,1.35072152295726,64.1963875444475
1199,Cruise,141.6,712.349289103673,-188.8,61.1993742743557,40.2233142611815,2438,49.2112194244604,87.3956834532374,1.35072152295726,64.1570542111142
1200,Cruise,141.6,712.296345298227,-188.8,61.1618542320514,40.2606716355947,2438,49.2986486810551,87.462829736211,1.35072152295726,64.1177208777808
1201,Cruise,141.6,712.243401492781,-188.8,61.124334189747,40.2980262333995,2438,49.3861450839328,87.5299760191847,1.35072152295726,64.0783875444475
1202,Cruise,141.6,712.190457687335,-188.8,61.0868141474426,40.3353780545958,2438,49.4737086330935,87.5971223021583,1.35072152295726,64.0390542111142
1203,Cruise,141.6,712.137513881888,-188.8,61.0492941051383,40.3727270991836,2438,49.5613393285372,87.6642685851319,1.35072152295726,63.9997208777808
1204,Cruise,141.6,712.084570076442,-188.8,61.0117740628339,40.4100733671629,2438,49.6490371702638,87.7314148681055,1.35072152295726,63.9603875444475
1205,Cruise,141.6,712.031466000173,-188.8,60.9742540205295,40.4474168543312,2438,49.7368021582734,87.7985611510791,1.35072152295726,63.9210542111142
1206,Cruise,141.6,711.978242366859,-188.8,60.9367339782252,40.4847575533506,2438,49.8246342925659,87.8657074340528,1.35072152295726,63.8817208777809
1207,Cruise,141.6,711.935065882765,-188.8,60.8992139359208,40.5220957245447,2438,49.9125335731415,87.9328537170264,1.35072152295726,63.8423875444475
1208,Descent,31.4,727.144942725848,-41.8666666666667,60.8762938535809,40.5449924572355,2438,50.0005,88,0.299524405514534,63.8183597666697
1209,Descent,31.4,728.362773403986,-41.8666666666667,60.8679737312055,40.5534559650664,2429.73037542662,50.0884436860068,87.8873720136519,0.299524405514534,63.8096375444475
1210,Descent,31.4,729.001855840165,-41.8666666666667,60.8596536088301,40.5619302705031,2421.46075085324,50.1762747440273,87.7747440273038,0.299524405514534,63.8009153222253
1211,Descent,31.4,729.496146969042,-41.8666666666667,60.8513334864547,40.5704111662972,2413.19112627986,50.2639931740614,87.6621160409556,0.299524405514534,63.7921931000031
1212,Descent,31.4,729.931021479161,-41.8666666666667,60.8430133640793,40.5788974650174,2404.92150170648,50.3515989761092,87.5494880546075,0.299524405514534,63.7834708777809
1213,Descent,31.4,730.326887648258,-41.8666666666667,60.8346932417039,40.5873885943409,2396.65187713311,50.4390921501706,87.4368600682594,0.299524405514534,63.7747486555586
1214,Descent,31.4,730.686975773982,-41.8666666666667,60.8263731193285,40.5958841193985,2388.38225255973,50.5264726962457,87.3242320819113,0.299524405514534,63.7660264333364
1215,Descent,31.4,731.017883701156,-41.8666666666667,60.8180529969531,40.6043836624703,2380.11262798635,50.6137406143345,87.2116040955631,0.299524405514534,63.7573042111142
1216,Descent,31.4,731.325826517897,-41.8666666666667,60.8097328745777,40.6128869203408,2371.84300341297,50.7008959044368,87.098976109215,0.299524405514534,63.748581988892
1217,Descent,31.4,731.607068504106,-41.8666666666667,60.8014127522023,40.6213936042119,2363.57337883959,50.7879385665529,86.9863481228669,0.299524405514534,63.7398597666697
1218,Descent,31.4,731.86185090929,-41.8666666666667,60.7930926298269,40.6299034049655,2355.30375426621,50.8748686006826,86.8737201365188,0.299524405514534,63.7311375444475
1219,Descent,31.4,732.096924655113,-41.8666666666667,60.7847725074515,40.6384160541419,2347.03412969283,50.9616860068259,86.7610921501707,0.299524405514534,63.7224153222253
1220,Descent,31.4,732.313596525806,-41.8666666666667,60.7764523850761,40.6469313301355,2338.76450511945,51.0483907849829,86.6484641638225,0.299524405514534,63.7136931000031
1221,Descent,31.4,732.513107890774,-41.8666666666667,60.7681322627007,40.6554490261575,2330.49488054607,51.1349829351536,86.5358361774744,0.299524405514534,63.7049708777808
1222,Descent,31.4,732.694847427414,-41.8666666666667,60.7598121403253,40.6639689390828,2322.2252559727,51.2214624573379,86.4232081911263,0.299524405514534,63.6962486555586
1223,Descent,31.4,732.858567842227,-41.8666666666667,60.7514920179499,40.6724908607938,2313.95563139932,51.3078293515358,86.3105802047782,0.299524405514534,63.6875264333364
1224,Descent,31.4,733.010655770393,-41.8666666666667,60.7431718955745,40.6810146188719,2305.68600682594,51.3940836177474,86.19795221843,0.299524405514534,63.6788042111142
1225,Descent,31.4,733.151490584065,-41.8666666666667,60.734851773199,40.6895400802414,2297.41638225256,51.4802252559727,86.0853242320819,0.299524405514534,63.670081988892
1226,Descent,31.4,733.277844686382,-41.8666666666667,60.7265316508236,40.698067095265,2289.14675767918,51.5662542662116,85.9726962457338,0.299524405514534,63.6613597666697
1227,Descent,31.4,733.393047661148,-41.8666666666667,60.7182115284482,40.7065955148983,2280.8771331058,51.6521706484642,85.8600682593857,0.299524405514534,63.6526375444475
1228,Descent,31.4,733.499690613533,-41.8666666666667,60.7098914060728,40.7151252245246,2272.60750853242,51.7379744027304,85.7474402730375,0.299524405514534,63.6439153222253
1229,Descent,31.4,733.597873577527,-41.8666666666667,60.7015712836974,40.7236561251756,2264.33788395904,51.8236655290102,85.6348122866894,0.299524405514534,63.6351931000031
1230,Descent,31.4,733.683251070371,-41.8666666666667,60.693251161322,40.7321880931967,2256.06825938567,51.9092440273037,85.5221843003413,0.299524405514534,63.6264708777808
1231,Descent,31.4,733.765372073062,-41.8666666666667,60.6849310389466,40.7407210351906,2247.79863481229,51.9947098976109,85.4095563139932,0.299524405514534,63.6177486555586
1232,Descent,31.4,733.83751014672,-41.8666666666667,60.6766109165712,40.7492548741724,2239.52901023891,52.0800631399317,85.296928327645,0.299524405514534,63.6090264333364
1233,Descent,31.4,733.904280947911,-41.8666666666667,60.6682907941958,40.7577895208835,2231.25938566553,52.1653037542662,85.1843003412969,0.299524405514534,63.6003042111142
1234,Descent,31.4,733.965228176665,-41.8666666666667,60.6599706718204,40.7663249102514,2222.98976109215,52.2504317406143,85.0716723549488,0.299524405514534,63.591581988892
1235,Descent,31.4,734.019107347227,-41.8666666666667,60.651650549445,40.7748609673135,2214.72013651877,52.3354470989761,84.9590443686007,0.299524405514534,63.5828597666697
1236,Descent,31.4,734.070386541491,-41.8666666666667,60.6433304270696,40.7833976358521,2206.45051194539,52.4203498293515,84.8464163822526,0.299524405514534,63.5741375444475
1237,Descent,31.4,734.112578151225,-41.8666666666667,60.6350103046942,40.791934847906,2198.18088737201,52.5051399317406,84.7337883959044,0.299524405514534,63.5654153222253
1238,Descent,31.4,734.154608245534,-41.8666666666667,60.6266901823188,40.8004725496936,2189.91126279863,52.5898174061433,84.6211604095563,0.299524405514534,63.5566931000031
1239,Descent,31.4,734.189901227713,-41.8666666666667,60.6183700599434,40.8090107011005,2181.64163822526,52.6743822525597,84.5085324232082,0.299524405514534,63.5479708777808
1240,Descent,31.4,734.223065805404,-41.8666666666667,60.610049937568,40.8175492505755,2173.37201365188,52.7588344709897,84.3959044368601,0.299524405514534,63.5392486555586
1241,Descent,31.4,734.252267737478,-41.8666666666667,60.6017298151926,40.8260881627002,2165.1023890785,52.8431740614334,84.2832764505119,0.299524405514534,63.5305264333364
1242,Descent,31.4,734.278057334794,-41.8666666666667,60.5934096928172,40.8346273945904,2156.83276450512,52.9274010238908,84.1706484641638,0.299524405514534,63.5218042111142
1243,Descent,31.4,734.301739397044,-41.8666666666667,60.5850895704418,40.8431669141492,2148.56313993174,53.0115153583618,84.0580204778157,0.299524405514534,63.5130819888919
1244,Descent,31.4,734.320831930429,-41.8666666666667,60.5767694480664,40.8517066824343,2140.29351535836,53.0955170648464,83.9453924914676,0.299524405514534,63.5043597666697
1245,Descent,31.4,734.339924463813,-41.8666666666667,60.568449325691,40.8602466727585,2132.02389078498,53.1794061433447,83.8327645051195,0.299524405514534,63.4956375444475
1246,Descent,31.4,734.355780652382,-41.8666666666667,60.5601292033155,40.8687868663031,2123.7542662116,53.2631825938566,83.7201365187713,0.299524405514534,63.4869153222253
1247,Descent,31.4,734.368747791729,-41.8666666666667,60.5518090809402,40.87732722745,2115.48464163823,53.3468464163822,83.6075085324232,0.299524405514534,63.4781931000031
1248,Descent,31.4,734.381714931077,-41.8666666666667,60.5434889585647,40.8858677393999,2107.21501706485,53.4303976109215,83.4948805460751,0.299524405514534,63.4694708777808
1249,Descent,31.4,734.39107620558,-41.8666666666667,60.5351688361893,40.8944083811854,2098.94539249147,53.5138361774744,83.382252559727,0.299524405514534,63.4607486555586
1250,Descent,31.4,734.399183703841,-41.8666666666667,60.5268487138139,40.9029491245485,2090.67576791809,53.5971621160409,83.2696245733788,0.299524405514534,63.4520264333364
1251,Descent,31.4,734.407291202102,-41.8666666666667,60.5185285914385,40.9114899621989,2082.40614334471,53.6803754266212,83.1569965870307,0.299524405514534,63.4433042111142
1252,Descent,31.4,734.411287714489,-41.8666666666667,60.5102084690631,40.9200308702319,2074.13651877133,53.763476109215,83.0443686006826,0.299524405514534,63.4345819888919
1253,Descent,31.4,734.415093469313,-41.8666666666667,60.5018883466877,40.9285718236336,2065.86689419795,53.8464641638225,82.9317406143345,0.299524405514534,63.4258597666697
1254,Descent,31.4,734.418899224137,-41.8666666666667,60.4935682243123,40.9371128212948,2057.59726962457,53.9293395904437,82.8191126279863,0.299524405514534,63.4171375444475
1255,Descent,31.4,734.421560921674,-41.8666666666667,60.4852481019369,40.9456538565631,2049.32764505119,54.0121023890785,82.7064846416382,0.299524405514534,63.4084153222253
1256,Descent,31.4,734.421523959087,-41.8666666666667,60.4769279795615,40.9541949070937,2041.05802047782,54.094752559727,82.5938566552901,0.299524405514534,63.3996931000031
1257,Descent,31.4,734.421486996501,-41.8666666666667,60.4686078571861,40.9627359571944,2032.78839590444,54.1772901023891,82.481228668942,0.299524405514534,63.3909708777808
1258,Descent,31.4,734.421450033914,-41.8666666666667,60.4602877348107,40.9712770068653,2024.51877133106,54.2597150170648,82.3686006825939,0.299524405514534,63.3822486555586
1259,Descent,31.4,734.41963407979,-41.8666666666667,60.4519676124353,40.9798180457618,2016.24914675768,54.3420273037543,82.2559726962457,0.299524405514534,63.3735264333364
1260,Descent,31.4,734.416816513358,-41.8666666666667,60.4436474900599,40.9883590577153,2007.9795221843,54.4242269624573,82.1433447098976,0.299524405514534,63.3648042111142
1261,Descent,31.4,734.413998946926,-41.8666666666667,60.4353273676845,40.9969000369015,1999.70989761092,54.5063139931741,82.0307167235495,0.299524405514534,63.3560819888919
1262,Descent,31.4,734.411181380493,-41.8666666666667,60.4270072453091,41.0054409833204,1991.44027303754,54.5882883959044,81.9180887372014,0.299524405514534,63.3473597666697
1263,Descent,31.4,734.406190066753,-41.8666666666667,60.4186871229337,41.0139818843322,1983.17064846416,54.6701501706485,81.8054607508532,0.299524405514534,63.3386375444475
1264,Descent,31.4,734.401158572864,-41.8666666666667,60.4103670005583,41.0225227270631,1974.90102389078,54.7518993174061,81.6928327645051,0.299524405514534,63.3299153222253
1265,Descent,31.4,734.396127078976,-41.8666666666667,60.4020468781829,41.0310635112797,1966.63139931741,54.8335358361775,81.580204778157,0.299524405514534,63.3211931000031
1266,Descent,31.4,734.391095585087,-41.8666666666667,60.3937267558075,41.0396042369819,1958.36177474403,54.9150597269624,81.4675767918089,0.299524405514534,63.3124708777808
1267,Descent,31.4,734.385572359088,-41.8666666666667,60.3854066334321,41.0481449013103,1950.09215017065,54.9964709897611,81.3549488054608,0.299524405514534,63.3037486555586
1268,Descent,31.4,734.378733699896,-41.8666666666667,60.3770865110567,41.0566854937566,1941.82252559727,55.0777696245734,81.2423208191126,0.299524405514534,63.2950264333364
1269,Descent,31.4,734.371895040704,-41.8666666666667,60.3687663886813,41.0652260066719,1933.55290102389,55.1589556313993,81.1296928327645,0.299524405514534,63.2863042111142
1270,Descent,31.4,734.365056381512,-41.8666666666667,60.3604462663059,41.0737664400561,1925.28327645051,55.2400290102389,81.0170648464164,0.299524405514534,63.2775819888919
1271,Descent,31.4,734.358217722319,-41.8666666666667,60.3521261439305,41.0823067939092,1917.01365187713,55.3209897610921,80.9044368600683,0.299524405514534,63.2688597666697
1272,Descent,31.4,734.350650602196,-41.8666666666667,60.343806021555,41.0908470639954,1908.74402730375,55.401837883959,80.7918088737201,0.299524405514534,63.2601375444475
1273,Descent,31.4,734.342516559367,-41.8666666666667,60.3354858991797,41.0993872427822,1900.47440273038,55.4825733788396,80.679180887372,0.299524405514534,63.2514153222253
1274,Descent,31.4,734.334382516539,-41.8666666666667,60.3271657768042,41.1079273269731,1892.204778157,55.5631962457338,80.5665529010239,0.299524405514534,63.242693100003
1275,Descent,31.4,734.326248473711,-41.8666666666667,60.3188456544288,41.1164673165682,1883.93515358362,55.6437064846416,80.4539249146758,0.299524405514534,63.2339708777808
1276,Descent,31.4,734.318114430882,-41.8666666666667,60.3105255320534,41.1250072115673,1875.66552901024,55.7241040955631,80.3412969283277,0.299524405514534,63.2252486555586
1277,Descent,31.4,734.309980388054,-41.8666666666667,60.302205409678,41.1335470119705,1867.39590443686,55.8043890784983,80.2286689419795,0.299524405514534,63.2165264333364
1278,Descent,31.4,734.301243827518,-41.8666666666667,60.2938852873026,41.1420867142742,1859.12627986348,55.8845614334471,80.1160409556314,0.299524405514534,63.2078042111141
1279,Descent,31.4,734.29215344265,-41.8666666666667,60.2855651649272,41.1506263129176,1850.8566552901,55.9646211604095,80.0034129692833,0.299524405514534,63.1990819888919
1280,Descent,31.4,734.283063057782,-41.8666666666667,60.2772450425518,41.1591658058432,1842.58703071672,56.0445682593857,79.8907849829352,0.299524405514534,63.1903597666697
1281,Descent,31.4,734.273972672914,-41.8666666666667,60.2689249201764,41.167705193051,1834.31740614334,56.1244027303754,79.778156996587,0.299524405514534,63.1816375444475
1282,Descent,31.4,734.264882288046,-41.8666666666667,60.260604797801,41.1762444745409,1826.04778156997,56.2041245733788,79.6655290102389,0.299524405514534,63.1729153222253
1283,Descent,31.4,734.255791903178,-41.8666666666667,60.2522846754256,41.1847836503131,1817.77815699659,56.2837337883959,79.5529010238908,0.299524405514534,63.164193100003
1284,Descent,31.4,734.246276594186,-41.8666666666667,60.2439645530502,41.1933227178966,1809.50853242321,56.3632303754266,79.4402730375427,0.299524405514534,63.1554708777808
1285,Descent,31.4,734.23657716935,-41.8666666666667,60.2356444306748,41.2018616737499,1801.23890784983,56.442614334471,79.3276450511945,0.299524405514534,63.1467486555586
1286,Descent,31.4,734.226877744514,-41.8666666666667,60.2273243082994,41.2104005168026,1792.96928327645,56.521885665529,79.2150170648464,0.299524405514534,63.1380264333364
1287,Descent,31.4,734.217178319678,-41.8666666666667,60.219004185924,41.2189392470545,1784.69965870307,56.6010443686007,79.1023890784983,0.299524405514534,63.1293042111142
1288,Descent,31.4,734.207478894842,-41.8666666666667,60.2106840635486,41.2274778645057,1776.43003412969,56.680090443686,78.9897610921502,0.299524405514534,63.1205819888919
1289,Descent,31.4,734.197779470006,-41.8666666666667,60.2023639411732,41.2360163691562,1768.16040955631,56.759023890785,78.877133105802,0.299524405514534,63.1118597666697
1290,Descent,31.4,734.18808004517,-41.8666666666667,60.1940438187978,41.244554761006,1759.89078498294,56.8378447098976,78.7645051194539,0.299524405514534,63.1031375444475
1291,Descent,31.4,734.178380620334,-41.8666666666667,60.1857236964224,41.253093040055,1751.62116040956,56.9165529010239,78.6518771331058,0.299524405514534,63.0944153222253
1292,Descent,31.4,734.1682722827,-41.8666666666667,60.177403574047,41.2616312039256,1743.35153583618,56.9951484641638,78.5392491467577,0.299524405514534,63.085693100003
1293,Descent,31.4,734.158150091406,-41.8666666666667,60.1690834516716,41.2701692501594,1735.0819112628,57.0736313993174,78.4266211604096,0.299524405514534,63.0769708777808
1294,Descent,31.4,734.148027900112,-41.8666666666667,60.1607633292962,41.2787071786759,1726.81228668942,57.1520017064846,78.3139931740614,0.299524405514534,63.0682486555586
1295,Descent,31.4,734.137905708817,-41.8666666666667,60.1524432069208,41.287244989475,1718.54266211604,57.2302593856655,78.2013651877133,0.299524405514534,63.0595264333364
1296,Descent,31.4,734.127783517523,-41.8666666666667,60.1441230845454,41.2957826825568,1710.27303754266,57.3084044368601,78.0887372013652,0.299524405514534,63.0508042111141
1297,Descent,31.4,734.117661326228,-41.8666666666667,60.1358029621699,41.3043202579213,1702.00341296928,57.3864368600683,77.9761092150171,0.299524405514534,63.0420819888919
1298,Descent,31.4,734.107539134934,-41.8666666666667,60.1274828397945,41.3128577155684,1693.7337883959,57.4643566552901,77.8634812286689,0.299524405514534,63.0333597666697
1299,Descent,31.4,734.097416943639,-41.8666666666667,60.1191627174191,41.3213950554982,1685.46416382253,57.5421638225256,77.7508532423208,0.299524405514534,63.0246375444475
1300,Descent,31.4,734.087294752345,-41.8666666666667,60.1108425950437,41.3299322777106,1677.19453924915,57.6198583617747,77.6382252559727,0.299524405514534,63.0159153222253
1301,Descent,31.4,734.077108557564,-41.8666666666667,60.1025224726683,41.3384693818336,1668.92491467577,57.6974402730375,77.5255972696246,0.299524405514534,63.007193100003
1302,Descent,31.4,734.066746403627,-41.8666666666667,60.0942023502929,41.3470063664717,1660.65529010239,57.774909556314,77.4129692832765,0.299524405514534,62.9984708777808
1303,Descent,31.4,734.05638424969,-41.8666666666667,60.0858822279175,41.3555432306018,1652.38566552901,57.8522662116041,77.3003412969283,0.299524405514534,62.9897486555586
1304,Descent,31.4,734.046022095753,-41.8666666666667,60.0775621055421,41.3640799742239,1644.11604095563,57.9295102389078,77.1877133105802,0.299524405514534,62.9810264333364
1305,Descent,31.4,734.035659941816,-41.8666666666667,60.0692419831667,41.3726165973379,1635.84641638225,58.0066416382252,77.0750853242321,0.299524405514534,62.9723042111142
1306,Descent,31.4,734.025297787879,-41.8666666666667,60.0609218607913,41.381153099944,1627.57679180887,58.0836604095563,76.962457337884,0.299524405514534,62.9635819888919
1307,Descent,31.4,734.014935633942,-41.8666666666667,60.0526017384159,41.3896894820421,1619.30716723549,58.160566552901,76.8498293515358,0.299524405514534,62.9548597666697
1308,Descent,31.4,734.004573480005,-41.8666666666667,60.0442816160405,41.3982257436321,1611.03754266212,58.2373600682594,76.7372013651877,0.299524405514534,62.9461375444475
1309,Descent,31.4,733.994211326067,-41.8666666666667,60.0359614936651,41.4067618847141,1602.76791808874,58.3140409556314,76.6245733788396,0.299524405514534,62.9374153222253
1310,Descent,31.4,733.98384917213,-41.8666666666667,60.0276413712897,41.4152979052881,1594.49829351536,58.3906092150171,76.5119453924915,0.299524405514534,62.928693100003
1311,Descent,31.4,733.972716094659,-41.8666666666667,60.0193212489143,41.4238338008713,1586.22866894198,58.4670648464164,76.3993174061433,0.299524405514534,62.9199708777808
1312,Descent,31.4,733.959463584908,-41.8666666666667,60.0110011265389,41.4323695546569,1577.9590443686,58.5434078498294,76.2866894197952,0.299524405514534,62.9112486555586
1313,Descent,31.4,733.946211075158,-41.8666666666667,60.0026810041635,41.4409051543206,1569.68941979522,58.619638225256,76.1740614334471,0.299524405514534,62.9025264333364
1314,Descent,31.4,733.932958565408,-41.8666666666667,59.9943608817881,41.4494405998626,1561.41979522184,58.6957559726962,76.061433447099,0.299524405514534,62.8938042111141
1315,Descent,31.4,733.919706055658,-41.8666666666667,59.9860407594127,41.4579758912828,1553.15017064846,58.7717610921502,75.9488054607508,0.299524405514534,62.8850819888919
1316,Descent,31.4,733.906453545907,-41.8666666666667,59.9777206370373,41.4665110285813,1544.88054607509,58.8476535836177,75.8361774744027,0.299524405514534,62.8763597666697
1317,Descent,31.4,733.893201036157,-41.8666666666667,59.9694005146619,41.4750460117579,1536.61092150171,58.923433447099,75.7235494880546,0.299524405514534,62.8676375444475
1318,Descent,31.4,733.879948526407,-41.8666666666667,59.9610803922865,41.4835808408128,1528.34129692833,58.9991006825939,75.6109215017065,0.299524405514534,62.8589153222253
1319,Descent,31.4,733.866696016656,-41.8666666666667,59.9527602699111,41.4921155157458,1520.07167235495,59.0746552901024,75.4982935153584,0.299524405514534,62.850193100003
1320,Descent,31.4,733.853443506906,-41.8666666666667,59.9444401475357,41.5006500365572,1511.80204778157,59.1500972696246,75.3856655290102,0.299524405514534,62.8414708777808
1321,Descent,31.4,733.839921416104,-41.8666666666667,59.9361200251602,41.5091844016791,1503.53242320819,59.2254266211604,75.2730375426621,0.299524405514534,62.8327486555586
1322,Descent,31.4,733.825658189825,-41.8666666666667,59.9277999027848,41.5177186052346,1495.26279863481,59.3006433447099,75.160409556314,0.299524405514534,62.8240264333364
1323,Descent,31.4,733.811394963545,-41.8666666666667,59.9194797804094,41.526252642914,1486.99317406143,59.375747440273,75.0477815699659,0.299524405514534,62.8153042111141
1324,Descent,31.4,733.797131737265,-41.8666666666667,59.911159658034,41.5347865147175,1478.72354948805,59.4507389078498,74.9351535836177,0.299524405514534,62.8065819888919
1325,Descent,31.4,733.782868510986,-41.8666666666667,59.9028395356586,41.5433202206448,1470.45392491468,59.5256177474403,74.8225255972696,0.299524405514534,62.7978597666697
1326,Descent,31.4,733.768605284706,-41.8666666666667,59.8945194132832,41.5518537606962,1462.1843003413,59.6003839590444,74.7098976109215,0.299524405514534,62.7891375444475
1327,Descent,31.4,733.754342058426,-41.8666666666667,59.8861992909078,41.5603871348714,1453.91467576792,59.6750375426621,74.5972696245734,0.299524405514534,62.7804153222252
1328,Descent,31.4,733.740078832147,-41.8666666666667,59.8778791685324,41.5689203431707,1445.64505119454,59.7495784982935,74.4846416382253,0.299524405514534,62.771693100003
1329,Descent,31.4,733.725815605867,-41.8666666666667,59.869559046157,41.5774533855939,1437.37542662116,59.8240068259386,74.3720136518771,0.299524405514534,62.7629708777808
1330,Descent,31.4,733.711552379587,-41.8666666666667,59.8612389237816,41.5859862621411,1429.10580204778,59.8983225255973,74.259385665529,0.299524405514534,62.7542486555586
1331,Descent,31.4,733.697285474206,-41.8666666666667,59.8529188014062,41.5945189727908,1420.8361774744,59.9725255972696,74.1467576791809,0.299524405514534,62.7455264333364
1332,Descent,31.4,733.683008454194,-41.8666666666667,59.8445986790308,41.6030515174629,1412.56655290102,60.0466160409556,74.0341296928328,0.299524405514534,62.7368042111141
1333,Descent,31.4,733.668731434181,-41.8666666666667,59.8362785566554,41.6115838960986,1404.29692832764,60.1205938566553,73.9215017064846,0.299524405514534,62.7280819888919
1334,Descent,31.4,733.654454414169,-41.8666666666667,59.82795843428,41.6201161086978,1396.02730375427,60.1944590443686,73.8088737201365,0.299524405514534,62.7193597666697
1335,Descent,31.4,733.640177394157,-41.8666666666667,59.8196383119046,41.6286481552605,1387.75767918089,60.2682116040956,73.6962457337884,0.299524405514534,62.7106375444475
1336,Descent,31.4,733.625900374145,-41.8666666666667,59.8113181895292,41.6371800357868,1379.48805460751,60.3418515358362,73.5836177474403,0.299524405514534,62.7019153222252
1337,Descent,31.4,733.611623354132,-41.8666666666667,59.8029980671538,41.6457117502766,1371.21843003413,60.4153788395904,73.4709897610922,0.299524405514534,62.693193100003
1338,Descent,31.4,733.59734633412,-41.8666666666667,59.7946779447784,41.65424329873,1362.94880546075,60.4887935153584,73.358361774744,0.299524405514534,62.6844708777808
1339,Descent,31.4,733.583069314108,-41.8666666666667,59.786357822403,41.6627746811469,1354.67918088737,60.5620955631399,73.2457337883959,0.299524405514534,62.6757486555586
1340,Descent,31.4,733.568792294096,-41.8666666666667,59.7780377000276,41.6713058975274,1346.40955631399,60.6352849829352,73.1331058020478,0.299524405514534,62.6670264333364
1341,Descent,31.4,733.554513615911,-41.8666666666667,59.7697175776522,41.6798369478617,1338.13993174061,60.708361774744,73.0204778156997,0.299524405514534,62.6583042111141
1342,Descent,31.4,733.54023037906,-41.8666666666667,59.7613974552768,41.6883678321139,1329.87030716724,60.7813259385666,72.9078498293515,0.299524405514534,62.6495819888919
1343,Descent,31.4,733.525947142208,-41.8666666666667,59.7530773329014,41.6968985502572,1321.60068259386,60.8541774744027,72.7952218430034,0.299524405514534,62.6408597666697
1344,Descent,31.4,733.511663905357,-41.8666666666667,59.7447572105259,41.7054291022918,1313.33105802048,60.9269163822526,72.6825938566553,0.299524405514534,62.6321375444475
1345,Descent,31.4,733.497380668505,-41.8666666666667,59.7364370881506,41.7139594882177,1305.0614334471,60.999542662116,72.5699658703072,0.299524405514534,62.6234153222252
1346,Descent,31.4,733.483097431654,-41.8666666666667,59.7281169657751,41.7224897080348,1296.79180887372,61.0720563139932,72.457337883959,0.299524405514534,62.614693100003
1347,Descent,31.4,733.468814194803,-41.8666666666667,59.7197968433997,41.7310197617431,1288.52218430034,61.144457337884,72.3447098976109,0.299524405514534,62.6059708777808
1348,Descent,31.4,733.454530957951,-41.8666666666667,59.7114767210243,41.7395496493427,1280.25255972696,61.2167457337884,72.2320819112628,0.299524405514534,62.5972486555586
1349,Descent,31.4,733.4402477211,-41.8666666666667,59.7031565986489,41.7480793708336,1271.98293515358,61.2889215017065,72.1194539249147,0.299524405514534,62.5885264333364
1350,Descent,31.4,733.425964484248,-41.8666666666667,59.6948364762735,41.7566089262156,1263.7133105802,61.3609846416382,72.0068259385665,0.299524405514534,62.5798042111141
1351,Descent,31.4,733.411680291723,-41.8666666666667,59.6865163538981,41.7651383154834,1255.44368600683,61.4329351535836,71.8941979522184,0.299524405514534,62.5710819888919
1352,Descent,31.4,733.397393471845,-41.8666666666667,59.6781962315227,41.773667538616,1247.17406143345,61.5047730375427,71.7815699658703,0.299524405514534,62.5623597666697
1353,Descent,31.4,733.383106651968,-41.8666666666667,59.6698761091473,41.7821965955982,1238.90443686007,61.5764982935153,71.6689419795222,0.299524405514534,62.5536375444475
1354,Descent,31.4,733.368819832091,-41.8666666666667,59.6615559867719,41.79072548643,1230.63481228669,61.6481109215017,71.5563139931741,0.299524405514534,62.5449153222252
1355,Descent,31.4,733.354533012214,-41.8666666666667,59.6532358643965,41.7992542111114,1222.36518771331,61.7196109215017,71.4436860068259,0.299524405514534,62.536193100003
1356,Descent,31.4,733.340246192336,-41.8666666666667,59.6449157420211,41.8077827696423,1214.09556313993,61.7909982935154,71.3310580204778,0.299524405514534,62.5274708777808
1357,Descent,31.4,733.325959372459,-41.8666666666667,59.6365956196457,41.8163111620228,1205.82593856655,61.8622730375427,71.2184300341297,0.299524405514534,62.5187486555586
1358,Descent,31.4,733.311672552582,-41.8666666666667,59.6282754972703,41.8248393882529,1197.55631399317,61.9334351535836,71.1058020477816,0.299524405514534,62.5100264333363
1359,Descent,31.4,733.297385732704,-41.8666666666667,59.6199553748949,41.8333674483326,1189.2866894198,62.0044846416382,70.9931740614335,0.299524405514534,62.5013042111141
1360,Descent,31.4,733.283098912827,-41.8666666666667,59.6116352525195,41.8418953422618,1181.01706484642,62.0754215017065,70.8805460750853,0.299524405514534,62.4925819888919
1361,Descent,31.4,733.26881143825,-41.8666666666667,59.6033151301441,41.8504230700368,1172.74744027304,62.1462457337884,70.7679180887372,0.299524405514534,62.4838597666697
1362,Descent,31.4,733.254522163763,-41.8666666666667,59.5949950077687,41.8589506316433,1164.47781569966,62.216957337884,70.6552901023891,0.299524405514534,62.4751375444475
1363,Descent,31.4,733.240232889276,-41.8666666666667,59.5866748853933,41.8674780270708,1156.20819112628,62.2875563139932,70.542662116041,0.299524405514534,62.4664153222252
1364,Descent,31.4,733.225943614789,-41.8666666666667,59.5783547630179,41.8760052563194,1147.9385665529,62.358042662116,70.4300341296928,0.299524405514534,62.457693100003
1365,Descent,31.4,733.211654340302,-41.8666666666667,59.5700346406425,41.884532319389,1139.66894197952,62.4284163822526,70.3174061433447,0.299524405514534,62.4489708777808
1366,Descent,31.4,733.197365065815,-41.8666666666667,59.5617145182671,41.8930592162796,1131.39931740614,62.4986774744027,70.2047781569966,0.299524405514534,62.4402486555586
1367,Descent,31.4,733.183075791328,-41.8666666666667,59.5533943958917,41.9015859469912,1123.12969283276,62.5688259385666,70.0921501706485,0.299524405514534,62.4315264333364
1368,Descent,31.4,733.168786516841,-41.8666666666667,59.5450742735162,41.9101125115239,1114.86006825939,62.638861774744,69.9795221843003,0.299524405514534,62.4228042111141
1369,Descent,31.4,733.154497242354,-41.8666666666667,59.5367541511409,41.9186389098776,1106.59044368601,62.7087849829352,69.8668941979522,0.299524405514534,62.4140819888919
1370,Descent,31.4,733.140207967867,-41.8666666666667,59.5284340287654,41.9271651420524,1098.32081911263,62.7785955631399,69.7542662116041,0.299524405514534,62.4053597666697
1371,Descent,31.4,733.125824809833,-41.8666666666667,59.5201139063901,41.9356912075022,1090.05119453925,62.8482935153584,69.641638225256,0.299524405514534,62.3966375444475
1372,Descent,31.4,733.111183546016,-41.8666666666667,59.5117937840146,41.9442171041804,1081.78156996587,62.9178788395904,69.5290102389079,0.299524405514534,62.3879153222252
1373,Descent,31.4,733.096542282199,-41.8666666666667,59.5034736616392,41.9527428305862,1073.51194539249,62.9873515358362,69.4163822525597,0.299524405514534,62.379193100003
1374,Descent,31.4,733.081901018382,-41.8666666666667,59.4951535392638,41.9612683867195,1065.24232081911,63.0567116040956,69.3037542662116,0.299524405514534,62.3704708777808
1375,Descent,31.4,733.067259754565,-41.8666666666667,59.4868334168884,41.9697937725802,1056.97269624573,63.1259590443686,69.1911262798635,0.299524405514534,62.3617486555586
1376,Descent,31.4,733.052618490749,-41.8666666666667,59.478513294513,41.9783189881686,1048.70307167236,63.1950938566553,69.0784982935154,0.299524405514534,62.3530264333363
1377,Descent,31.4,733.037977226932,-41.8666666666667,59.4701931721376,41.9868440334844,1040.43344709898,63.2641160409556,68.9658703071672,0.299524405514534,62.3443042111141
1378,Descent,31.4,733.023335963115,-41.8666666666667,59.4618730497622,41.9953689085278,1032.1638225256,63.3330255972696,68.8532423208191,0.299524405514534,62.3355819888919
1379,Descent,31.4,733.008694699298,-41.8666666666667,59.4535529273868,42.0038936132987,1023.89419795222,63.4018225255973,68.740614334471,0.299524405514534,62.3268597666697
1380,Descent,31.4,732.994053435481,-41.8666666666667,59.4452328050114,42.0124181477971,1015.62457337884,63.4705068259386,68.6279863481229,0.299524405514534,62.3181375444474
1381,Descent,31.4,732.979377449221,-41.8666666666667,59.436912682636,42.0209425118211,1007.35494880546,63.5390784982935,68.5153583617747,0.299524405514534,62.3094153222252
1382,Descent,31.4,732.964606003603,-41.8666666666667,59.4285925602606,42.0294667046138,999.085324232082,63.6075375426621,68.4027303754266,0.299524405514534,62.300693100003
1383,Descent,31.4,732.949834557984,-41.8666666666667,59.4202724378852,42.03799072562,990.815699658703,63.6758839590444,68.2901023890785,0.299524405514534,62.2919708777808
1384,Descent,31.4,732.935063112365,-41.8666666666667,59.4119523155098,42.0465145748398,982.546075085324,63.7441177474403,68.1774744027304,0.299524405514534,62.2832486555586
1385,Descent,31.4,732.920291666746,-41.8666666666667,59.4036321931344,42.0550382522731,974.276450511945,63.8122389078498,68.0648464163823,0.299524405514534,62.2745264333363
1386,Descent,31.4,732.905520221128,-41.8666666666667,59.395312070759,42.06356175792,966.006825938566,63.880247440273,67.9522184300341,0.299524405514534,62.2658042111141
1387,Descent,31.4,732.890748775509,-41.8666666666667,59.3869919483836,42.0720850917805,957.737201365188,63.9481433447099,67.839590443686,0.299524405514534,62.2570819888919
1388,Descent,31.4,732.87597732989,-41.8666666666667,59.3786718260082,42.0806082538545,949.467576791809,64.0159266211604,67.7269624573379,0.299524405514534,62.2483597666697
1389,Descent,31.4,732.861205884271,-41.8666666666667,59.3703517036328,42.0891312441421,941.19795221843,64.0835972696246,67.6143344709898,0.299524405514534,62.2396375444474
1390,Descent,31.4,732.846434438653,-41.8666666666667,59.3620315812574,42.0976540626432,932.928327645051,64.1511552901024,67.5017064846416,0.299524405514534,62.2309153222252
1391,Descent,31.4,732.831662525258,-41.8666666666667,59.353711458882,42.1061767093552,924.658703071672,64.2186006825939,67.3890784982935,0.299524405514534,62.222193100003
1392,Descent,31.4,732.816889325848,-41.8666666666667,59.3453913365066,42.1146991842678,916.389078498293,64.285933447099,67.2764505119454,0.299524405514534,62.2134708777808
1393,Descent,31.4,732.802116126438,-41.8666666666667,59.3370712141312,42.1232214873736,908.119453924915,64.3531535836177,67.1638225255973,0.299524405514534,62.2047486555586
1394,Descent,31.4,732.787342927027,-41.8666666666667,59.3287510917557,42.1317436186725,899.849829351536,64.4202610921502,67.0511945392491,0.299524405514534,62.1960264333363
1395,Descent,31.4,732.772569727617,-41.8666666666667,59.3204309693803,42.1402655781646,891.580204778157,64.4872559726962,66.938566552901,0.299524405514534,62.1873042111141
1396,Descent,31.4,732.757796528207,-41.8666666666667,59.3121108470049,42.1487873658499,883.310580204778,64.554138225256,66.8259385665529,0.299524405514534,62.1785819888919
1397,Descent,31.4,732.743023328797,-41.8666666666667,59.3037907246295,42.1573089817283,875.040955631399,64.6209078498294,66.7133105802048,0.299524405514534,62.1698597666697
1398,Descent,31.4,732.728250129386,-41.8666666666667,59.2954706022541,42.1658304257999,866.77133105802,64.6875648464164,66.6006825938567,0.299524405514534,62.1611375444474
1399,Descent,31.4,732.713476929976,-41.8666666666667,59.2871504798787,42.1743516980647,858.501706484642,64.7541092150171,66.4880546075085,0.299524405514534,62.1524153222252
1400,Descent,31.4,732.698703730566,-41.8666666666667,59.2788303575033,42.1828727985226,850.232081911263,64.8205409556314,66.3754266211604,0.299524405514534,62.143693100003
1401,Descent,31.4,732.683930081293,-41.8666666666667,59.2705102351279,42.191393727171,841.962457337884,64.8868600682594,66.2627986348123,0.299524405514534,62.1349708777808
1402,Descent,31.4,732.669155195252,-41.8666666666667,59.2621901127525,42.1999144840002,833.692832764505,64.953066552901,66.1501706484642,0.299524405514534,62.1262486555585
1403,Descent,31.4,732.654380309212,-41.8666666666667,59.2538699903771,42.208435069003,825.423208191126,65.0191604095563,66.037542662116,0.299524405514534,62.1175264333363
1404,Descent,31.4,732.639605423171,-41.8666666666667,59.2455498680017,42.2169554821793,817.153583617747,65.0851416382253,65.9249146757679,0.299524405514534,62.1088042111141
1405,Descent,31.4,732.62483053713,-41.8666666666667,59.2372297456263,42.2254757235291,808.883959044369,65.1510102389078,65.8122866894198,0.299524405514534,62.1000819888919
1406,Descent,31.4,732.610055651089,-41.8666666666667,59.2289096232509,42.2339957930525,800.61433447099,65.2167662116041,65.6996587030717,0.299524405514534,62.0913597666697
1407,Descent,31.4,732.595280765049,-41.8666666666667,59.2205895008755,42.2425156907494,792.344709897611,65.282409556314,65.5870307167235,0.299524405514534,62.0826375444474
1408,Descent,31.4,732.580505879008,-41.8666666666667,59.2122693785001,42.2510354166199,784.075085324232,65.3479402730375,65.4744027303754,0.299524405514534,62.0739153222252
1409,Descent,31.4,732.565730992967,-41.8666666666667,59.2039492561247,42.259554970664,775.805460750853,65.4133583617747,65.3617747440273,0.299524405514534,62.065193100003
1410,Descent,31.4,732.550956106926,-41.8666666666667,59.1956291337493,42.2680743528816,767.535836177474,65.4786638225256,65.2491467576792,0.299524405514534,62.0564708777808
1411,Descent,31.4,732.536180778645,-41.8666666666667,59.1873090113739,42.2765935632701,759.266211604096,65.5438566552901,65.1365187713311,0.299524405514534,62.0477486555586
1412,Descent,31.4,732.521404234549,-41.8666666666667,59.1789888889985,42.28511260182,750.996587030717,65.6089368600683,65.0238907849829,0.299524405514534,62.0390264333363
1413,Descent,31.4,732.506627690452,-41.8666666666667,59.1706687666231,42.2936314685242,742.726962457338,65.6739044368601,64.9112627986348,0.299524405514534,62.0303042111141
1414,Descent,31.4,732.491851146356,-41.8666666666667,59.1623486442477,42.3021501633826,734.457337883959,65.7387593856655,64.7986348122867,0.299524405514534,62.0215819888919
1415,Descent,31.4,732.47707460226,-41.8666666666667,59.1540285218723,42.3106686863953,726.18771331058,65.8035017064846,64.6860068259386,0.299524405514534,62.0128597666696
1416,Descent,31.4,732.462298058164,-41.8666666666667,59.1457083994969,42.3191870375622,717.918088737201,65.8681313993174,64.5733788395904,0.299524405514534,62.0041375444474
1417,Descent,31.4,732.447521514068,-41.8666666666667,59.1373882771215,42.3277052168834,709.648464163823,65.9326484641638,64.4607508532423,0.299524405514534,61.9954153222252
1418,Descent,31.4,732.432744969972,-41.8666666666667,59.1290681547461,42.3362232243589,701.378839590444,65.9970529010239,64.3481228668942,0.299524405514534,61.986693100003
1419,Descent,31.4,732.417968425875,-41.8666666666667,59.1207480323706,42.3447410599887,693.109215017065,66.0613447098976,64.2354948805461,0.299524405514534,61.9779708777808
1420,Descent,31.4,732.403191881779,-41.8666666666667,59.1124279099952,42.3532587237727,684.839590443686,66.125523890785,64.122866894198,0.299524405514534,61.9692486555586
1421,Descent,31.4,732.388414898938,-41.8666666666667,59.1041077876198,42.3617762157084,676.569965870307,66.189590443686,64.0102389078498,0.299524405514534,61.9605264333363
1422,Descent,31.4,732.373636709896,-41.8666666666667,59.0957876652444,42.3702935357863,668.300341296928,66.2535443686007,63.8976109215017,0.299524405514534,61.9518042111141
1423,Descent,31.4,732.358858520853,-41.8666666666667,59.087467542869,42.3788106839993,660.030716723549,66.317385665529,63.7849829351536,0.299524405514534,61.9430819888919
1424,Descent,31.4,732.34408033181,-41.8666666666667,59.0791474204936,42.3873276603474,651.761092150171,66.381114334471,63.6723549488055,0.299524405514534,61.9343597666697
1425,Descent,31.4,732.329302142767,-41.8666666666667,59.0708272981182,42.3958444648307,643.491467576792,66.4447303754266,63.5597269624573,0.299524405514534,61.9256375444474
1426,Descent,31.4,732.314523953724,-41.8666666666667,59.0625071757428,42.4043610974491,635.221843003413,66.5082337883959,63.4470989761092,0.299524405514534,61.9169153222252
1427,Descent,31.4,732.299745764681,-41.8666666666667,59.0541870533674,42.4128775582027,626.952218430034,66.5716245733788,63.3344709897611,0.299524405514534,61.908193100003
1428,Descent,31.4,732.284967575638,-41.8666666666667,59.045866930992,42.4213938470913,618.682593856655,66.6349027303754,63.221843003413,0.299524405514534,61.8994708777808
1429,Descent,31.4,732.270189386595,-41.8666666666667,59.0375468086166,42.4299099641152,610.412969283276,66.6980682593857,63.1092150170648,0.299524405514534,61.8907486555585
1430,Descent,31.4,732.255411197552,-41.8666666666667,59.0292266862412,42.4384259092741,602.143344709898,66.7611211604096,62.9965870307167,0.299524405514534,61.8820264333363
1431,Descent,31.4,732.240632571659,-41.8666666666667,59.0209065638658,42.4469416825657,593.873720136519,66.8240614334471,62.8839590443686,0.299524405514534,61.8733042111141
1432,Descent,31.4,732.225852744771,-41.8666666666667,59.0125864414904,42.4554572839803,585.60409556314,66.8868890784983,62.7713310580205,0.299524405514534,61.8645819888919
1433,Descent,31.4,732.211072917884,-41.8666666666667,59.004266319115,42.463972713511,577.334470989761,66.9496040955631,62.6587030716724,0.299524405514534,61.8558597666696
1434,Descent,31.4,732.196293090997,-41.8666666666667,58.9959461967396,42.4724879711578,569.064846416382,67.0122064846417,62.5460750853242,0.299524405514534,61.8471375444474
1435,Descent,31.4,732.181513264109,-41.8666666666667,58.9876260743642,42.4810030569206,560.795221843003,67.0746962457338,62.4334470989761,0.299524405514534,61.8384153222252
1436,Descent,31.4,732.166733437222,-41.8666666666667,58.9793059519888,42.4895179707996,552.525597269625,67.1370733788396,62.320819112628,0.299524405514534,61.829693100003
1437,Descent,31.4,732.151953610335,-41.8666666666667,58.9709858296134,42.4980327127947,544.255972696246,67.1993378839591,62.2081911262799,0.299524405514534,61.8209708777808
1438,Descent,31.4,732.137173783447,-41.8666666666667,58.962665707238,42.5065472829058,535.986348122867,67.2614897610922,62.0955631399317,0.299524405514534,61.8122486555585
1439,Descent,31.4,732.12239395656,-41.8666666666667,58.9543455848626,42.515061681133,527.716723549488,67.3235290102389,61.9829351535836,0.299524405514534,61.8035264333363
1440,Descent,31.4,732.107614129672,-41.8666666666667,58.9460254624871,42.5235759074764,519.447098976109,67.3854556313993,61.8703071672355,0.299524405514534,61.7948042111141
1441,Descent,31.4,732.092833867155,-41.8666666666667,58.9377053401118,42.5320899619332,511.17747440273,67.4472696245734,61.7576791808874,0.299524405514534,61.7860819888919
1442,Descent,31.4,732.078052406998,-41.8666666666667,58.9293852177364,42.5406038444942,502.907849829352,67.5089709897611,61.6450511945392,0.299524405514534,61.7773597666696
1443,Descent,31.4,732.063270946841,-41.8666666666667,58.9210650953609,42.5491175551522,494.638225255973,67.5705597269625,61.5324232081911,0.299524405514534,61.7686375444474
1444,Descent,31.4,732.048489486684,-41.8666666666667,58.9127449729855,42.5576310939073,486.368600682594,67.6320358361775,61.419795221843,0.299524405514534,61.7599153222252
1445,Descent,31.4,732.033708026526,-41.8666666666667,58.9044248506101,42.5661444607595,478.098976109215,67.6933993174062,61.3071672354949,0.299524405514534,61.751193100003
1446,Descent,31.4,732.018926566369,-41.8666666666667,58.8961047282347,42.5746576557088,469.829351535836,67.7546501706485,61.1945392491468,0.299524405514534,61.7424708777808
1447,Descent,31.4,732.004145106212,-41.8666666666667,58.8877846058593,42.5831706787552,461.559726962457,67.8157883959045,61.0819112627986,0.299524405514534,61.7337486555585
1448,Descent,31.4,731.989363646055,-41.8666666666667,58.8794644834839,42.5916835298987,453.290102389079,67.8768139931741,60.9692832764505,0.299524405514534,61.7250264333363
1449,Descent,31.4,731.974582185898,-41.8666666666667,58.8711443611085,42.6001962091393,445.0204778157,67.9377269624573,60.8566552901024,0.299524405514534,61.7163042111141
1450,Descent,31.4,731.959800725741,-41.8666666666667,58.8628242387331,42.6087087164769,436.750853242321,67.9985273037543,60.7440273037543,0.299524405514534,61.7075819888919
1451,Descent,31.4,731.945018830846,-41.8666666666667,58.8545041163577,42.6172210519092,428.481228668942,68.0592150170649,60.6313993174061,0.299524405514534,61.6988597666696
1452,Descent,31.4,731.930235740764,-41.8666666666667,58.8461839939823,42.6257332154265,420.211604095563,68.1197901023891,60.518771331058,0.299524405514534,61.6901375444474
1453,Descent,31.4,731.915452650682,-41.8666666666667,58.8378638716069,42.6342452070219,411.941979522184,68.180252559727,60.4061433447099,0.299524405514534,61.6814153222252
1454,Descent,31.4,731.9006695606,-41.8666666666667,58.8295437492315,42.6427570266955,403.672354948806,68.2406023890785,60.2935153583618,0.299524405514534,61.672693100003
1455,Descent,31.4,731.885886470518,-41.8666666666667,58.8212236268561,42.6512686744473,395.402730375427,68.3008395904437,60.1808873720137,0.299524405514534,61.6639708777808
1456,Descent,31.4,731.871103380436,-41.8666666666667,58.8129035044807,42.6597801502772,387.133105802048,68.3609641638225,60.0682593856655,0.299524405514534,61.6552486555585
1457,Descent,31.4,731.856320290354,-41.8666666666667,58.8045833821053,42.6682914541852,378.863481228669,68.420976109215,59.9556313993174,0.299524405514534,61.6465264333363
1458,Descent,31.4,731.841537200272,-41.8666666666667,58.7962632597299,42.6768025861713,370.59385665529,68.4808754266212,59.8430034129693,0.299524405514534,61.6378042111141
1459,Descent,31.4,731.82675411019,-41.8666666666667,58.7879431373545,42.6853135462356,362.324232081911,68.540662116041,59.7303754266212,0.299524405514534,61.6290819888919
1460,Descent,31.4,731.811971020108,-41.8666666666667,58.7796230149791,42.693824334378,354.054607508532,68.6003361774744,59.617747440273,0.299524405514534,61.6203597666696
1461,Descent,31.4,731.797187496006,-41.8666666666667,58.7713028926037,42.7023349505961,345.784982935153,68.6598976109215,59.5051194539249,0.299524405514534,61.6116375444474
1462,Descent,31.4,731.782402778692,-41.8666666666667,58.7629827702283,42.7108453948803,337.515358361775,68.7193464163823,59.3924914675768,0.299524405514534,61.6029153222252
1463,Descent,31.4,731.767618061378,-41.8666666666667,58.7546626478529,42.7193556672237,329.245733788396,68.7786825938566,59.2798634812287,0.299524405514534,61.594193100003
1464,Descent,31.4,731.752833344064,-41.8666666666667,58.7463425254775,42.7278657676263,320.976109215017,68.8379061433447,59.1672354948805,0.299524405514534,61.5854708777807
1465,Descent,31.4,731.73804862675,-41.8666666666667,58.7380224031021,42.7363756960881,312.706484641638,68.8970170648464,59.0546075085324,0.299524405514534,61.5767486555585
1466,Descent,31.4,731.723263909436,-41.8666666666667,58.7297022807266,42.7448854526092,304.436860068259,68.9560153583618,58.9419795221843,0.299524405514534,61.5680264333363
1467,Descent,31.4,731.708479192121,-41.8666666666667,58.7213821583513,42.7533950371894,296.167235494881,69.0149010238908,58.8293515358362,0.299524405514534,61.5593042111141
1468,Descent,31.4,731.693694474807,-41.8666666666667,58.7130620359758,42.7619044498289,287.897610921502,69.0736740614334,58.7167235494881,0.299524405514534,61.5505819888918
1469,Descent,31.4,731.678909757493,-41.8666666666667,58.7047419136004,42.7704136905276,279.627986348123,69.1323344709897,58.6040955631399,0.299524405514534,61.5418597666696
1470,Descent,31.4,731.664125040179,-41.8666666666667,58.696421791225,42.7789227592855,271.358361774744,69.1908822525597,58.4914675767918,0.299524405514534,61.5331375444474
1471,Descent,31.4,731.649339889473,-41.8666666666667,58.6881016688496,42.7874316561001,263.088737201365,69.2493174061433,58.3788395904437,0.299524405514534,61.5244153222252
1472,Descent,31.4,731.634553547278,-41.8666666666667,58.6797815464742,42.7959403809619,254.819112627986,69.3076399317406,58.2662116040956,0.299524405514534,61.515693100003
1473,Descent,31.4,731.619767205084,-41.8666666666667,58.6714614240988,42.804448933864,246.549488054608,69.3658498293515,58.1535836177474,0.299524405514534,61.5069708777807
1474,Descent,31.4,731.60498086289,-41.8666666666667,58.6631413017234,42.8129573148065,238.279863481229,69.4239470989761,58.0409556313993,0.299524405514534,61.4982486555585
1475,Descent,31.4,731.590194520695,-41.8666666666667,58.654821179348,42.8214655237893,230.01023890785,69.4819317406143,57.9283276450512,0.299524405514534,61.4895264333363
1476,Descent,31.4,731.575408178501,-41.8666666666667,58.6465010569726,42.8299735608124,221.740614334471,69.5398037542662,57.8156996587031,0.299524405514534,61.4808042111141
1477,Descent,31.4,731.560621836307,-41.8666666666667,58.6381809345972,42.8384814258758,213.470989761092,69.5975631399317,57.703071672355,0.299524405514534,61.4720819888919
1478,Descent,31.4,731.545835494112,-41.8666666666667,58.6298608122218,42.8469891189796,205.201365187713,69.6552098976109,57.5904436860068,0.299524405514534,61.4633597666696
1479,Descent,31.4,731.531049151918,-41.8666666666667,58.6215406898464,42.8554966401236,196.931740614335,69.7127440273038,57.4778156996587,0.299524405514534,61.4546375444474
1480,Descent,31.4,731.516262809724,-41.8666666666667,58.613220567471,42.864003989308,188.662116040955,69.7701655290102,57.3651877133106,0.299524405514534,61.4459153222252
1481,Descent,31.4,731.50147603472,-41.8666666666667,58.6049004450956,42.8725111665302,180.392491467577,69.8274744027304,57.2525597269625,0.299524405514534,61.437193100003
1482,Descent,31.4,731.48668806983,-41.8666666666667,58.5965803227202,42.8810181717807,172.122866894198,69.8846706484642,57.1399317406143,0.299524405514534,61.4284708777807
1483,Descent,31.4,731.47190010494,-41.8666666666667,58.5882602003448,42.8895250050527,163.853242320819,69.9417542662116,57.0273037542662,0.299524405514534,61.4197486555585
1484,Descent,31.4,731.457112140051,-41.8666666666667,58.5799400779694,42.8980316663461,155.58361774744,69.9987252559727,56.9146757679181,0.299524405514534,61.4110264333363
1485,Descent,31.4,731.442324175161,-41.8666666666667,58.571619955594,42.906538155661,147.313993174062,70.0555836177474,56.80204778157,0.299524405514534,61.4023042111141
1486,Descent,31.4,731.427536210271,-41.8666666666667,58.5632998332186,42.9150444729973,139.044368600682,70.1123293515358,56.6894197952218,0.299524405514534,61.3935819888918
1487,Descent,31.4,731.412748245382,-41.8666666666667,58.5549797108432,42.923550618355,130.774744027304,70.1689624573379,56.5767918088737,0.299524405514534,61.3848597666696
1488,Descent,31.4,731.397960280492,-41.8666666666667,58.5466595884678,42.9320565917343,122.505119453925,70.2254829351536,56.4641638225256,0.299524405514534,61.3761375444474
1489,Descent,31.4,731.383172315602,-41.8666666666667,58.5383394660924,42.9405623931349,114.235494880546,70.2818907849829,56.3515358361775,0.299524405514534,61.3674153222252
1490,Descent,31.4,731.368384350712,-41.8666666666667,58.530019343717,42.949068022557,105.965870307167,70.3381860068259,56.2389078498294,0.299524405514534,61.358693100003
1491,Descent,31.4,731.353596144196,-41.8666666666667,58.5216992213415,42.9575734799991,97.6962457337881,70.3943686006826,56.1262798634812,0.299524405514534,61.3499708777807
1492,Descent,31.4,731.33880725805,-41.8666666666667,58.5133790989661,42.9660787654559,89.4266211604095,70.4504385665529,56.0136518771331,0.299524405514534,61.3412486555585
1493,Descent,31.4,731.324018192906,-41.8666666666667,58.5050589765907,42.9745838789225,81.1569965870308,70.5063959044369,55.901023890785,0.299524405514534,61.3325264333363
1494,Descent,31.4,731.309228967492,-41.8666666666667,58.4967388542153,42.9830888203967,72.8873720136521,70.5622406143345,55.7883959044369,0.299524405514534,61.3238042111141
1495,Descent,31.4,731.294439590869,-41.8666666666667,58.4884187318399,42.9915935898768,64.617747440273,70.6179726962457,55.6757679180887,0.299524405514534,61.3150819888919
1496,Descent,31.4,731.279650039874,-41.8666666666667,58.4800986094645,43.000098187361,56.3481228668943,70.6735921501707,55.5631399317406,0.299524405514534,61.3063597666696
1497,Descent,31.4,731.264860332734,-41.8666666666667,58.4717784870891,43.0086026128472,48.0784982935152,70.7290989761092,55.4505119453925,0.299524405514534,61.2976375444474
1498,Descent,31.4,731.250070461232,-41.8666666666667,58.4634583647137,43.0171068663337,39.8088737201365,70.7844931740615,55.3378839590444,0.299524405514534,61.2889153222252
1499,Descent,31.4,731.235280429044,-41.8666666666667,58.4551382423383,43.0256109478185,31.5392491467578,70.8397747440273,55.2252559726962,0.299524405514534,61.280193100003
1500,Descent,31.4,731.22781178971,-41.8666666666667,58.4468181199629,43.0341148998733,23.2696245733791,70.8949436860069,55.1126279863481,0.299524405514534,61.2714708777807
1501,Descent,-0,735.573826587939,0,58.4426580587752,43.0383668541863,15,70.95,55,0,61.2671097666696
