t_s,phase,P_demand_kW,V_pack,I_pack,SOC_pct,E_consumed_kWh,alt_m,range_km,v_mps,C_rate,E_remaining_kWh
0,Idle,10.5,799.083179183125,-14,100,0,0,0,0,0.100159434965051,104.832859766669
1,Idle,10.5,798.398170512381,-14,99.9972177934732,0.00310621373551904,0,0,0,0.100159434965051,104.829943100002
2,Idle,10.5,798.281292281849,-14,99.9944355869464,0.00621086824650782,0,0,0,0.100159434965051,104.827026433336
3,Idle,10.5,798.206778692602,-14,99.9916533804196,0.00931515060673592,0,0,0,0.100159434965051,104.824109766669
4,Idle,10.5,798.1425898534,-14,99.9888711738928,0.0124191632677976,0,0,0,0.100159434965051,104.821193100002
5,Idle,10.5,798.085337690259,-14,99.986088967366,0.0155229397935769,0,0,0,0.100159434965051,104.818276433336
6,Idle,10.5,798.033736181603,-14,99.9833067608392,0.0186265046594389,0,0,0,0.100159434965051,104.815359766669
7,Idle,10.5,797.987506118219,-14,99.9805245543124,0.0217298792972441,0,0,0,0.100159434965051,104.812443100002
8,Idle,10.5,797.946013354934,-14,99.9777423477856,0.0248330833628863,0,0,0,0.100159434965051,104.809526433336
9,Idle,10.5,797.908776255163,-14,99.9749601412587,0.0279361343426837,0,0,0,0.100159434965051,104.806609766669
10,Idle,10.5,797.87515002038,-14,99.9721779347319,0.031039047532664,0,0,0,0.100159434965051,104.803693100002
11,Idle,10.5,797.845180311936,-14,99.9693957282051,0.0341418370638657,0,0,0,0.100159434965051,104.800776433336
12,Idle,10.5,797.817585086832,-14,99.9666135216783,0.0372445146632522,0,0,0,0.100159434965051,104.797859766669
13,Idle,10.5,797.79222293549,-14,99.9638313151515,0.0403470892899623,0,0,0,0.100159434965051,104.794943100002
14,Idle,10.5,797.769946604217,-14,99.9610491086247,0.0434495712862895,0,0,0,0.100159434965051,104.792026433336
15,Idle,10.5,797.748716371123,-14,99.9582669020979,0.0465519686865193,0,0,0,0.100159434965051,104.789109766669
16,Idle,10.5,797.729496117719,-14,99.9554846955711,0.0496542874330254,0,0,0,0.100159434965051,104.786193100002
17,Idle,10.5,797.711766339826,-14,99.9527024890443,0.0527565343322484,0,0,0,0.100159434965051,104.783276433336
18,Idle,10.5,797.694982979874,-14,99.9499202825175,0.0558587141225922,0,0,0,0.100159434965051,104.780359766669
19,Idle,10.5,797.680063030557,-14,99.9471380759907,0.0589608322676125,0,0,0,0.100159434965051,104.777443100002
20,Idle,10.5,797.665394880548,-14,99.9443558694639,0.0620628928802175,0,0,0,0.100159434965051,104.774526433336
21,Idle,10.5,797.65200875132,-14,99.9415736629371,0.065164898942835,0,0,0,0.100159434965051,104.771609766669
22,Idle,10.5,797.639199682145,-14,99.9387914564102,0.0682668540703445,0,0,0,0.100159434965051,104.768693100002
23,Idle,10.5,797.627131107413,-14,99.9360092498834,0.0713687608246575,0,0,0,0.100159434965051,104.765776433336
24,Idle,10.5,797.615808256339,-14,99.9332270433566,0.0744706220956426,0,0,0,0.100159434965051,104.762859766669
25,Idle,10.5,797.604485405264,-14,99.9304448368298,0.0775724393333179,0,0,0,0.100159434965051,104.759943100002
26,Idle,10.5,797.594174522004,-14,99.927662630303,0.0806742145053987,0,0,0,0.100159434965051,104.757026433336
27,Idle,10.5,797.584057341109,-14,99.9248804237762,0.0837759499562437,0,0,0,0.100159434965051,104.754109766669
28,Idle,10.5,797.574102355266,-14,99.9220982172494,0.0868776463778755,0,0,0,0.100159434965051,104.751193100002
29,Idle,10.5,797.564884059516,-14,99.9193160107226,0.0899793055181265,0,0,0,0.100159434965051,104.748276433336
30,Idle,10.5,797.555665763767,-14,99.9165338041958,0.0930809288094495,0,0,0,0.100159434965051,104.745359766669
31,Idle,10.5,797.546447468017,-14,99.913751597669,0.0961825162518447,0,0,0,0.100159434965051,104.742443100002
32,Idle,10.5,797.537864511659,-14,99.9109693911422,0.099284069080694,0,0,0,0.100159434965051,104.739526433336
33,Idle,10.5,797.529332087005,-14,99.9081871846154,0.102385588629636,0,0,0,0.100159434965051,104.736609766669
34,Idle,10.5,797.52079966235,-14,99.9054049780886,0.105487074996926,0,0,0,0.100159434965051,104.733693100002
35,Idle,10.5,797.512584110495,-14,99.9026227715618,0.108588528798707,0,0,0,0.100159434965051,104.730776433336
36,Idle,10.5,797.50452307591,-14,99.8998405650349,0.111689950951569,0,0,0,0.100159434965051,104.727859766669
37,Idle,10.5,797.496462041326,-14,99.8970583585081,0.114791341755964,0,0,0,0.100159434965051,104.724943100002
38,Idle,10.5,797.488401006741,-14,99.8942761519813,0.117892701211891,0,0,0,0.100159434965051,104.722026433336
39,Idle,10.5,797.480518987775,-14,99.8914939454545,0.120994029667436,0,0,0,0.100159434965051,104.719109766669
40,Idle,10.5,797.472808419705,-14,99.8887117389277,0.124095327804061,0,0,0,0.100159434965051,104.716193100002
41,Idle,10.5,797.465097851636,-14,99.8859295324009,0.127196595955144,0,0,0,0.100159434965051,104.713276433336
42,Idle,10.5,797.457387283566,-14,99.8831473258741,0.130297834120685,0,0,0,0.100159434965051,104.710359766669
43,Idle,10.5,797.449676715497,-14,99.8803651193473,0.133399042300683,0,0,0,0.100159434965051,104.707443100002
44,Idle,10.5,797.442055294277,-14,99.8775829128205,0.13650022066848,0,0,0,0.100159434965051,104.704526433336
45,Idle,10.5,797.434562752541,-14,99.8748007062937,0.139601369648016,0,0,0,0.100159434965051,104.701609766669
46,Idle,10.5,797.427070210805,-14,99.8720184997669,0.142702489489889,0,0,0,0.100159434965051,104.698693100002
47,Idle,10.5,797.419577669069,-14,99.8692362932401,0.1458035801941,0,0,0,0.100159434965051,104.695776433336
48,Idle,10.5,797.412085127333,-14,99.8664540867133,0.148904641760648,0,0,0,0.100159434965051,104.692859766669
49,Idle,10.5,797.404626087094,-14,99.8636718801865,0.152005674254676,0,0,0,0.100159434965051,104.689943100002
50,Idle,10.5,797.397242681467,-14,99.8608896736596,0.155106677888393,0,0,0,0.100159434965051,104.687026433336
51,Idle,10.5,797.389859275841,-14,99.8581074671328,0.158207652808865,0,0,0,0.100159434965051,104.684109766669
52,Idle,10.5,797.382475870215,-14,99.855325260606,0.161308599016094,0,0,0,0.100159434965051,104.681193100002
53,Idle,10.5,797.375092464589,-14,99.8525430540792,0.164409516510078,0,0,0,0.100159434965051,104.678276433336
54,Idle,10.5,797.367709058963,-14,99.8497608475524,0.167510405290818,0,0,0,0.100159434965051,104.675359766669
55,Idle,10.5,797.360325653337,-14,99.8469786410256,0.170611265358315,0,0,0,0.100159434965051,104.672443100002
56,Idle,10.5,797.352972346814,-14,99.8441964344988,0.173712096771093,0,0,0,0.100159434965051,104.669526433336
57,Idle,10.5,797.345649718775,-14,99.841414227972,0.176812899647331,0,0,0,0.100159434965051,104.666609766669
58,Idle,10.5,797.338327090736,-14,99.8386320214452,0.179913674046683,0,0,0,0.100159434965051,104.663693100002
59,Idle,10.5,797.331004462698,-14,99.8358498149184,0.183014419969148,0,0,0,0.100159434965051,104.660776433336
60,Idle,10.5,797.323681834659,-14,99.8330676083916,0.186115137414726,0,0,0,0.100159434965051,104.657859766669
61,Idle,10.5,797.31635920662,-14,99.8302854018648,0.189215826383418,0,0,0,0.100159434965051,104.654943100002
62,Idle,10.5,797.309036578582,-14,99.827503195338,0.192316486875222,0,0,0,0.100159434965051,104.652026433336
63,Idle,10.5,797.301713950543,-14,99.8247209888112,0.19541711889014,0,0,0,0.100159434965051,104.649109766669
64,Idle,10.5,797.294391322504,-14,99.8219387822844,0.198517722428171,0,0,0,0.100159434965051,104.646193100002
65,Idle,10.5,797.287078185312,-14,99.8191565757575,0.201618297507769,0,0,0,0.100159434965051,104.643276433336
66,Idle,10.5,797.279781650774,-14,99.8163743692307,0.204718844179673,0,0,0,0.100159434965051,104.640359766669
67,Idle,10.5,797.272485116235,-14,99.8135921627039,0.207819362476164,0,0,0,0.100159434965051,104.637443100002
68,Idle,10.5,797.265188581696,-14,99.8108099561771,0.210919852397244,0,0,0,0.100159434965051,104.634526433336
69,Idle,10.5,797.257892047157,-14,99.8080277496503,0.214020313942911,0,0,0,0.100159434965051,104.631609766669
70,Idle,10.5,797.250595512618,-14,99.8052455431235,0.217120747113166,0,0,0,0.100159434965051,104.628693100002
71,Idle,10.5,797.243298978079,-14,99.8024633365967,0.220221151908009,0,0,0,0.100159434965051,104.625776433336
72,Idle,10.5,797.236002443541,-14,99.7996811300699,0.22332152832744,0,0,0,0.100159434965051,104.622859766669
73,Idle,10.5,797.228705909002,-14,99.7968989235431,0.226421876371459,0,0,0,0.100159434965051,104.619943100002
74,Idle,10.5,797.221409374463,-14,99.7941167170163,0.229522196040065,0,0,0,0.100159434965051,104.617026433336
75,Idle,10.5,797.214114746737,-14,99.7913345104895,0.232622487336968,0,0,0,0.100159434965051,104.614109766669
76,Idle,10.5,797.206823454664,-14,99.7885523039627,0.235722750272359,0,0,0,0.100159434965051,104.611193100002
77,Idle,10.5,797.19953216259,-14,99.7857700974359,0.238822984852726,0,0,0,0.100159434965051,104.608276433336
78,Idle,10.5,797.192240870517,-14,99.7829878909091,0.241923191078068,0,0,0,0.100159434965051,104.605359766669
79,Idle,10.5,797.184949578443,-14,99.7802056843823,0.245023368948386,0,0,0,0.100159434965051,104.602443100002
80,Idle,10.5,797.177658286369,-14,99.7774234778554,0.248123518463679,0,0,0,0.100159434965051,104.599526433336
81,Idle,10.5,797.170366994296,-14,99.7746412713286,0.251223639623947,0,0,0,0.100159434965051,104.596609766669
82,Idle,10.5,797.163075702222,-14,99.7718590648018,0.25432373242919,0,0,0,0.100159434965051,104.593693100002
83,Idle,10.5,797.155784410148,-14,99.769076858275,0.257423796879408,0,0,0,0.100159434965051,104.590776433336
84,Idle,10.5,797.148493118075,-14,99.7662946517482,0.260523832974602,0,0,0,0.100159434965051,104.587859766669
85,Idle,10.5,797.141201650254,-14,99.7635124452214,0.263623840714429,0,0,0,0.100159434965051,104.584943100002
86,Idle,10.5,797.133909874993,-14,99.7607302386946,0.266723820097951,0,0,0,0.100159434965051,104.582026433336
87,Idle,10.5,797.126618099733,-14,99.7579480321678,0.269823771124568,0,0,0,0.100159434965051,104.579109766669
88,Idle,10.5,797.119326324472,-14,99.755165825641,0.272923693794282,0,0,0,0.100159434965051,104.576193100002
89,Idle,10.5,797.112034549212,-14,99.7523836191142,0.276023588107092,0,0,0,0.100159434965051,104.573276433336
90,Idle,10.5,797.104742773951,-14,99.7496014125874,0.279123454062998,0,0,0,0.100159434965051,104.570359766669
91,Idle,10.5,797.097450998691,-14,99.7468192060606,0.282223291662,0,0,0,0.100159434965051,104.567443100002
92,Idle,10.5,797.09015922343,-14,99.7440369995338,0.285323100904099,0,0,0,0.100159434965051,104.564526433336
93,Idle,10.5,797.08286744817,-14,99.7412547930069,0.288422881789294,0,0,0,0.100159434965051,104.561609766669
94,Idle,10.5,797.075575672909,-14,99.7384725864801,0.291522634317585,0,0,0,0.100159434965051,104.558693100002
95,Idle,10.5,797.068283723606,-14,99.7356903799533,0.294622358488633,0,0,0,0.100159434965051,104.555776433336
96,Idle,10.5,797.060991469845,-14,99.7329081734265,0.29772205430151,0,0,0,0.100159434965051,104.552859766669
97,Idle,10.5,797.053699216084,-14,99.7301259668997,0.300821721755621,0,0,0,0.100159434965051,104.549943100002
98,Idle,10.5,797.046406962323,-14,99.7273437603729,0.303921360850968,0,0,0,0.100159434965051,104.547026433336
99,Idle,10.5,797.039114708562,-14,99.7245615538461,0.30702097158755,0,0,0,0.100159434965051,104.544109766669
100,Idle,10.5,797.031822454801,-14,99.7217793473193,0.310120553965368,0,0,0,0.100159434965051,104.541193100002
101,Idle,10.5,797.024530201041,-14,99.7189971407925,0.313220107984421,0,0,0,0.100159434965051,104.538276433336
102,Idle,10.5,797.01723794728,-14,99.7162149342657,0.316319633644709,0,0,0,0.100159434965051,104.535359766669
103,Idle,10.5,797.009945693519,-14,99.7134327277389,0.319419130946233,0,0,0,0.100159434965051,104.532443100002
104,Idle,10.5,797.002653439758,-14,99.7106505212121,0.322518599888992,0,0,0,0.100159434965051,104.529526433336
105,Idle,10.5,796.995361208132,-14,99.7078683146853,0.32561804047303,0,0,0,0.100159434965051,104.526609766669
106,Idle,10.5,796.988069015227,-14,99.7050861081585,0.328717452698464,0,0,0,0.100159434965051,104.523693100002
107,Idle,10.5,796.980776822323,-14,99.7023039016317,0.331816836565371,0,0,0,0.100159434965051,104.520776433336
108,Idle,10.5,796.973484629418,-14,99.6995216951048,0.334916192073749,0,0,0,0.100159434965051,104.517859766669
109,Idle,10.5,796.966192436513,-14,99.696739488578,0.338015519223599,0,0,0,0.100159434965051,104.514943100002
110,Idle,10.5,796.958900243609,-14,99.6939572820512,0.341114818014922,0,0,0,0.100159434965051,104.512026433336
111,Idle,10.5,796.951608050704,-14,99.6911750755244,0.344214088447716,0,0,0,0.100159434965051,104.509109766669
112,Idle,10.5,796.9443158578,-14,99.6883928689976,0.347313330521983,0,0,0,0.100159434965051,104.506193100002
113,Idle,10.5,796.937023664895,-14,99.6856106624708,0.350412544237722,0,0,0,0.100159434965051,104.503276433336
114,Idle,10.5,796.929731471991,-14,99.682828455944,0.353511729594932,0,0,0,0.100159434965051,104.500359766669
115,Idle,10.5,796.922439341915,-14,99.6800462494172,0.356610886593737,0,0,0,0.100159434965051,104.497443100002
116,Idle,10.5,796.915147321748,-14,99.6772640428904,0.359710015234472,0,0,0,0.100159434965051,104.494526433336
117,Idle,10.5,796.907855301582,-14,99.6744818363636,0.362809115517351,0,0,0,0.100159434965051,104.491609766669
118,Idle,10.5,796.900563281415,-14,99.6716996298368,0.365908187442373,0,0,0,0.100159434965051,104.488693100002
119,Idle,10.5,796.893271261249,-14,99.66891742331,0.369007231009539,0,0,0,0.100159434965051,104.485776433336
120,Idle,10.5,796.885979241082,-14,99.6661352167832,0.372106246218849,0,0,0,0.100159434965051,104.482859766669
121,Idle,10.5,796.878687220916,-14,99.6633530102563,0.375205233070303,0,0,0,0.100159434965051,104.479943100002
122,Idle,10.5,796.871395200749,-14,99.6605708037296,0.378304191563901,0,0,0,0.100159434965051,104.477026433336
123,Idle,10.5,796.864103180582,-14,99.6577885972027,0.381403121699642,0,0,0,0.100159434965051,104.474109766669
124,Idle,10.5,796.856811160416,-14,99.6550063906759,0.384502023477528,0,0,0,0.100159434965051,104.471193100002
125,Idle,10.5,796.849519176855,-14,99.6522241841491,0.387600896897628,0,0,0,0.100159434965051,104.468276433336
126,Idle,10.5,796.842227257328,-14,99.6494419776223,0.390699741960139,0,0,0,0.100159434965051,104.465359766669
127,Idle,10.5,796.834935337802,-14,99.6466597710955,0.393798558665185,0,0,0,0.100159434965051,104.462443100002
128,Idle,10.5,796.827643418275,-14,99.6438775645687,0.396897347012766,0,0,0,0.100159434965051,104.459526433336
129,Idle,10.5,796.820351498749,-14,99.6410953580419,0.399996107002883,0,0,0,0.100159434965051,104.456609766669
130,Idle,10.5,796.813059579223,-14,99.6383131515151,0.403094838635534,0,0,0,0.100159434965051,104.453693100002
131,Idle,10.5,796.805767659696,-14,99.6355309449883,0.406193541910721,0,0,0,0.100159434965051,104.450776433336
132,Idle,10.5,796.79847574017,-14,99.6327487384615,0.409292216828443,0,0,0,0.100159434965051,104.447859766669
133,Idle,10.5,796.791183820643,-14,99.6299665319347,0.4123908633887,0,0,0,0.100159434965051,104.444943100002
134,Idle,10.5,796.783891901117,-14,99.6271843254079,0.415489481591492,0,0,0,0.100159434965051,104.442026433336
135,Idle,10.5,796.776599993433,-14,99.6244021188811,0.418588071436843,0,0,0,0.100159434965051,104.439109766669
136,Idle,10.5,796.769308106467,-14,99.6216199123542,0.421686632924815,0,0,0,0.100159434965051,104.436193100002
137,Idle,10.5,796.762016219501,-14,99.6188377058274,0.424785166055449,0,0,0,0.100159434965051,104.433276433336
138,Idle,10.5,796.754724332534,-14,99.6160554993006,0.427883670828744,0,0,0,0.100159434965051,104.430359766669
139,Idle,10.5,796.747432445568,-14,99.6132732927738,0.430982147244702,0,0,0,0.100159434965051,104.427443100002
140,Idle,10.5,796.740140558601,-14,99.610491086247,0.434080595303321,0,0,0,0.100159434965051,104.424526433336
141,Idle,10.5,796.732848671635,-14,99.6077088797202,0.437179015004602,0,0,0,0.100159434965051,104.421609766669
142,Idle,10.5,796.725556784668,-14,99.6049266731934,0.440277406348545,0,0,0,0.100159434965051,104.418693100002
143,Idle,10.5,796.718264897702,-14,99.6021444666666,0.44337576933515,0,0,0,0.100159434965051,104.415776433336
144,Idle,10.5,796.710973010735,-14,99.5993622601398,0.446474103964416,0,0,0,0.100159434965051,104.412859766669
145,Idle,10.5,796.703681125162,-14,99.596580053613,0.449572410236347,0,0,0,0.100159434965051,104.409943100002
146,Idle,10.5,796.696389242028,-14,99.5937978470862,0.45267068815095,0,0,0,0.100159434965051,104.407026433336
147,Idle,10.5,796.689097358893,-14,99.5910156405594,0.455768937708229,0,0,0,0.100159434965051,104.404109766669
148,Idle,10.5,796.681805475758,-14,99.5882334340326,0.458867158908186,0,0,0,0.100159434965051,104.401193100002
149,Idle,10.5,796.674513592623,-14,99.5854512275058,0.461965351750819,0,0,0,0.100159434965051,104.398276433336
150,Idle,10.5,796.667221709489,-14,99.582669020979,0.465063516236128,0,0,0,0.100159434965051,104.395359766669
151,Idle,10.5,796.659929826354,-14,99.5798868144522,0.468161652364115,0,0,0,0.100159434965051,104.392443100002
152,Idle,10.5,796.652637943219,-14,99.5771046079253,0.471259760134778,0,0,0,0.100159434965051,104.389526433336
153,Idle,10.5,796.645346060084,-14,99.5743224013985,0.474357839548117,0,0,0,0.100159434965051,104.386609766669
154,Idle,10.5,796.63805417695,-14,99.5715401948717,0.477455890604134,0,0,0,0.100159434965051,104.383693100002
155,Idle,10.5,796.630762292975,-14,99.5687579883449,0.480553913302825,0,0,0,0.100159434965051,104.380776433336
156,Idle,10.5,796.623470407533,-14,99.5659757818181,0.483651907644187,0,0,0,0.100159434965051,104.377859766669
157,Idle,10.5,796.61617852209,-14,99.5631935752913,0.486749873628217,0,0,0,0.100159434965051,104.374943100002
158,Idle,10.5,796.608886636647,-14,99.5604113687645,0.489847811254915,0,0,0,0.100159434965051,104.372026433336
159,Idle,10.5,796.601594751204,-14,99.5576291622377,0.49294572052428,0,0,0,0.100159434965051,104.369109766669
160,Idle,10.5,796.594302865761,-14,99.5548469557109,0.496043601436313,0,0,0,0.100159434965051,104.366193100002
161,Idle,10.5,796.587010980318,-14,99.5520647491841,0.499141453991014,0,0,0,0.100159434965051,104.363276433336
162,Idle,10.5,796.579719094875,-14,99.5492825426573,0.502239278188382,0,0,0,0.100159434965051,104.360359766669
163,Idle,10.5,796.572427209433,-14,99.5465003361305,0.505337074028418,0,0,0,0.100159434965051,104.357443100002
164,Idle,10.5,796.56513532399,-14,99.5437181296036,0.508434841511122,0,0,0,0.100159434965051,104.354526433336
165,Idle,10.5,796.557843437942,-14,99.5409359230768,0.511532580636493,0,0,0,0.100159434965051,104.351609766669
166,Idle,10.5,796.550551550837,-14,99.53815371655,0.514630291404526,0,0,0,0.100159434965051,104.348693100002
167,Idle,10.5,796.543259663732,-14,99.5353715100232,0.517727973815222,0,0,0,0.100159434965051,104.345776433336
168,Idle,10.5,796.535967776627,-14,99.5325893034964,0.520825627868578,0,0,0,0.100159434965051,104.342859766669
169,Idle,10.5,796.528675889522,-14,99.5298070969696,0.523923253564595,0,0,0,0.100159434965051,104.339943100002
170,Idle,10.5,796.521384002416,-14,99.5270248904428,0.527020850903274,0,0,0,0.100159434965051,104.337026433336
171,Idle,10.5,796.514092115311,-14,99.524242683916,0.530118419884614,0,0,0,0.100159434965051,104.334109766669
172,Idle,10.5,796.506800228206,-14,99.5214604773892,0.533215960508615,0,0,0,0.100159434965051,104.331193100002
173,Idle,10.5,796.499508341101,-14,99.5186782708624,0.536313472775278,0,0,0,0.100159434965051,104.328276433336
174,Idle,10.5,796.492216453996,-14,99.5158960643356,0.539410956684602,0,0,0,0.100159434965051,104.325359766669
175,Idle,10.5,796.48492460508,-14,99.5131138578088,0.542508412236661,0,0,0,0.100159434965051,104.322443100002
176,Idle,10.5,796.47763282297,-14,99.510331651282,0.54560583943166,0,0,0,0.100159434965051,104.319526433336
177,Idle,10.5,796.47034104086,-14,99.5075494447552,0.548703238269728,0,0,0,0.100159434965051,104.316609766669
178,Idle,10.5,796.463049258751,-14,99.5047672382284,0.551800608750867,0,0,0,0.100159434965051,104.313693100002
179,Idle,10.5,796.455757476641,-14,99.5019850317016,0.554897950875074,0,0,0,0.100159434965051,104.310776433336
180,Idle,10.5,796.448465694531,-14,99.4992028251747,0.557995264642352,0,0,0,0.100159434965051,104.307859766669
181,Idle,10.5,796.441173912421,-14,99.4964206186479,0.561092550052699,0,0,0,0.100159434965051,104.304943100002
182,Idle,10.5,796.433882130311,-14,99.4936384121211,0.564189807106115,0,0,0,0.100159434965051,104.302026433336
183,Idle,10.5,796.426590348201,-14,99.4908562055943,0.567287035802601,0,0,0,0.100159434965051,104.299109766669
184,Idle,10.5,796.419298566092,-14,99.4880739990675,0.570384236142156,0,0,0,0.100159434965051,104.296193100002
185,Idle,10.5,796.412006828356,-14,99.4852917925407,0.573481408124868,0,0,0,0.100159434965051,104.293276433336
186,Idle,10.5,796.404715168247,-14,99.4825095860139,0.576578551750972,0,0,0,0.100159434965051,104.290359766669
187,Idle,10.5,796.397423508138,-14,99.4797273794871,0.579675667020621,0,0,0,0.100159434965051,104.287443100002
188,Idle,10.5,796.390131848029,-14,99.4769451729603,0.582772753933814,0,0,0,0.100159434965051,104.284526433336
189,Idle,10.5,796.382840187921,-14,99.4741629664335,0.58586981249055,0,0,0,0.100159434965051,104.281609766669
190,Idle,10.5,796.375548527812,-14,99.4713807599067,0.588966842690831,0,0,0,0.100159434965051,104.278693100002
191,Idle,10.5,796.368256867702,-14,99.4685985533799,0.592063844534655,0,0,0,0.100159434965051,104.275776433336
192,Idle,10.5,796.360965207594,-14,99.4658163468531,0.595160818022024,0,0,0,0.100159434965051,104.272859766669
193,Idle,10.5,796.353673547485,-14,99.4630341403263,0.598257763152937,0,0,0,0.100159434965051,104.269943100002
194,Idle,10.5,796.346381887376,-14,99.4602519337995,0.601354679927393,0,0,0,0.100159434965051,104.267026433336
195,Idle,10.5,796.339090236903,-14,99.4574697272726,0.604451568345412,0,0,0,0.100159434965051,104.264109766669
196,Idle,10.5,796.331798603286,-14,99.4546875207458,0.607548428407046,0,0,0,0.100159434965051,104.261193100002
197,Idle,10.5,796.32450696967,-14,99.451905314219,0.610645260112327,0,0,0,0.100159434965051,104.258276433336
198,Idle,10.5,796.317215336053,-14,99.4491231076922,0.613742063461255,0,0,0,0.100159434965051,104.255359766669
199,Idle,10.5,796.309923702437,-14,99.4463409011654,0.61683883845383,0,0,0,0.100159434965051,104.252443100002
200,Idle,10.5,796.30263206882,-14,99.4435586946386,0.619935585090052,0,0,0,0.100159434965051,104.249526433336
201,Idle,10.5,796.295340435204,-14,99.4407764881118,0.62303230336992,0,0,0,0.100159434965051,104.246609766669
202,Idle,10.5,796.288048801587,-14,99.437994281585,0.626128993293436,0,0,0,0.100159434965051,104.243693100002
203,Idle,10.5,796.28075716797,-14,99.4352120750582,0.6292256548606,0,0,0,0.100159434965051,104.240776433336
204,Idle,10.5,796.273465534354,-14,99.4324298685314,0.63232228807141,0,0,0,0.100159434965051,104.237859766669
205,Idle,10.5,796.26617390552,-14,99.4296476620046,0.635418892925876,0,0,0,0.100159434965051,104.234943100002
206,Idle,10.5,796.258882285054,-14,99.4268654554778,0.638515469424024,0,0,0,0.100159434965051,104.232026433336
207,Idle,10.5,796.251590664587,-14,99.424083248951,0.641612017565871,0,0,0,0.100159434965051,104.229109766669
208,Idle,10.5,796.244299044121,-14,99.4213010424241,0.644708537351416,0,0,0,0.100159434965051,104.226193100002
209,Idle,10.5,796.237007423654,-14,99.4185188358973,0.647805028780659,0,0,0,0.100159434965051,104.223276433336
210,Idle,10.5,796.229715803187,-14,99.4157366293705,0.6509014918536,0,0,0,0.100159434965051,104.220359766669
211,Idle,10.5,796.222424182721,-14,99.4129544228437,0.653997926570239,0,0,0,0.100159434965051,104.217443100002
212,Idle,10.5,796.215132562254,-14,99.4101722163169,0.657094332930576,0,0,0,0.100159434965051,104.214526433336
213,Idle,10.5,796.207840941787,-14,99.4073900097901,0.660190710934612,0,0,0,0.100159434965051,104.211609766669
214,Idle,10.5,796.200549321321,-14,99.4046078032633,0.663287060582346,0,0,0,0.100159434965051,104.208693100002
215,Idle,10.5,796.193257700618,-14,99.4018255967365,0.666383381873777,0,0,0,0.100159434965051,104.205776433336
216,Idle,10.5,796.185966079503,-14,99.3990433902097,0.669479674808905,0,0,0,0.100159434965051,104.202859766669
217,Idle,10.5,796.178674458388,-14,99.3962611836829,0.672575939387729,0,0,0,0.100159434965051,104.199943100002
218,Idle,10.5,796.171382837272,-14,99.3934789771561,0.675672175610248,0,0,0,0.100159434965051,104.197026433336
219,Idle,10.5,796.164091216157,-14,99.3906967706293,0.678768383476463,0,0,0,0.100159434965051,104.194109766669
220,Idle,10.5,796.156799595041,-14,99.3879145641025,0.681864562986374,0,0,0,0.100159434965051,104.191193100002
221,Idle,10.5,796.149507973926,-14,99.3851323575757,0.68496071413998,0,0,0,0.100159434965051,104.188276433336
222,Idle,10.5,796.142216352811,-14,99.3823501510489,0.688056836937282,0,0,0,0.100159434965051,104.185359766669
223,Idle,10.5,796.134924731695,-14,99.379567944522,0.69115293137828,0,0,0,0.100159434965051,104.182443100002
224,Idle,10.5,796.12763311058,-14,99.3767857379952,0.694248997462973,0,0,0,0.100159434965051,104.179526433336
225,Idle,10.5,796.120341489617,-14,99.3740035314684,0.697345035191362,0,0,0,0.100159434965051,104.176609766669
226,Idle,10.5,796.113049868923,-14,99.3712213249416,0.700441044563448,0,0,0,0.100159434965051,104.173693100002
227,Idle,10.5,796.105758248229,-14,99.3684391184148,0.703537025579232,0,0,0,0.100159434965051,104.170776433336
228,Idle,10.5,796.098466627534,-14,99.365656911888,0.706632978238713,0,0,0,0.100159434965051,104.167859766669
229,Idle,10.5,796.091175006839,-14,99.3628747053612,0.709728902541891,0,0,0,0.100159434965051,104.164943100002
230,Idle,10.5,796.083883386145,-14,99.3600924988344,0.712824798488766,0,0,0,0.100159434965051,104.162026433336
231,Idle,10.5,796.07659176545,-14,99.3573102923076,0.715920666079338,0,0,0,0.100159434965051,104.159109766669
232,Idle,10.5,796.069300144756,-14,99.3545280857808,0.719016505313608,0,0,0,0.100159434965051,104.156193100002
233,Idle,10.5,796.062008524061,-14,99.351745879254,0.722112316191575,0,0,0,0.100159434965051,104.153276433336
234,Idle,10.5,796.054716903367,-14,99.3489636727272,0.72520809871324,0,0,0,0.100159434965051,104.150359766669
235,Idle,10.5,796.047425282365,-14,99.3461814662004,0.728303852878601,0,0,0,0.100159434965051,104.147443100002
236,Idle,10.5,796.040133660825,-14,99.3433992596735,0.731399578687657,0,0,0,0.100159434965051,104.144526433336
237,Idle,10.5,796.032842039285,-14,99.3406170531468,0.734495276140407,0,0,0,0.100159434965051,104.141609766669
238,Idle,10.5,796.025550417745,-14,99.3378348466199,0.737590945236852,0,0,0,0.100159434965051,104.138693100002
239,Idle,10.5,796.018258796205,-14,99.3350526400931,0.74068658597699,0,0,0,0.100159434965051,104.135776433336
240,Idle,10.5,796.010967174665,-14,99.3322704335663,0.743782198360822,0,0,0,0.100159434965051,104.132859766669
241,Idle,10.5,796.003675553126,-14,99.3294882270395,0.746877782388348,0,0,0,0.100159434965051,104.129943100002
242,Idle,10.5,795.996383931586,-14,99.3267060205127,0.749973338059569,0,0,0,0.100159434965051,104.127026433336
243,Idle,10.5,795.989092310046,-14,99.3239238139859,0.753068865374483,0,0,0,0.100159434965051,104.124109766669
244,Idle,10.5,795.981800688506,-14,99.3211416074591,0.756164364333091,0,0,0,0.100159434965051,104.121193100002
245,Idle,10.5,795.974509066991,-14,99.3183594009323,0.759259834935393,0,0,0,0.100159434965051,104.118276433336
246,Idle,10.5,795.967217445519,-14,99.3155771944055,0.76235527718139,0,0,0,0.100159434965051,104.115359766669
247,Idle,10.5,795.959925824047,-14,99.3127949878787,0.765450691071081,0,0,0,0.100159434965051,104.112443100002
248,Idle,10.5,795.952634202575,-14,99.3100127813519,0.768546076604466,0,0,0,0.100159434965051,104.109526433336
249,Idle,10.5,795.945342581103,-14,99.3072305748251,0.771641433781545,0,0,0,0.100159434965051,104.106609766669
250,Idle,10.5,795.938050959631,-14,99.3044483682983,0.774736762602319,0,0,0,0.100159434965051,104.103693100002
251,Idle,10.5,795.930759338159,-14,99.3016661617715,0.777832063066787,0,0,0,0.100159434965051,104.100776433336
252,Idle,10.5,795.923467716686,-14,99.2988839552446,0.780927335174949,0,0,0,0.100159434965051,104.097859766669
253,Idle,10.5,795.916176095214,-14,99.2961017487178,0.784022578926805,0,0,0,0.100159434965051,104.094943100002
254,Idle,10.5,795.908884473742,-14,99.293319542191,0.787117794322356,0,0,0,0.100159434965051,104.092026433336
255,Idle,10.5,795.901592852212,-14,99.2905373356642,0.790212981361601,0,0,0,0.100159434965051,104.089109766669
256,Idle,10.5,795.894301230579,-14,99.2877551291374,0.79330814004454,0,0,0,0.100159434965051,104.086193100002
257,Idle,10.5,795.887009608946,-14,99.2849729226106,0.796403270371172,0,0,0,0.100159434965051,104.083276433336
258,Idle,10.5,795.879717987313,-14,99.2821907160838,0.799498372341498,0,0,0,0.100159434965051,104.080359766669
259,Idle,10.5,795.872426365681,-14,99.279408509557,0.802593445955518,0,0,0,0.100159434965051,104.077443100002
260,Idle,10.5,795.865134744048,-14,99.2766263030302,0.805688491213231,0,0,0,0.100159434965051,104.074526433336
261,Idle,10.5,795.857843122415,-14,99.2738440965034,0.808783508114639,0,0,0,0.100159434965051,104.071609766669
262,Idle,10.5,795.850551500782,-14,99.2710618899766,0.811878496659739,0,0,0,0.100159434965051,104.068693100002
263,Idle,10.5,795.84325987915,-14,99.2682796834498,0.814973456848533,0,0,0,0.100159434965051,104.065776433336
264,Idle,10.5,795.835968257517,-14,99.265497476923,0.818068388681021,0,0,0,0.100159434965051,104.062859766669
265,Idle,10.5,795.828676635908,-14,99.2627152703962,0.821163292157203,0,0,0,0.100159434965051,104.059943100002
266,Idle,10.5,795.821385014341,-14,99.2599330638693,0.824258167277078,0,0,0,0.100159434965051,104.057026433336
267,Idle,10.5,795.814093392775,-14,99.2571508573425,0.827353014040648,0,0,0,0.100159434965051,104.054109766669
268,Idle,10.5,795.806801771208,-14,99.2543686508157,0.830447832447911,0,0,0,0.100159434965051,104.051193100002
269,Idle,10.5,795.799510149642,-14,99.2515864442889,0.833542622498868,0,0,0,0.100159434965051,104.048276433336
270,Idle,10.5,795.792218528075,-14,99.2488042377621,0.836637384193519,0,0,0,0.100159434965051,104.045359766669
271,Idle,10.5,795.784926906508,-14,99.2460220312353,0.839732117531864,0,0,0,0.100159434965051,104.042443100002
272,Idle,10.5,795.777635284942,-14,99.2432398247085,0.842826822513903,0,0,0,0.100159434965051,104.039526433336
273,Idle,10.5,795.770343663375,-14,99.2404576181817,0.845921499139636,0,0,0,0.100159434965051,104.036609766669
274,Idle,10.5,795.763052041809,-14,99.2376754116549,0.849016147409063,0,0,0,0.100159434965051,104.033693100002
275,Idle,10.5,795.755760420231,-14,99.2348932051281,0.852110767322184,0,0,0,0.100159434965051,104.030776433336
276,Idle,10.5,795.748468798633,-14,99.2321109986013,0.855205358878998,0,0,0,0.100159434965051,104.027859766669
277,Idle,10.5,795.741177177035,-14,99.2293287920745,0.858299922079506,0,0,0,0.100159434965051,104.024943100002
278,Idle,10.5,795.733885555437,-14,99.2265465855477,0.861394456923708,0,0,0,0.100159434965051,104.022026433336
279,Idle,10.5,795.726593933839,-14,99.2237643790208,0.864488963411604,0,0,0,0.100159434965051,104.019109766669
280,Idle,10.5,795.719302312241,-14,99.220982172494,0.867583441543194,0,0,0,0.100159434965051,104.016193100002
281,Idle,10.5,795.712010690643,-14,99.2181999659672,0.870677891318477,0,0,0,0.100159434965051,104.013276433336
282,Idle,10.5,795.704719069045,-14,99.2154177594404,0.873772312737454,0,0,0,0.100159434965051,104.010359766669
283,Idle,10.5,795.697427447448,-14,99.2126355529136,0.876866705800125,0,0,0,0.100159434965051,104.007443100002
284,Idle,10.5,795.69013582585,-14,99.2098533463868,0.87996107050649,0,0,0,0.100159434965051,104.004526433336
285,Idle,10.5,795.682844204261,-14,99.20707113986,0.883055406856548,0,0,0,0.100159434965051,104.001609766669
286,Idle,10.5,795.675552582687,-14,99.2042889333332,0.886149714850301,0,0,0,0.100159434965051,103.998693100002
287,Idle,10.5,795.668260961113,-14,99.2015067268064,0.889243994487747,0,0,0,0.100159434965051,103.995776433336
288,Idle,10.5,795.660969339539,-14,99.1987245202796,0.892338245768887,0,0,0,0.100159434965051,103.992859766669
289,Idle,10.5,795.653677717966,-14,99.1959423137528,0.895432468693721,0,0,0,0.100159434965051,103.989943100002
290,Idle,10.5,795.646386096392,-14,99.193160107226,0.898526663262249,0,0,0,0.100159434965051,103.987026433336
291,Idle,10.5,795.639094474818,-14,99.1903779006992,0.901620829474471,0,0,0,0.100159434965051,103.984109766669
292,Idle,10.5,795.631802853244,-14,99.1875956941724,0.904714967330387,0,0,0,0.100159434965051,103.981193100002
293,Idle,10.5,795.624511231671,-14,99.1848134876456,0.907809076829996,0,0,0,0.100159434965051,103.978276433336
294,Idle,10.5,795.617219610097,-14,99.1820312811188,0.9109031579733,0,0,0,0.100159434965051,103.975359766669
295,Idle,10.5,795.609927988516,-14,99.179249074592,0.913997210760297,0,0,0,0.100159434965051,103.972443100002
296,Idle,10.5,795.602636366923,-14,99.1764668680651,0.917091235190988,0,0,0,0.100159434965051,103.969526433336
297,Idle,10.5,795.595344745338,-14,99.1736846615383,0.920185231265373,0,0,0,0.100159434965051,103.966609766669
298,Idle,10.5,795.588053123755,-14,99.1709024550115,0.923279198983452,0,0,0,0.100159434965051,103.963693100002
299,Idle,10.5,795.57361764542,-14,99.1681202484847,0.926373124454392,0,0,0,0.100159434965051,103.960776433336
300,Taxi,42,789.972297926405,-56,99.1611647321677,0.934064302139241,0,0,0,0.400637739860205,103.953484766669
301,Taxi,42,789.142185710114,-56,99.1500359060605,0.946346303678636,0,5.55555555555556e-06,0.0111111111111111,0.400637739860205,103.941818100002
302,Taxi,42,788.880025947089,-56,99.1389070799532,0.958619809769303,0,2.22222222222222e-05,0.0222222222222222,0.400637739860205,103.930151433336
303,Taxi,42,788.67442081827,-56,99.127778253846,0.97088967768859,0,5e-05,0.0333333333333333,0.400637739860205,103.918484766669
304,Taxi,42,788.491719439853,-56,99.1166494277388,0.983156525446153,0,8.88888888888889e-05,0.0444444444444444,0.400637739860205,103.906818100002
305,Taxi,42,788.330629072987,-56,99.1055206016316,0.995420699267919,0,0.000138888888888889,0.0555555555555556,0.400637739860205,103.895151433336
306,Taxi,42,788.182640648075,-56,99.0943917755243,1.00768246914353,0,0.0002,0.0666666666666667,0.400637739860205,103.883484766669
307,Taxi,42,788.047798541703,-56,99.0832629494171,1.01994203922611,0,0.000272222222222222,0.0777777777777778,0.400637739860205,103.871818100002
308,Taxi,42,787.930307727808,-56,99.0721341233099,1.03219964671932,0,0.000355555555555556,0.0888888888888889,0.400637739860205,103.860151433336
309,Taxi,42,787.822976684083,-56,99.0610052972026,1.04445550559808,0,0.00045,0.1,0.400637739860205,103.848484766669
310,Taxi,42,787.72423211139,-56,99.0498764710954,1.05670976166649,0,0.000555555555555556,0.111111111111111,0.400637739860205,103.836818100002
311,Taxi,42,787.634780699313,-56,99.0387476449882,1.06896255398835,0,0.000672222222222222,0.122222222222222,0.400637739860205,103.825151433336
312,Taxi,42,787.555605725091,-56,99.027618818881,1.08121403477165,0,0.0008,0.133333333333333,0.400637739860205,103.813484766669
313,Taxi,42,787.478722499729,-56,99.0164899927737,1.09346430176896,0,0.000938888888888889,0.144444444444444,0.400637739860205,103.801818100002
314,Taxi,42,787.411876269249,-56,99.0053611666665,1.10571345087049,0,0.00108888888888889,0.155555555555556,0.400637739860205,103.790151433336
315,Taxi,42,787.347421359686,-56,98.9942323405593,1.11796157874094,0,0.00125,0.166666666666667,0.400637739860205,103.778484766669
316,Taxi,42,787.28917093091,-56,98.9831035144521,1.13020875223653,0,0.00142222222222222,0.177777777777778,0.400637739860205,103.766818100002
317,Taxi,42,787.234464740212,-56,98.9719746883448,1.14245504718064,0,0.00160555555555556,0.188888888888889,0.400637739860205,103.755151433336
318,Taxi,42,787.183610435027,-56,98.9608458622376,1.15470052109867,0,0.0018,0.2,0.400637739860205,103.743484766669
319,Taxi,42,787.133963700998,-56,98.9497170361304,1.16694521334195,0,0.00200555555555556,0.211111111111111,0.400637739860205,103.731818100002
320,Taxi,42,787.089561154959,-56,98.9385882100231,1.17918917409083,0,0.00222222222222222,0.222222222222222,0.400637739860205,103.720151433336
321,Taxi,42,787.045158608921,-56,98.9274593839159,1.19143244413344,0,0.00245,0.233333333333333,0.400637739860205,103.708484766669
322,Taxi,42,787.005307508064,-56,98.9163305578087,1.20367505886991,0,0.00268888888888889,0.244444444444444,0.400637739860205,103.696818100002
323,Taxi,42,786.965989600407,-56,98.9052017317015,1.21591705784742,0,0.00293888888888889,0.255555555555556,0.400637739860205,103.685151433336
324,Taxi,42,786.92708611972,-56,98.8940729055942,1.22815844843635,0,0.0032,0.266666666666667,0.400637739860205,103.673484766669
325,Taxi,42,786.891840668457,-56,98.882944079487,1.24039926231137,0,0.00347222222222222,0.277777777777778,0.400637739860205,103.661818100002
326,Taxi,42,786.856595217193,-56,98.8718152533798,1.25263952792381,0,0.00375555555555556,0.288888888888889,0.400637739860205,103.650151433336
327,Taxi,42,786.822268062449,-56,98.8606864272726,1.26487925241599,0,0.00405,0.3,0.400637739860205,103.638484766669
328,Taxi,42,786.790000319775,-56,98.8495576011653,1.27711845894785,0,0.00435555555555556,0.311111111111111,0.400637739860205,103.626818100002
329,Taxi,42,786.757732577102,-56,98.8384287750581,1.28935716353705,0,0.00467222222222222,0.322222222222222,0.400637739860205,103.615151433336
330,Taxi,42,786.725464834428,-56,98.8272999489509,1.30159536618358,0,0.005,0.333333333333333,0.400637739860205,103.603484766669
331,Taxi,42,786.695128483927,-56,98.8161711228436,1.31383308190939,0,0.00533888888888889,0.344444444444444,0.400637739860205,103.591818100002
332,Taxi,42,786.665095340745,-56,98.8050422967364,1.32607032809469,0,0.00568888888888889,0.355555555555556,0.400637739860205,103.580151433336
333,Taxi,42,786.635062197562,-56,98.7939134706292,1.33830710709777,0,0.00605,0.366666666666667,0.400637739860205,103.568484766669
334,Taxi,42,786.605655938218,-56,98.782784644522,1.35054342379438,0,0.00642222222222222,0.377777777777778,0.400637739860205,103.556818100002
335,Taxi,42,786.577114542408,-56,98.7716558184147,1.36277928978701,0,0.00680555555555555,0.388888888888889,0.400637739860205,103.545151433336
336,Taxi,42,786.548573146599,-56,98.7605269923075,1.37501471180237,0,0.0072,0.4,0.400637739860205,103.533484766669
337,Taxi,42,786.520031750789,-56,98.7493981662003,1.38724968984046,0,0.00760555555555555,0.411111111111111,0.400637739860205,103.521818100002
338,Taxi,42,786.491490354979,-56,98.738269340093,1.39948422390128,0,0.00802222222222222,0.422222222222222,0.400637739860205,103.510151433336
339,Taxi,42,786.463992039451,-56,98.7271405139858,1.41171832209768,0,0.00845,0.433333333333333,0.400637739860205,103.498484766669
340,Taxi,42,786.436532025117,-56,98.7160116878786,1.42395199284041,0,0.00888888888888889,0.444444444444444,0.400637739860205,103.486818100002
341,Taxi,42,786.409072010782,-56,98.7048828617714,1.43618523642735,0,0.00933888888888888,0.455555555555556,0.400637739860205,103.475151433336
342,Taxi,42,786.381611996448,-56,98.6937540356641,1.44841805285852,0,0.0098,0.466666666666667,0.400637739860205,103.463484766669
343,Taxi,42,786.354151982114,-56,98.6826252095569,1.46065044213391,0,0.0102722222222222,0.477777777777778,0.400637739860205,103.451818100002
344,Taxi,42,786.326977111903,-56,98.6714963834497,1.47288240647131,0,0.0107555555555555,0.488888888888889,0.400637739860205,103.440151433336
345,Taxi,42,786.3001643778,-56,98.6603675573424,1.48511395090512,0,0.01125,0.5,0.400637739860205,103.428484766669
346,Taxi,42,786.273351643697,-56,98.6492387312352,1.49734507825195,0,0.0117555555555555,0.511111111111111,0.400637739860205,103.416818100002
347,Taxi,42,786.246538909593,-56,98.638109905128,1.50957578851181,0,0.0122722222222222,0.522222222222222,0.400637739860205,103.405151433336
348,Taxi,42,786.21972617549,-56,98.6269810790208,1.52180608168469,0,0.0128,0.533333333333333,0.400637739860205,103.393484766669
349,Taxi,42,786.192913441387,-56,98.6158522529135,1.5340359577706,0,0.0133388888888889,0.544444444444444,0.400637739860205,103.381818100002
350,Taxi,42,786.166373739769,-56,98.6047234268063,1.54626541889312,0,0.0138888888888889,0.555555555555556,0.400637739860205,103.370151433336
351,Taxi,42,786.1398589226,-56,98.5935946006991,1.55849446736938,0,0.01445,0.566666666666667,0.400637739860205,103.358484766669
352,Taxi,42,786.113344105432,-56,98.5824657745918,1.57072310339294,0,0.0150222222222222,0.577777777777778,0.400637739860205,103.346818100002
353,Taxi,42,786.086829288264,-56,98.5713369484846,1.58295132696378,0,0.0156055555555556,0.588888888888889,0.400637739860205,103.335151433336
354,Taxi,42,786.060314471095,-56,98.5602081223774,1.5951791380819,0,0.0162,0.6,0.400637739860205,103.323484766669
355,Taxi,42,786.033799653927,-56,98.5490792962702,1.60740653674732,0,0.0168055555555555,0.611111111111111,0.400637739860205,103.311818100002
356,Taxi,42,786.007284836758,-56,98.5379504701629,1.61963352296003,0,0.0174222222222222,0.622222222222222,0.400637739860205,103.300151433336
357,Taxi,42,785.980831694057,-56,98.5268216440557,1.63186009719971,0,0.01805,0.633333333333333,0.400637739860205,103.288484766669
358,Taxi,42,785.954470991592,-56,98.5156928179485,1.64408626066504,0,0.0186888888888889,0.644444444444444,0.400637739860205,103.276818100002
359,Taxi,42,785.928110289128,-56,98.5045639918413,1.656312014075,0,0.0193388888888889,0.655555555555556,0.400637739860205,103.265151433336
360,Taxi,42,785.901749586664,-56,98.493435165734,1.66853735742959,0,0.02,0.666666666666667,0.400637739860205,103.253484766669
361,Taxi,42,785.8753888842,-56,98.4823063396268,1.68076229072881,0,0.0206722222222222,0.677777777777778,0.400637739860205,103.241818100002
362,Taxi,42,785.849028181736,-56,98.4711775135196,1.69298681397266,0,0.0213555555555555,0.688888888888889,0.400637739860205,103.230151433336
363,Taxi,42,785.822667479271,-56,98.4600486874123,1.70521092716113,0,0.02205,0.7,0.400637739860205,103.218484766669
364,Taxi,42,785.796306776807,-56,98.4489198613051,1.71743463029423,0,0.0227555555555555,0.711111111111111,0.400637739860205,103.206818100002
365,Taxi,42,785.769946074343,-56,98.4377910351979,1.72965792337197,0,0.0234722222222222,0.722222222222222,0.400637739860205,103.195151433336
366,Taxi,42,785.743585371879,-56,98.4266622090907,1.74188080639433,0,0.0242,0.733333333333333,0.400637739860205,103.183484766669
367,Taxi,42,785.717248125407,-56,98.4155333829834,1.75410327954375,0,0.0249388888888889,0.744444444444444,0.400637739860205,103.171818100002
368,Taxi,42,785.690946035743,-56,98.4044045568762,1.76632534327611,0,0.0256888888888889,0.755555555555556,0.400637739860205,103.160151433336
369,Taxi,42,785.66464394608,-56,98.393275730769,1.77854699786486,0,0.02645,0.766666666666667,0.400637739860205,103.148484766669
370,Taxi,42,785.638341856417,-56,98.3821469046617,1.79076824330999,0,0.0272222222222222,0.777777777777778,0.400637739860205,103.136818100002
371,Taxi,42,785.612039766754,-56,98.3710180785545,1.80298907961151,0,0.0280055555555555,0.788888888888889,0.400637739860205,103.125151433336
372,Taxi,42,785.585737677091,-56,98.3598892524473,1.8152095067694,0,0.0288,0.8,0.400637739860205,103.113484766669
373,Taxi,42,785.559435587428,-56,98.34876042634,1.82742952478368,0,0.0296055555555555,0.811111111111111,0.400637739860205,103.101818100002
374,Taxi,42,785.533133497765,-56,98.3376316002328,1.83964913365434,0,0.0304222222222222,0.822222222222222,0.400637739860205,103.090151433336
375,Taxi,42,785.506831408102,-56,98.3265027741256,1.85186833338139,0,0.03125,0.833333333333333,0.400637739860205,103.078484766669
376,Taxi,42,785.480529318439,-56,98.3153739480184,1.86408712396482,0,0.0320888888888889,0.844444444444444,0.400637739860205,103.066818100002
377,Taxi,42,785.454229347646,-56,98.3042451219112,1.87630550542111,0,0.0329388888888889,0.855555555555556,0.400637739860205,103.055151433336
378,Taxi,42,785.427932552705,-56,98.2931162958039,1.88852347779145,0,0.0338,0.866666666666667,0.400637739860205,103.043484766669
379,Taxi,42,785.401635757763,-56,98.2819874696967,1.90074104110053,0,0.0346722222222222,0.877777777777778,0.400637739860205,103.031818100002
380,Taxi,42,785.375338962821,-56,98.2708586435895,1.91295819534835,0,0.0355555555555555,0.888888888888889,0.400637739860205,103.020151433336
381,Taxi,42,785.349042167879,-56,98.2597298174822,1.92517494053493,0,0.03645,0.9,0.400637739860205,103.008484766669
382,Taxi,42,785.322745372938,-56,98.248600991375,1.93739127666024,0,0.0373555555555556,0.911111111111111,0.400637739860205,102.996818100002
383,Taxi,42,785.296448577996,-56,98.2374721652678,1.94960720372431,0,0.0382722222222222,0.922222222222222,0.400637739860205,102.985151433336
384,Taxi,42,785.270151783054,-56,98.2263433391606,1.96182272172711,0,0.0392,0.933333333333333,0.400637739860205,102.973484766669
385,Taxi,42,785.243854988113,-56,98.2152145130533,1.97403783066867,0,0.0401388888888889,0.944444444444444,0.400637739860205,102.961818100002
386,Taxi,42,785.217558193171,-56,98.2040856869461,1.98625253054897,0,0.0410888888888889,0.955555555555556,0.400637739860205,102.950151433336
387,Taxi,42,785.191260307331,-56,98.1929568608389,1.99846682135953,0,0.04205,0.966666666666667,0.400637739860205,102.938484766669
388,Taxi,42,785.164960786409,-56,98.1818280347316,2.01068070307914,0,0.0430222222222222,0.977777777777778,0.400637739860205,102.926818100002
389,Taxi,42,785.138661265487,-56,98.1706992086244,2.0228941756951,0,0.0440055555555556,0.988888888888889,0.400637739860205,102.915151433336
390,Taxi,42,785.112361744565,-56,98.1595703825172,2.0351072392074,0,0.045,1,0.400637739860205,102.903484766669
391,Taxi,42,785.086062223643,-56,98.14844155641,2.04731989361605,0,0.0460055555555555,1.01111111111111,0.400637739860205,102.891818100002
392,Taxi,42,785.059762702721,-56,98.1373127303027,2.05953213892103,0,0.0470222222222222,1.02222222222222,0.400637739860205,102.880151433336
393,Taxi,42,785.033463181799,-56,98.1261839041955,2.07174397512235,0,0.04805,1.03333333333333,0.400637739860205,102.868484766669
394,Taxi,42,785.007163660877,-56,98.1150550780883,2.08395540222002,0,0.0490888888888889,1.04444444444444,0.400637739860205,102.856818100002
395,Taxi,42,784.980864139955,-56,98.1039262519811,2.09616642021402,0,0.0501388888888889,1.05555555555556,0.400637739860205,102.845151433336
396,Taxi,42,784.954564619032,-56,98.0927974258738,2.10837702910437,0,0.0512,1.06666666666667,0.400637739860205,102.833484766669
397,Taxi,42,784.926197388158,-56,98.0816685997666,2.12058721280887,0,0.0522722222222222,1.07777777777778,0.400637739860205,102.821818100002
398,Taxi,42,784.894730988212,-56,98.0705397736594,2.13279693114069,0,0.0533555555555556,1.08888888888889,0.400637739860205,102.810151433336
399,Taxi,42,784.863264588267,-56,98.0594109475521,2.14500615999517,0,0.05445,1.1,0.400637739860205,102.798484766669
400,Taxi,42,784.831798188321,-56,98.0482821214449,2.15721489937232,0,0.0555555555555556,1.11111111111111,0.400637739860205,102.786818100002
401,Taxi,42,784.800331788376,-56,98.0371532953377,2.16942314927214,0,0.0566722222222222,1.12222222222222,0.400637739860205,102.775151433336
402,Taxi,42,784.76886538843,-56,98.0260244692304,2.18163090969463,0,0.0578,1.13333333333333,0.400637739860205,102.763484766669
403,Taxi,42,784.737398988485,-56,98.0148956431232,2.19383818063978,0,0.0589388888888889,1.14444444444444,0.400637739860205,102.751818100002
404,Taxi,42,784.705932588539,-56,98.003766817016,2.2060449621076,0,0.0600888888888889,1.15555555555556,0.400637739860205,102.740151433336
405,Taxi,42,784.674466188594,-56,97.9926379909088,2.21825125409809,0,0.06125,1.16666666666667,0.400637739860205,102.728484766669
406,Taxi,42,784.642999788649,-56,97.9815091648015,2.23045705661125,0,0.0624222222222222,1.17777777777778,0.400637739860205,102.716818100002
407,Taxi,42,784.604446644244,-56,97.9703803386943,2.24266231452795,0,0.0636055555555556,1.18888888888889,0.400637739860205,102.705151433336
408,Taxi,42,784.55527159457,-56,97.9592515125871,2.25486689011425,0,0.0648,1.2,0.400637739860205,102.693484766669
409,Taxi,42,784.506096544895,-56,97.9481226864798,2.26707070075534,0,0.0660055555555555,1.21111111111111,0.400637739860205,102.681818100002
410,Taxi,42,784.45692149522,-56,97.9369938603726,2.2792737464512,0,0.0672222222222222,1.22222222222222,0.400637739860205,102.670151433336
411,Taxi,42,784.407746445545,-56,97.9258650342654,2.29147602720185,0,0.06845,1.23333333333333,0.400637739860205,102.658484766669
412,Taxi,42,784.35857139587,-56,97.9147362081582,2.30367754300729,0,0.0696888888888889,1.24444444444444,0.400637739860205,102.646818100002
413,Taxi,42,784.309396346196,-56,97.9036073820509,2.3158782938675,0,0.0709388888888889,1.25555555555556,0.400637739860205,102.635151433336
414,Taxi,42,784.260221296521,-56,97.8924785559437,2.3280782797825,0,0.0722,1.26666666666667,0.400637739860205,102.623484766669
415,Taxi,42,784.211046246846,-56,97.8813497298365,2.34027750075228,0,0.0734722222222222,1.27777777777778,0.400637739860205,102.611818100002
416,Taxi,42,784.161871197171,-56,97.8702209037293,2.35247595677685,0,0.0747555555555555,1.28888888888889,0.400637739860205,102.600151433336
417,Taxi,42,784.112676795145,-56,97.859092077622,2.36467364770568,0,0.07605,1.3,0.400637739860205,102.588484766669
418,Taxi,42,784.063453387016,-56,97.8479632515148,2.37687057316265,0,0.0773555555555556,1.31111111111111,0.400637739860205,102.576818100002
419,Taxi,42,784.014229978887,-56,97.8368344254076,2.38906673292216,0,0.0786722222222222,1.32222222222222,0.400637739860205,102.565151433336
420,Taxi,42,783.965006570758,-56,97.8257055993003,2.40126212698422,0,0.08,1.33333333333333,0.400637739860205,102.553484766669
421,Taxi,42,783.915783162629,-56,97.8145767731931,2.41345675534881,0,0.0813388888888889,1.34444444444444,0.400637739860205,102.541818100002
422,Taxi,42,783.8665597545,-56,97.8034479470859,2.42565061801594,0,0.0826888888888889,1.35555555555556,0.400637739860205,102.530151433336
423,Taxi,42,783.81733634637,-56,97.7923191209787,2.43784371498562,0,0.08405,1.36666666666667,0.400637739860205,102.518484766669
424,Taxi,42,783.768112938241,-56,97.7811902948714,2.45003604625783,0,0.0854222222222222,1.37777777777778,0.400637739860205,102.506818100002
425,Taxi,42,783.718889530112,-56,97.7700614687642,2.46222761183258,0,0.0868055555555556,1.38888888888889,0.400637739860205,102.495151433336
426,Taxi,42,783.669666121983,-56,97.758932642657,2.47441841170988,0,0.0882,1.4,0.400637739860205,102.483484766669
427,Taxi,42,783.620423328619,-56,97.7478038165497,2.48660844573894,0,0.0896055555555555,1.41111111111111,0.400637739860205,102.471818100002
428,Taxi,42,783.571151479862,-56,97.7366749904425,2.498797713543,0,0.0910222222222222,1.42222222222222,0.400637739860205,102.460151433336
429,Taxi,42,783.521879631107,-56,97.7255461643353,2.51098621489609,0,0.09245,1.43333333333333,0.400637739860205,102.448484766669
430,Taxi,42,783.472607782351,-56,97.7144173382281,2.52317394979819,0,0.0938888888888889,1.44444444444444,0.400637739860205,102.436818100002
431,Taxi,42,783.423335933594,-56,97.7032885121208,2.53536091824932,0,0.0953388888888889,1.45555555555556,0.400637739860205,102.425151433336
432,Taxi,42,783.374064084839,-56,97.6921596860136,2.54754712024946,0,0.0968,1.46666666666667,0.400637739860205,102.413484766669
433,Taxi,42,783.324792236083,-56,97.6810308599064,2.55973255579862,0,0.0982722222222222,1.47777777777778,0.400637739860205,102.401818100002
434,Taxi,42,783.275520387327,-56,97.6699020337992,2.5719172248968,0,0.0997555555555556,1.48888888888889,0.400637739860205,102.390151433336
435,Taxi,42,783.226248538571,-56,97.6587732076919,2.58410112754401,0,0.10125,1.5,0.400637739860205,102.378484766669
436,Taxi,42,783.176976689815,-56,97.6476443815847,2.59628426374023,0,0.102755555555556,1.51111111111111,0.400637739860205,102.366818100002
437,Taxi,42,783.12768543447,-56,97.6365155554775,2.60846663333453,0,0.104272222222222,1.52222222222222,0.400637739860205,102.355151433336
438,Taxi,42,783.07836509173,-56,97.6253867293702,2.62064823594973,0,0.1058,1.53333333333333,0.400637739860205,102.343484766669
439,Taxi,42,783.029044748989,-56,97.614257903263,2.6328290713596,0,0.107338888888889,1.54444444444444,0.400637739860205,102.331818100002
440,Taxi,42,782.979724406248,-56,97.6031290771558,2.64500913956414,0,0.108888888888889,1.55555555555556,0.400637739860205,102.320151433336
441,Taxi,42,782.930404063507,-56,97.5920002510486,2.65718844056335,0,0.11045,1.56666666666667,0.400637739860205,102.308484766669
442,Taxi,42,782.881083720767,-56,97.5808714249413,2.66936697435723,0,0.112022222222222,1.57777777777778,0.400637739860205,102.296818100002
443,Taxi,42,782.831763378026,-56,97.5697425988341,2.68154474094578,0,0.113605555555556,1.58888888888889,0.400637739860205,102.285151433336
444,Taxi,42,782.782443035286,-56,97.5586137727269,2.69372174032899,0,0.1152,1.6,0.400637739860205,102.273484766669
445,Taxi,42,782.733122692545,-56,97.5474849466196,2.70589797250687,0,0.116805555555556,1.61111111111111,0.400637739860205,102.261818100002
446,Taxi,42,782.683802349804,-56,97.5363561205124,2.71807343747943,0,0.118422222222222,1.62222222222222,0.400637739860205,102.250151433336
447,Taxi,42,782.642972882354,-56,97.5252272944052,2.73024820128679,0,0.12005,1.63333333333333,0.400637739860205,102.238484766669
448,Taxi,42,782.614869889453,-56,97.514098468298,2.74242242895279,0,0.121688888888889,1.64444444444444,0.400637739860205,102.226818100002
449,Taxi,42,782.586766896552,-56,97.5029696421907,2.75459621946112,0,0.123338888888889,1.65555555555556,0.400637739860205,102.215151433336
450,Taxi,42,782.558663903651,-56,97.4918408160835,2.76676957281179,0,0.125,1.66666666666667,0.400637739860205,102.203484766669
451,Taxi,42,782.53056091075,-56,97.4807119899763,2.77894248900479,0,0.126672222222222,1.67777777777778,0.400637739860205,102.191818100002
452,Taxi,42,782.502457917849,-56,97.4695831638691,2.79111496804013,0,0.128355555555556,1.68888888888889,0.400637739860205,102.180151433336
453,Taxi,42,782.474354924949,-56,97.4584543377618,2.80328700991779,0,0.13005,1.7,0.400637739860205,102.168484766669
454,Taxi,42,782.446251932048,-56,97.4473255116546,2.81545861463779,0,0.131755555555556,1.71111111111111,0.400637739860205,102.156818100002
455,Taxi,42,782.418148939147,-56,97.4361966855474,2.82762978220012,0,0.133472222222222,1.72222222222222,0.400637739860205,102.145151433336
456,Taxi,42,782.390045946246,-56,97.4250678594401,2.83980051260479,0,0.1352,1.73333333333333,0.400637739860205,102.133484766669
457,Taxi,42,782.365039939785,-56,97.4139390333329,2.85197082993946,0,0.136938888888889,1.74444444444444,0.400637739860205,102.121818100002
458,Taxi,42,782.344675824502,-56,97.4028102072257,2.8641407943954,0,0.138688888888889,1.75555555555556,0.400637739860205,102.110151433336
459,Taxi,42,782.324311709219,-56,97.3916813811185,2.87631044207622,0,0.14045,1.76666666666667,0.400637739860205,102.098484766669
460,Taxi,42,782.303947593937,-56,97.3805525550112,2.88847977298191,0,0.142222222222222,1.77777777777778,0.400637739860205,102.086818100002
461,Taxi,42,782.283583478654,-56,97.369423728904,2.90064878711247,0,0.144005555555556,1.78888888888889,0.400637739860205,102.075151433336
462,Taxi,42,782.263219363371,-56,97.3582949027968,2.91281748446791,0,0.1458,1.8,0.400637739860205,102.063484766669
463,Taxi,42,782.242855248088,-56,97.3471660766895,2.92498586504822,0,0.147605555555556,1.81111111111111,0.400637739860205,102.051818100002
464,Taxi,42,782.222491132805,-56,97.3360372505823,2.93715392885341,0,0.149422222222222,1.82222222222222,0.400637739860205,102.040151433336
465,Taxi,42,782.202127017522,-56,97.3249084244751,2.94932167588347,0,0.15125,1.83333333333333,0.400637739860205,102.028484766669
466,Taxi,42,782.181762902239,-56,97.3137795983679,2.9614891061384,0,0.153088888888889,1.84444444444444,0.400637739860205,102.016818100002
467,Taxi,42,782.161403930028,-56,97.3026507722606,2.9736562196582,0,0.154938888888889,1.85555555555556,0.400637739860205,102.005151433336
468,Taxi,42,782.141052666466,-56,97.2915219461534,2.98582301654284,0,0.1568,1.86666666666667,0.400637739860205,101.993484766669
469,Taxi,42,782.120701402904,-56,97.2803931200462,2.99798949685227,0,0.158672222222222,1.87777777777778,0.400637739860205,101.981818100002
470,Taxi,42,782.100350139341,-56,97.2692642939389,3.01015566058649,0,0.160555555555556,1.88888888888889,0.400637739860205,101.970151433336
471,Taxi,42,782.079998875779,-56,97.2581354678317,3.02232150774549,0,0.16245,1.9,0.400637739860205,101.958484766669
472,Taxi,42,782.059647612217,-56,97.2470066417245,3.03448703832929,0,0.164355555555556,1.91111111111111,0.400637739860205,101.946818100002
473,Taxi,42,782.039296348654,-56,97.2358778156173,3.04665225233787,0,0.166272222222222,1.92222222222222,0.400637739860205,101.935151433336
474,Taxi,42,782.018945085092,-56,97.22474898951,3.05881714977125,0,0.1682,1.93333333333333,0.400637739860205,101.923484766669
475,Taxi,42,781.99859382153,-56,97.2136201634028,3.07098173062941,0,0.170138888888889,1.94444444444444,0.400637739860205,101.911818100002
476,Taxi,42,781.978242557967,-56,97.2024913372956,3.08314599491236,0,0.172088888888889,1.95555555555556,0.400637739860205,101.900151433336
477,Taxi,42,781.95789425847,-56,97.1913625111884,3.09530994264316,0,0.17405,1.96666666666667,0.400637739860205,101.888484766669
478,Taxi,42,781.937550401638,-56,97.1802336850811,3.1074735738794,0,0.176022222222222,1.97777777777778,0.400637739860205,101.876818100002
479,Taxi,42,781.909808792989,-56,97.1691048589739,3.11963683111758,0,0.178005555555556,1.98888888888889,0.400637739860205,101.865151433336
480,TakeOff,210,753.471425233189,-280,97.1357183806522,3.15502001838949,0,0.18,2,2.00318869930102,101.830151433336
481,TakeOff,210,749.687571632745,-280,97.0800742501161,3.21347620160094,0.25,0.1819875,1.975,2.00318869930102,101.771818100002
482,TakeOff,210,748.487949515572,-280,97.0244301195799,3.27173858297893,0.5,0.18395,1.95,2.00318869930102,101.713484766669
483,TakeOff,210,747.565136507991,-280,96.9687859890438,3.32991842521318,0.75,0.1858875,1.925,2.00318869930102,101.655151433336
484,TakeOff,210,746.769423777698,-280,96.9131418585077,3.38803143589096,1,0.1878,1.9,2.00318869930102,101.596818100002
485,TakeOff,210,746.057665584473,-280,96.8574977279715,3.44608582269948,1.25,0.1896875,1.875,2.00318869930102,101.538484766669
486,TakeOff,210,745.435575210887,-280,96.8018535974354,3.5040883376193,1.5,0.19155,1.85,2.00318869930102,101.480151433336
487,TakeOff,210,744.888571792484,-280,96.7462094668992,3.56204538778055,1.75,0.1933875,1.825,2.00318869930102,101.421818100002
488,TakeOff,210,744.396061157235,-280,96.6905653363631,3.61996201239526,2,0.1952,1.8,2.00318869930102,101.363484766669
489,TakeOff,210,743.959679012371,-280,96.634921205827,3.67784251340185,2.25,0.1969875,1.775,2.00318869930102,101.305151433336
490,TakeOff,210,743.588257836323,-280,96.5792770752908,3.73569159983486,2.5,0.19875,1.75,2.00318869930102,101.246818100002
491,TakeOff,210,743.252155361909,-280,96.5236329447547,3.79351317145923,2.75,0.2004875,1.725,2.00318869930102,101.188484766669
492,TakeOff,210,742.94995055065,-280,96.4679888142185,3.8513099200225,3,0.2022,1.7,2.00318869930102,101.130151433336
493,TakeOff,210,742.694739638429,-280,96.4123446836824,3.90908499130763,3.25,0.2038875,1.675,2.00318869930102,101.071818100002
494,TakeOff,210,742.455076658415,-280,96.3567005531463,3.96684081749695,3.5,0.20555,1.65,2.00318869930102,101.013484766669
495,TakeOff,210,742.248875671939,-280,96.3010564226101,4.02457930453202,3.75,0.2071875,1.625,2.00318869930102,100.955151433336
496,TakeOff,210,742.062744218821,-280,96.245412292074,4.08230253419444,4,0.2088,1.6,2.00318869930102,100.896818100002
497,TakeOff,210,741.89524519871,-280,96.1897681615378,4.14001201156068,4.25,0.2103875,1.575,2.00318869930102,100.838484766669
498,TakeOff,210,741.751667652626,-280,96.1341240310017,4.1977093915049,4.5,0.21195,1.55,2.00318869930102,100.780151433336
499,TakeOff,210,741.617397885805,-280,96.0784799004656,4.25539596627584,4.75,0.2134875,1.525,2.00318869930102,100.721818100002
500,TakeOff,210,741.495633482613,-280,96.0228357699294,4.31307258416239,5,0.215,1.5,2.00318869930102,100.663484766669
501,TakeOff,210,741.39000747435,-280,95.9671916393933,4.37074035908849,5.25,0.2164875,1.475,2.00318869930102,100.605151433336
502,TakeOff,210,741.287844245648,-280,95.9115475088572,4.42840005332204,5.5,0.21795,1.45,2.00318869930102,100.546818100002
503,TakeOff,210,741.204810474693,-280,95.855903378321,4.48605254545006,5.75,0.2193875,1.425,2.00318869930102,100.488484766669
504,TakeOff,210,741.121776703738,-280,95.8002592477849,4.54369857939589,6,0.2208,1.4,2.00318869930102,100.430151433336
505,TakeOff,210,741.045657603068,-280,95.7446151172487,4.60133842406337,6.25,0.2221875,1.375,2.00318869930102,100.371818100002
506,TakeOff,210,740.980831566638,-280,95.6889709867126,4.65897278753108,6.5,0.22355,1.35,2.00318869930102,100.313484766669
507,TakeOff,210,740.916005530209,-280,95.6333268561765,4.71660210897374,6.75,0.2248875,1.325,2.00318869930102,100.255151433336
508,TakeOff,210,740.860819833122,-280,95.5776827256403,4.77422676329342,7,0.2262,1.3,2.00318869930102,100.196818100002
509,TakeOff,210,740.811895174498,-280,95.5220385951042,4.83184736887705,7.25,0.2274875,1.275,2.00318869930102,100.138484766669
510,TakeOff,210,740.762970515874,-280,95.466394464568,4.88946416920946,7.5,0.22875,1.25,2.00318869930102,100.080151433336
511,TakeOff,210,740.716771606297,-280,95.4107503340319,4.94707727029199,7.75,0.2299875,1.225,2.00318869930102,100.021818100002
512,TakeOff,210,740.681389557696,-280,95.3551062034958,5.0046871987817,8,0.2312,1.2,2.00318869930102,99.9634847666689
513,TakeOff,210,740.646007509095,-280,95.2994620729596,5.06229437533429,8.25,0.2323875,1.175,2.00318869930102,99.9051514333356
514,TakeOff,210,740.610625460494,-280,95.2438179424235,5.11989879994978,8.5,0.23355,1.15,2.00318869930102,99.8468181000022
515,TakeOff,210,740.583316919588,-280,95.1881738118873,5.17750078659789,8.75,0.2346875,1.125,2.00318869930102,99.7884847666689
516,TakeOff,210,740.558073825589,-280,95.1325296813512,5.23510072957131,9,0.2358,1.1,2.00318869930102,99.7301514333355
517,TakeOff,210,740.53283073159,-280,95.0768855508151,5.29269870919298,9.25,0.2368875,1.075,2.00318869930102,99.6718181000022
518,TakeOff,210,740.507587637591,-280,95.0212414202789,5.3502947254629,9.5,0.23795,1.05,2.00318869930102,99.6134847666689
519,TakeOff,210,740.516106090147,-280,94.9655972897428,5.40789009133008,9.75,0.2389875,1.025,2.00318869930102,99.5551514333356
520,TakeOff,210,740.571663287341,-280,94.9099531592066,5.4654879490281,10,0.24,1,2.00318869930102,99.4968181000022
521,TakeOff,210,740.627220484535,-280,94.8543090286705,5.52309012784145,10.25,0.2409875,0.975,2.00318869930102,99.4384847666689
522,TakeOff,210,740.682777681729,-280,94.7986648981343,5.58069662777014,10.5,0.24195,0.95,2.00318869930102,99.3801514333355
523,TakeOff,210,740.738334878923,-280,94.7430207675982,5.63830744881416,10.75,0.2428875,0.925,2.00318869930102,99.3218181000022
524,TakeOff,210,740.793800049252,-280,94.6873766370621,5.6959225873947,11,0.2438,0.9,2.00318869930102,99.2634847666689
525,TakeOff,210,740.844973844178,-280,94.6317325065259,5.75354187304611,11.25,0.2446875,0.875,2.00318869930102,99.2051514333355
526,TakeOff,210,740.896147639103,-280,94.5760883759898,5.81116513888157,11.5,0.24555,0.85,2.00318869930102,99.1468181000022
527,TakeOff,210,740.947321434029,-280,94.5204442454537,5.86879238490109,11.75,0.2463875,0.825,2.00318869930102,99.0884847666689
528,TakeOff,210,740.998495228954,-280,94.4648001149175,5.92642361110465,12,0.2472,0.8,2.00318869930102,99.0301514333355
529,TakeOff,210,741.02578519143,-280,94.4091559843814,5.98405788867655,12.25,0.2479875,0.775,2.00318869930102,98.9718181000022
530,TakeOff,210,741.049038205763,-280,94.3535118538452,6.04169413180866,12.5,0.24875,0.75,2.00318869930102,98.9134847666689
531,TakeOff,210,741.064686171713,-280,94.2978677233091,6.09933188775668,12.75,0.2494875,0.725,2.00318869930102,98.8551514333355
532,TakeOff,210,741.076175205083,-280,94.242223592773,6.15697069903244,13,0.2502,0.7,2.00318869930102,98.7968181000022
533,TakeOff,210,741.084184434,-280,94.1865794622368,6.21461026857396,13.25,0.2508875,0.675,2.00318869930102,98.7384847666689
534,TakeOff,210,741.09138973996,-280,94.1309353317007,6.27225042979184,13.5,0.25155,0.65,2.00318869930102,98.6801514333355
535,TakeOff,210,741.094610942281,-280,94.0752912011645,6.32989099648503,13.75,0.2521875,0.625,2.00318869930102,98.6218181000022
536,TakeOff,210,741.097832144602,-280,94.0196470706284,6.38753181371619,14,0.2528,0.6,2.00318869930102,98.5634847666689
537,TakeOff,210,741.097980956613,-280,93.9640029400923,6.44517276200346,14.25,0.2533875,0.575,2.00318869930102,98.5051514333355
538,TakeOff,210,741.093171614765,-280,93.9083588095561,6.5028135290479,14.5,0.25395,0.55,2.00318869930102,98.4468181000022
539,TakeOff,210,741.144845388988,-280,93.85271467902,6.56045611859805,14.75,0.2544875,0.525,2.00318869930102,98.3884847666689
540,Climb,150,750.420466645453,-200,93.805019709989,6.61012343110333,15,0.255,0.5,1.4308490709293,98.3384847666689
541,Climb,150,751.500276554743,-200,93.7652739024632,6.65184345174778,16.5833333333333,0.2556375,0.775,1.4308490709293,98.2968181000022
542,Climb,150,751.842399989078,-200,93.7255280949374,6.69360297054066,18.1666666666667,0.25655,1.05,1.4308490709293,98.2551514333355
543,Climb,150,752.101200620924,-200,93.6857822874116,6.73537918166872,19.75,0.2577375,1.325,1.4308490709293,98.2134847666689
544,Climb,150,752.324368370251,-200,93.6460364798858,6.77716878080736,21.3333333333333,0.2592,1.6,1.4308490709293,98.1718181000022
545,Climb,150,752.514330829904,-200,93.6062906723599,6.81896985578514,22.9166666666667,0.2609375,1.875,1.4308490709293,98.1301514333355
546,Climb,150,752.682666518518,-200,93.5665448648341,6.86078088348926,24.5,0.26295,2.15,1.4308490709293,98.0884847666689
547,Climb,150,752.825863774887,-200,93.5267990573083,6.9026005648863,26.0833333333333,0.2652375,2.425,1.4308490709293,98.0468181000022
548,Climb,150,752.961556193968,-200,93.4870532497825,6.94442799321877,27.6666666666667,0.2678,2.7,1.4308490709293,98.0051514333355
549,Climb,150,753.06448793619,-200,93.4473074422567,6.98626205000016,29.25,0.2706375,2.975,1.4308490709293,97.9634847666689
550,Climb,150,753.167419678411,-200,93.4075616347309,7.02810182521168,30.8333333333333,0.27375,3.25,1.4308490709293,97.9218181000022
551,Climb,150,753.240534308485,-200,93.3678158272051,7.06994649060021,32.4166666666667,0.2771375,3.525,1.4308490709293,97.8801514333355
552,Climb,150,753.313206588824,-200,93.3280700196792,7.11179520562513,34,0.2808,3.8,1.4308490709293,97.8384847666689
553,Climb,150,753.368195517294,-200,93.2883242121534,7.15364746679475,35.5833333333333,0.2847375,4.075,1.4308490709293,97.7968181000022
554,Climb,150,753.418323404207,-200,93.2485784046276,7.1955026478759,37.1666666666667,0.28895,4.35,1.4308490709293,97.7551514333355
555,Climb,150,753.458648050541,-200,93.2088325971018,7.23736034152742,38.75,0.2934375,4.625,1.4308490709293,97.7134847666689
556,Climb,150,753.491971635319,-200,93.169086789576,7.27922008096314,40.3333333333333,0.2982,4.9,1.4308490709293,97.6718181000022
557,Climb,150,753.520043790701,-200,93.1293409820502,7.32108152583609,41.9166666666667,0.3032375,5.175,1.4308490709293,97.6301514333355
558,Climb,150,753.539633643304,-200,93.0895951745243,7.3629442946537,43.5,0.30855,5.45,1.4308490709293,97.5884847666689
559,Climb,150,753.559223495907,-200,93.0498493669985,7.40480815179645,45.0833333333333,0.3141375,5.725,1.4308490709293,97.5468181000022
560,Climb,150,753.572933466959,-200,93.0101035594727,7.44667293393431,46.6666666666667,0.32,6,1.4308490709293,97.5051514333355
561,Climb,150,753.581028590767,-200,92.9703577519469,7.48853832176925,48.25,0.3261375,6.275,1.4308490709293,97.4634847666689
562,Climb,150,753.589123714575,-200,92.9306119444211,7.53040415933328,49.8333333333333,0.33255,6.55,1.4308490709293,97.4218181000022
563,Climb,150,753.591810225346,-200,92.8908661368953,7.57227029638717,51.4166666666667,0.3392375,6.825,1.4308490709293,97.3801514333355
564,Climb,150,753.591463393825,-200,92.8511203293695,7.61413649843215,53,0.3462,7.1,1.4308490709293,97.3384847666689
565,Climb,150,753.591116562304,-200,92.8113745218437,7.65600268120871,54.5833333333333,0.3534375,7.375,1.4308490709293,97.2968181000022
566,Climb,150,753.590613318718,-200,92.7716287143178,7.69786884037207,56.1666666666667,0.36095,7.65,1.4308490709293,97.2551514333355
567,Climb,150,753.583896037586,-200,92.731882906792,7.7397347989653,57.75,0.3687375,7.925,1.4308490709293,97.2134847666689
568,Climb,150,753.577178756454,-200,92.6921370992662,7.78160038437624,59.3333333333333,0.3768,8.2,1.4308490709293,97.1718181000022
569,Climb,150,753.570461475322,-200,92.6523912917404,7.8234655966049,60.9166666666667,0.3851375,8.475,1.4308490709293,97.1301514333355
570,Climb,150,753.562035078078,-200,92.6126454842146,7.86533038817583,62.5,0.39375,8.75,1.4308490709293,97.0884847666689
571,Climb,150,753.551133125424,-200,92.5728996766888,7.90719464284815,64.0833333333333,0.4026375,9.025,1.4308490709293,97.0468181000022
572,Climb,150,753.54023117277,-200,92.533153869163,7.94905829185643,65.6666666666667,0.4118,9.3,1.4308490709293,97.0051514333355
573,Climb,150,753.529329220117,-200,92.4934080616372,7.99092133520068,67.25,0.4212375,9.575,1.4308490709293,96.9634847666689
574,Climb,150,753.518427267463,-200,92.4536622541113,8.03278377288089,68.8333333333333,0.43095,9.85,1.4308490709293,96.9218181000022
575,Climb,150,753.505244330875,-200,92.4139164465855,8.0746455415364,70.4166666666667,0.4409375,10.125,1.4308490709293,96.8801514333355
576,Climb,150,753.491353491525,-200,92.3741706390597,8.11650655814258,72,0.4512,10.4,1.4308490709293,96.8384847666689
577,Climb,150,753.477462652175,-200,92.3344248315339,8.15836680303546,73.5833333333333,0.4617375,10.675,1.4308490709293,96.7968181000022
578,Climb,150,753.463571812825,-200,92.2946790240081,8.20022627621504,75.1666666666667,0.47255,10.95,1.4308490709293,96.7551514333355
579,Climb,150,753.449680973475,-200,92.2549332164823,8.24208497768133,76.75,0.4836375,11.225,1.4308490709293,96.7134847666689
580,Climb,150,753.435774326487,-200,92.2151874089564,8.28394290699521,78.3333333333333,0.495,11.5,1.4308490709293,96.6718181000022
581,Climb,150,753.420072596303,-200,92.1754416014306,8.32580001385418,79.9166666666667,0.5066375,11.775,1.4308490709293,96.6301514333355
582,Climb,150,753.40437086612,-200,92.1356957939048,8.3676562483948,81.5,0.51855,12.05,1.4308490709293,96.5884847666689
583,Climb,150,753.388669135936,-200,92.095949986379,8.40951161061708,83.0833333333333,0.5307375,12.325,1.4308490709293,96.5468181000022
584,Climb,150,753.372967405752,-200,92.0562041788532,8.45136610052102,84.6666666666667,0.5432,12.6,1.4308490709293,96.5051514333355
585,Climb,150,753.357265675568,-200,92.0164583713274,8.49321971810661,86.25,0.5559375,12.875,1.4308490709293,96.4634847666689
586,Climb,150,753.341563945385,-200,91.9767125638016,8.53507246337386,87.8333333333333,0.56895,13.15,1.4308490709293,96.4218181000022
587,Climb,150,753.325799621063,-200,91.9369667562758,8.57692433458404,89.4166666666667,0.5822375,13.425,1.4308490709293,96.3801514333355
588,Climb,150,753.30919060789,-200,91.8972209487499,8.61877530653484,91,0.5958,13.7,1.4308490709293,96.3384847666689
589,Climb,150,753.292581594717,-200,91.8574751412241,8.66062535576269,92.5833333333333,0.6096375,13.975,1.4308490709293,96.2968181000022
590,Climb,150,753.275972581544,-200,91.8177293336983,8.70247448226759,94.1666666666667,0.62375,14.25,1.4308490709293,96.2551514333355
591,Climb,150,753.259363568372,-200,91.7779835261725,8.74432268604953,95.75,0.6381375,14.525,1.4308490709293,96.2134847666689
592,Climb,150,753.242754555199,-200,91.7382377186467,8.78616996710852,97.3333333333333,0.6528,14.8,1.4308490709293,96.1718181000022
593,Climb,150,753.226145542026,-200,91.6984919111209,8.82801632544455,98.9166666666667,0.6677375,15.075,1.4308490709293,96.1301514333356
594,Climb,150,753.209536528854,-200,91.6587461035951,8.86986176105763,100.5,0.68295,15.35,1.4308490709293,96.0884847666689
595,Climb,150,753.192927515681,-200,91.6190002960692,8.91170627394776,102.083333333333,0.6984375,15.625,1.4308490709293,96.0468181000022
596,Climb,150,753.176108035547,-200,91.5792544885434,8.95354985826863,103.666666666667,0.7142,15.9,1.4308490709293,96.0051514333355
597,Climb,150,753.159131923734,-200,91.5395086810176,8.99539250382305,105.25,0.7302375,16.175,1.4308490709293,95.9634847666689
598,Climb,150,753.14215581192,-200,91.4997628734918,9.03723420626015,106.833333333333,0.74655,16.45,1.4308490709293,95.9218181000022
599,Climb,150,753.125179700107,-200,91.460017065966,9.07907496557993,108.416666666667,0.7631375,16.725,1.4308490709293,95.8801514333355
600,Climb,150,753.108203588294,-200,91.4202712584402,9.12091478178239,110,0.78,17,1.4308490709293,95.8384847666689
601,Climb,150,753.09122747648,-200,91.3805254509143,9.16275365486752,111.583333333333,0.7971375,17.275,1.4308490709293,95.7968181000022
602,Climb,150,753.074251364667,-200,91.3407796433885,9.20459158483533,113.166666666667,0.81455,17.55,1.4308490709293,95.7551514333355
603,Climb,150,753.057275252854,-200,91.3010338358627,9.24642857168582,114.75,0.8322375,17.825,1.4308490709293,95.7134847666689
604,Climb,150,753.04029914104,-200,91.2612880283369,9.28826461541898,116.333333333333,0.8502,18.1,1.4308490709293,95.6718181000022
605,Climb,150,753.023323029227,-200,91.2215422208111,9.33009971603482,117.916666666667,0.8684375,18.375,1.4308490709293,95.6301514333355
606,Climb,150,753.00628861663,-200,91.1817964132853,9.37193387191387,119.5,0.88695,18.65,1.4308490709293,95.5884847666689
607,Climb,150,752.98921081599,-200,91.1420506057595,9.41376708023145,121.083333333333,0.9057375,18.925,1.4308490709293,95.5468181000022
608,Climb,150,752.97213301535,-200,91.1023047982337,9.45559933978232,122.666666666667,0.9248,19.2,1.4308490709293,95.5051514333355
609,Climb,150,752.95505521471,-200,91.0625589907078,9.49743065056649,124.25,0.9441375,19.475,1.4308490709293,95.4634847666689
610,Climb,150,752.93797741407,-200,91.022813183182,9.53926101258395,125.833333333333,0.96375,19.75,1.4308490709293,95.4218181000022
611,Climb,150,752.920899613431,-200,90.9830673756562,9.58109042583471,127.416666666667,0.9836375,20.025,1.4308490709293,95.3801514333355
612,Climb,150,752.903821812791,-200,90.9433215681304,9.62291889031878,129,1.0038,20.3,1.4308490709293,95.3384847666689
613,Climb,150,752.886744012151,-200,90.9035757606046,9.66474640603614,130.583333333333,1.0242375,20.575,1.4308490709293,95.2968181000022
614,Climb,150,752.869666211511,-200,90.8638299530788,9.70657297298679,132.166666666667,1.04495,20.85,1.4308490709293,95.2551514333355
615,Climb,150,752.852588410871,-200,90.824084145553,9.74839859117075,133.75,1.0659375,21.125,1.4308490709293,95.2134847666689
616,Climb,150,752.835752471335,-200,90.7843383380272,9.79022326730636,135.333333333333,1.0872,21.4,1.4308490709293,95.1718181000022
617,Climb,150,752.819096527323,-200,90.7445925305013,9.83204701311188,136.916666666667,1.1087375,21.675,1.4308490709293,95.1301514333355
618,Climb,150,752.80244058331,-200,90.7048467229755,9.87386983358718,138.5,1.13055,21.95,1.4308490709293,95.0884847666689
619,Climb,150,752.785784639298,-200,90.6651009154497,9.91569172873225,140.083333333333,1.1526375,22.225,1.4308490709293,95.0468181000022
620,Climb,150,752.769128695286,-200,90.6253551079239,9.9575126985471,141.666666666667,1.175,22.5,1.4308490709293,95.0051514333355
621,Climb,150,752.752472751274,-200,90.5856093003981,9.99933274303173,143.25,1.1976375,22.775,1.4308490709293,94.9634847666689
622,Climb,150,752.735816807262,-200,90.5458634928723,10.0411518621861,144.833333333333,1.22055,23.05,1.4308490709293,94.9218181000022
623,Climb,150,752.719160863249,-200,90.5061176853464,10.0829700560103,146.416666666667,1.2437375,23.325,1.4308490709293,94.8801514333355
624,Climb,150,752.702504919237,-200,90.4663718778206,10.1247873245043,148,1.2672,23.6,1.4308490709293,94.8384847666689
625,Climb,150,752.685848975225,-200,90.4266260702948,10.166603667668,149.583333333333,1.2909375,23.875,1.4308490709293,94.7968181000022
626,Climb,150,752.670019622534,-200,90.386880262769,10.2084191084624,151.166666666667,1.31495,24.15,1.4308490709293,94.7551514333355
627,Climb,150,752.654805427614,-200,90.3471344552432,10.250233686936,152.75,1.3392375,24.425,1.4308490709293,94.7134847666689
628,Climb,150,752.639591232693,-200,90.3073886477174,10.2920474201766,154.333333333333,1.3638,24.7,1.4308490709293,94.6718181000022
629,Climb,150,752.624377037773,-200,90.2676428401916,10.3338603081841,155.916666666667,1.3886375,24.975,1.4308490709293,94.6301514333355
630,Climb,150,752.609162842853,-200,90.2278970326658,10.3756723509585,157.5,1.41375,25.25,1.4308490709293,94.5884847666689
631,Climb,150,752.593948647933,-200,90.1881512251399,10.4174835485,159.083333333333,1.4391375,25.525,1.4308490709293,94.5468181000022
632,Climb,150,752.578734453013,-200,90.1484054176141,10.4592939008083,160.666666666667,1.4648,25.8,1.4308490709293,94.5051514333355
633,Climb,150,752.563520258093,-200,90.1086596100883,10.5011034078836,162.25,1.4907375,26.075,1.4308490709293,94.4634847666689
634,Climb,150,752.548306063173,-200,90.0689138025625,10.5429120697259,163.833333333333,1.51695,26.35,1.4308490709293,94.4218181000022
635,Climb,150,752.533091868252,-200,90.0291679950367,10.5847198863351,165.416666666667,1.5434375,26.625,1.4308490709293,94.3801514333355
636,Climb,150,752.524569882606,-200,89.9894221875109,10.6265270436059,167,1.5702,26.9,1.4308490709293,94.3384847666689
637,Climb,150,752.521028307995,-200,89.949676379985,10.6683338657779,168.583333333333,1.5972375,27.175,1.4308490709293,94.2968181000022
638,Climb,150,752.517486733385,-200,89.9099305724592,10.7101404911957,170.166666666667,1.62455,27.45,1.4308490709293,94.2551514333355
639,Climb,150,752.513945158774,-200,89.8701847649334,10.7519469198594,171.75,1.6521375,27.725,1.4308490709293,94.2134847666689
640,Climb,150,752.510403584163,-200,89.8304389574076,10.7937531517689,173.333333333333,1.68,28,1.4308490709293,94.1718181000022
641,Climb,150,752.506862009553,-200,89.7906931498818,10.8355591869243,174.916666666667,1.7081375,28.275,1.4308490709293,94.1301514333355
642,Climb,150,752.503320434942,-200,89.750947342356,10.8773650253255,176.5,1.73655,28.55,1.4308490709293,94.0884847666689
643,Climb,150,752.499778860331,-200,89.7112015348302,10.9191706669726,178.083333333333,1.7652375,28.825,1.4308490709293,94.0468181000022
644,Climb,150,752.49623728572,-200,89.6714557273044,10.9609761118656,179.666666666667,1.7942,29.1,1.4308490709293,94.0051514333355
645,Climb,150,752.49269571111,-200,89.6317099197785,11.0027813600044,181.25,1.8234375,29.375,1.4308490709293,93.9634847666689
646,Climb,150,752.489465570772,-200,89.5919641122527,11.04458642004,182.833333333333,1.85295,29.65,1.4308490709293,93.9218181000022
647,Climb,150,752.486467203025,-200,89.5522183047269,11.0863913070615,184.416666666667,1.8827375,29.925,1.4308490709293,93.8801514333355
648,Climb,150,752.483468835279,-200,89.5124724972011,11.128196027507,186,1.9128,30.2,1.4308490709293,93.8384847666689
649,Climb,150,752.480470467533,-200,89.4727266896753,11.1700005813765,187.583333333333,1.9431375,30.475,1.4308490709293,93.7968181000022
650,Climb,150,752.477472099786,-200,89.4329808821495,11.21180496867,189.166666666667,1.97375,30.75,1.4308490709293,93.7551514333355
651,Climb,150,752.47447373204,-200,89.3932350746237,11.2536091893876,190.75,2.0046375,31.025,1.4308490709293,93.7134847666689
652,Climb,150,752.471475364294,-200,89.3534892670978,11.2954132435292,192.333333333333,2.0358,31.3,1.4308490709293,93.6718181000022
653,Climb,150,752.468476996547,-200,89.313743459572,11.3372171310947,193.916666666667,2.0672375,31.575,1.4308490709293,93.6301514333355
654,Climb,150,752.465478628801,-200,89.2739976520462,11.3790208520843,195.5,2.09895,31.85,1.4308490709293,93.5884847666689
655,Climb,150,752.462480261055,-200,89.2342518445204,11.4208244064979,197.083333333333,2.1309375,32.125,1.4308490709293,93.5468181000022
656,Climb,150,752.457842013378,-200,89.1945060369946,11.4626277487833,198.666666666667,2.1632,32.4,1.4308490709293,93.5051514333355
657,Climb,150,752.451983350176,-200,89.1547602294688,11.5044307994879,200.25,2.1957375,32.675,1.4308490709293,93.4634847666689
658,Climb,150,752.446124686974,-200,89.115014421943,11.5462335247111,201.833333333333,2.22855,32.95,1.4308490709293,93.4218181000022
659,Climb,150,752.440266023771,-200,89.0752686144171,11.5880359244531,203.416666666667,2.2616375,33.225,1.4308490709293,93.3801514333355
660,Climb,150,752.434407360569,-200,89.0355228068913,11.6298379987138,205,2.295,33.5,1.4308490709293,93.3384847666689
661,Climb,150,752.428548697367,-200,88.9957769993655,11.6716397474932,206.583333333333,2.3286375,33.775,1.4308490709293,93.2968181000022
662,Climb,150,752.422690034165,-200,88.9560311918397,11.7134411707913,208.166666666667,2.36255,34.05,1.4308490709293,93.2551514333355
663,Climb,150,752.416831370962,-200,88.9162853843139,11.7552422686081,209.75,2.3967375,34.325,1.4308490709293,93.2134847666689
664,Climb,150,752.41097270776,-200,88.8765395767881,11.7970430409436,211.333333333333,2.4312,34.6,1.4308490709293,93.1718181000022
665,Climb,150,752.405114044558,-200,88.8367937692623,11.8388434877978,212.916666666667,2.4659375,34.875,1.4308490709293,93.1301514333355
666,Climb,150,752.396227704094,-200,88.7970479617365,11.8806435250686,214.5,2.50095,35.15,1.4308490709293,93.0884847666689
667,Climb,150,752.385088135045,-200,88.7573021542106,11.9224430060641,216.083333333333,2.5362375,35.425,1.4308490709293,93.0468181000022
668,Climb,150,752.373948565995,-200,88.7175563466848,11.9642418681947,217.666666666667,2.5718,35.7,1.4308490709293,93.0051514333355
669,Climb,150,752.362808996945,-200,88.677810539159,12.0060401114604,219.25,2.6076375,35.975,1.4308490709293,92.9634847666689
670,Climb,150,752.351669427896,-200,88.6380647316332,12.0478377358611,220.833333333333,2.64375,36.25,1.4308490709293,92.9218181000022
671,Climb,150,752.340529858846,-200,88.5983189241074,12.0896347413968,222.416666666667,2.6801375,36.525,1.4308490709293,92.8801514333355
672,Climb,150,752.329390289796,-200,88.5585731165816,12.1314311280676,224,2.7168,36.8,1.4308490709293,92.8384847666689
673,Climb,150,752.318250720747,-200,88.5188273090558,12.1732268958734,225.583333333333,2.7537375,37.075,1.4308490709293,92.7968181000022
674,Climb,150,752.307111151697,-200,88.4790815015299,12.2150220448143,227.166666666667,2.79095,37.35,1.4308490709293,92.7551514333355
675,Climb,150,752.295971582647,-200,88.4393356940041,12.2568165748903,228.75,2.8284375,37.625,1.4308490709293,92.7134847666689
676,Climb,150,752.282463265666,-200,88.3995898864783,12.2986104203028,230.333333333333,2.8662,37.9,1.4308490709293,92.6718181000022
677,Climb,150,752.267192102089,-200,88.3598440789525,12.3404034662852,231.916666666667,2.9042375,38.175,1.4308490709293,92.6301514333355
678,Climb,150,752.251920938512,-200,88.3200982714267,12.3821956638696,233.5,2.94255,38.45,1.4308490709293,92.5884847666689
679,Climb,150,752.236649774934,-200,88.2803524639009,12.4239870130561,235.083333333333,2.9811375,38.725,1.4308490709293,92.5468181000022
680,Climb,150,752.221378611357,-200,88.240606656375,12.4657775138446,236.666666666667,3.02,39,1.4308490709293,92.5051514333355
681,Climb,150,752.20610744778,-200,88.2008608488492,12.5075671662352,238.25,3.0591375,39.275,1.4308490709293,92.4634847666689
682,Climb,150,752.190836284202,-200,88.1611150413234,12.5493559702277,239.833333333333,3.09855,39.55,1.4308490709293,92.4218181000022
683,Climb,150,752.175565120625,-200,88.1213692337976,12.5911439258223,241.416666666667,3.1382375,39.825,1.4308490709293,92.3801514333355
684,Climb,150,752.160293957048,-200,88.0816234262718,12.6329310330189,243,3.1782,40.1,1.4308490709293,92.3384847666689
685,Climb,150,752.14502279347,-200,88.041877618746,12.6747172918175,244.583333333333,3.2184375,40.375,1.4308490709293,92.2968181000022
686,Climb,150,752.128751028369,-200,88.0021318112202,12.7165026744237,246.166666666667,3.25895,40.65,1.4308490709293,92.2551514333355
687,Climb,150,752.111734605311,-200,87.9623860036944,12.758287132358,247.75,3.2997375,40.925,1.4308490709293,92.2134847666689
688,Climb,150,752.094718182254,-200,87.9226401961685,12.8000706449354,249.333333333333,3.3408,41.2,1.4308490709293,92.1718181000022
689,Climb,150,752.077701759197,-200,87.8828943886427,12.841853212156,250.916666666667,3.3821375,41.475,1.4308490709293,92.1301514333355
690,Climb,150,752.06068533614,-200,87.8431485811169,12.8836348340197,252.5,3.42375,41.75,1.4308490709293,92.0884847666689
691,Climb,150,752.043668913083,-200,87.8034027735911,12.9254155105267,254.083333333333,3.4656375,42.025,1.4308490709293,92.0468181000022
692,Climb,150,752.026652490026,-200,87.7636569660653,12.9671952416768,255.666666666667,3.5078,42.3,1.4308490709293,92.0051514333355
693,Climb,150,752.009636066969,-200,87.7239111585395,13.00897402747,257.25,3.5502375,42.575,1.4308490709293,91.9634847666689
694,Climb,150,751.992619643911,-200,87.6841653510137,13.0507518679064,258.833333333333,3.59295,42.85,1.4308490709293,91.9218181000022
695,Climb,150,751.975603220854,-200,87.6444195434879,13.092528762986,260.416666666667,3.6359375,43.125,1.4308490709293,91.8801514333356
696,Climb,150,751.958232951745,-200,87.604673735962,13.1343047028797,262,3.6792,43.4,1.4308490709293,91.8384847666689
697,Climb,150,751.940599346761,-200,87.5649279284362,13.1760796704435,263.583333333333,3.7227375,43.675,1.4308490709293,91.7968181000022
698,Climb,150,751.922965741776,-200,87.5251821209104,13.2178536583627,265.166666666667,3.76655,43.95,1.4308490709293,91.7551514333355
699,Climb,150,751.905332136792,-200,87.4854363133846,13.2596266666371,266.75,3.8106375,44.225,1.4308490709293,91.7134847666689
700,Climb,150,751.887698531807,-200,87.4456905058588,13.3013986952667,268.333333333333,3.855,44.5,1.4308490709293,91.6718181000022
701,Climb,150,751.870064926823,-200,87.405944698333,13.3431697442517,269.916666666667,3.8996375,44.775,1.4308490709293,91.6301514333355
702,Climb,150,751.852431321839,-200,87.3661988908071,13.3849398135919,271.5,3.94455,45.05,1.4308490709293,91.5884847666689
703,Climb,150,751.834797716854,-200,87.3264530832813,13.4267089032875,273.083333333333,3.9897375,45.325,1.4308490709293,91.5468181000022
704,Climb,150,751.81716411187,-200,87.2867072757555,13.4684770133383,274.666666666667,4.0352,45.6,1.4308490709293,91.5051514333355
705,Climb,150,751.799530506886,-200,87.2469614682297,13.5102441437443,276.25,4.0809375,45.875,1.4308490709293,91.4634847666689
706,Climb,150,751.781815643554,-200,87.2072156607039,13.5520102922485,277.833333333333,4.12695,46.15,1.4308490709293,91.4218181000022
707,Climb,150,751.764040306922,-200,87.1674698531781,13.5937754549138,279.416666666667,4.1732375,46.425,1.4308490709293,91.3801514333355
708,Climb,150,751.74626497029,-200,87.1277240456523,13.6355396300604,281,4.2198,46.7,1.4308490709293,91.3384847666689
709,Climb,150,751.728489633659,-200,87.0879782381265,13.6773028176883,282.583333333333,4.2666375,46.975,1.4308490709293,91.2968181000022
710,Climb,150,751.710714297028,-200,87.0482324306006,13.7190650177975,284.166666666667,4.31375,47.25,1.4308490709293,91.2551514333355
711,Climb,150,751.692938960396,-200,87.0084866230748,13.760826230388,285.75,4.3611375,47.525,1.4308490709293,91.2134847666689
712,Climb,150,751.675163623765,-200,86.968740815549,13.8025864554597,287.333333333333,4.4088,47.8,1.4308490709293,91.1718181000022
713,Climb,150,751.657388287133,-200,86.9289950080232,13.8443456930128,288.916666666667,4.4567375,48.075,1.4308490709293,91.1301514333355
714,Climb,150,751.639612950502,-200,86.8892492004974,13.8861039430472,290.5,4.50495,48.35,1.4308490709293,91.0884847666689
715,Climb,150,751.62183761387,-200,86.8495033929716,13.9278612055629,292.083333333333,4.5534375,48.625,1.4308490709293,91.0468181000022
716,Climb,150,751.604053521914,-200,86.8097575854458,13.9696174803166,293.666666666667,4.6022,48.9,1.4308490709293,91.0051514333355
717,Climb,150,751.586267866024,-200,86.7700117779199,14.0113727670219,295.25,4.6512375,49.175,1.4308490709293,90.9634847666689
718,Climb,150,751.568501308152,-200,86.7302659703941,14.0531270661656,296.833333333333,4.70055,49.45,1.4308490709293,90.9218181000022
719,Climb,150,751.61245291121,-200,86.6905201628683,14.0948820926717,298.416666666667,4.7501375,49.725,1.4308490709293,90.8801514333355
720,Cruise,84,761.160633044213,-112,86.6595184329982,14.1276004928777,300,4.8,50,0.801275479720409,90.8476514333355
721,Cruise,84,762.085505714241,-112,86.6372607807837,14.1512954328139,300,4.85000694444444,50.0138888888889,0.801275479720409,90.8243181000022
722,Cruise,84,762.474663963087,-112,86.6150031285693,14.1750108132311,300,4.90002777777778,50.0277777777778,0.801275479720409,90.8009847666689
723,Cruise,84,762.774493165519,-112,86.5927454763548,14.1987369112309,300,4.9500625,50.0416666666667,0.801275479720409,90.7776514333355
724,Cruise,84,763.035695914835,-112,86.5704878241404,14.2224717363944,300,5.00011111111111,50.0555555555556,0.801275479720409,90.7543181000022
725,Cruise,84,763.270240517444,-112,86.5482301719259,14.2462142731833,300,5.05017361111111,50.0694444444444,0.801275479720409,90.7309847666689
726,Cruise,84,763.480880766584,-112,86.5259725197114,14.26996373507,300,5.10025,50.0833333333333,0.801275479720409,90.7076514333355
727,Cruise,84,763.672617367772,-112,86.503714867497,14.2937194561521,300,5.15034027777778,50.0972222222222,0.801275479720409,90.6843181000022
728,Cruise,84,763.843369791039,-112,86.4814572152825,14.3174808159523,300,5.20044444444444,50.1111111111111,0.801275479720409,90.6609847666689
729,Cruise,84,764.001203704798,-112,86.4591995630681,14.3412472870956,300,5.2505625,50.125,0.801275479720409,90.6376514333355
730,Cruise,84,764.135675311966,-112,86.4369419108536,14.3650183052136,300,5.30069444444444,50.1388888888889,0.801275479720409,90.6143181000022
731,Cruise,84,764.264423824497,-112,86.4146842586392,14.3887934178668,300,5.35084027777778,50.1527777777778,0.801275479720409,90.5909847666689
732,Cruise,84,764.370690342278,-112,86.3924266064247,14.4125721863094,300,5.401,50.1666666666667,0.801275479720409,90.5676514333355
733,Cruise,84,764.471716907914,-112,86.3701689542102,14.4363541793111,300,5.45117361111111,50.1805555555556,0.801275479720409,90.5443181000022
734,Cruise,84,764.556782515456,-112,86.3479113019958,14.4601390670799,300,5.50136111111111,50.1944444444444,0.801275479720409,90.5209847666689
735,Cruise,84,764.641848122999,-112,86.3256536497813,14.4839266013343,300,5.5515625,50.2083333333333,0.801275479720409,90.4976514333355
736,Cruise,84,764.706464987644,-112,86.3033959975669,14.5077164639827,300,5.60177777777778,50.2222222222222,0.801275479720409,90.4743181000022
737,Cruise,84,764.77095368038,-112,86.2811383453524,14.5315083349397,300,5.65200694444445,50.2361111111111,0.801275479720409,90.4509847666689
738,Cruise,84,764.829441479721,-112,86.258880693138,14.5553021188644,300,5.70225,50.25,0.801275479720409,90.4276514333355
739,Cruise,84,764.876459784609,-112,86.2366230409235,14.5790975439952,300,5.75250694444445,50.2638888888889,0.801275479720409,90.4043181000022
740,Cruise,84,764.923478089496,-112,86.2143653887091,14.6028944319177,300,5.80277777777778,50.2777777777778,0.801275479720409,90.3809847666689
741,Cruise,84,764.961307541568,-112,86.1921077364946,14.6266926396942,300,5.8530625,50.2916666666667,0.801275479720409,90.3576514333355
742,Cruise,84,764.99507029254,-112,86.1698500842802,14.6504919611272,300,5.90336111111111,50.3055555555556,0.801275479720409,90.3343181000022
743,Cruise,84,765.028374576,-112,86.1475924320657,14.6742923258251,300,5.95367361111111,50.3194444444444,0.801275479720409,90.3109847666689
744,Cruise,84,765.05145693553,-112,86.1253347798512,14.6980935676486,300,6.004,50.3333333333333,0.801275479720409,90.2876514333355
745,Cruise,84,765.074539295059,-112,86.1030771276368,14.72189552759,300,6.05434027777778,50.3472222222222,0.801275479720409,90.2643181000022
746,Cruise,84,765.097621654589,-112,86.0808194754223,14.7456982056492,300,6.10469444444445,50.3611111111111,0.801275479720409,90.2409847666689
747,Cruise,84,765.113215453563,-112,86.0585618232079,14.7695014853376,300,6.1550625,50.375,0.801275479720409,90.2176514333355
748,Cruise,84,765.127530785259,-112,86.0363041709934,14.7933052302791,300,6.20544444444445,50.3888888888889,0.801275479720409,90.1943181000022
749,Cruise,84,765.141846116955,-112,86.014046518779,14.8171094205864,300,6.25584027777778,50.4027777777778,0.801275479720409,90.1709847666689
750,Cruise,84,765.151704580796,-112,85.9917888665645,14.8409139869306,300,6.30625,50.4166666666667,0.801275479720409,90.1476514333355
751,Cruise,84,765.1593220896,-112,85.96953121435,14.8647188251233,300,6.35667361111111,50.4305555555556,0.801275479720409,90.1243181000022
752,Cruise,84,765.166939598404,-112,85.9472735621356,14.8885239003051,300,6.40711111111111,50.4444444444444,0.801275479720409,90.1009847666689
753,Cruise,84,765.174557107208,-112,85.9250159099211,14.9123292124761,300,6.4575625,50.4583333333333,0.801275479720409,90.0776514333355
754,Cruise,84,765.178155912157,-112,85.9027582577067,14.936134699123,300,6.50802777777778,50.4722222222222,0.801275479720409,90.0543181000022
755,Cruise,84,765.180544086695,-112,85.8805006054922,14.9599402789008,300,6.55850694444444,50.4861111111111,0.801275479720409,90.0309847666689
756,Cruise,84,765.182932261232,-112,85.8582429532778,14.9837459329773,300,6.609,50.5,0.801275479720409,90.0076514333355
757,Cruise,84,765.18532043577,-112,85.8359853010633,15.0075516613526,300,6.65950694444445,50.5138888888889,0.801275479720409,89.9843181000022
758,Cruise,84,765.184481974882,-112,85.8137276488489,15.0313574138345,300,6.71002777777778,50.5277777777778,0.801275479720409,89.9609847666689
759,Cruise,84,765.183168030506,-112,85.7914699966344,15.0551631328346,300,6.7605625,50.5416666666667,0.801275479720409,89.9376514333355
760,Cruise,84,765.18185408613,-112,85.7692123444199,15.0789688109564,300,6.81111111111111,50.5555555555556,0.801275479720409,89.9143181000022
761,Cruise,84,765.180540141754,-112,85.7469546922055,15.1027744482,300,6.86167361111111,50.5694444444444,0.801275479720409,89.8909847666689
762,Cruise,84,765.179226197377,-112,85.724697039991,15.1265800445653,300,6.91225,50.5833333333333,0.801275479720409,89.8676514333355
763,Cruise,84,765.175129085402,-112,85.7024393877766,15.1503855567585,300,6.96284027777778,50.5972222222222,0.801275479720409,89.8443181000022
764,Cruise,84,765.170992349201,-112,85.6801817355621,15.1741909408698,300,7.01344444444445,50.6111111111111,0.801275479720409,89.8209847666689
765,Cruise,84,765.166855613,-112,85.6579240833477,15.1979961962825,300,7.0640625,50.625,0.801275479720409,89.7976514333355
766,Cruise,84,765.162718876799,-112,85.6356664311332,15.2218013229968,300,7.11469444444444,50.6388888888889,0.801275479720409,89.7743181000022
767,Cruise,84,765.158582140598,-112,85.6134087789188,15.2456063210126,300,7.16534027777778,50.6527777777778,0.801275479720409,89.7509847666689
768,Cruise,84,765.154253030918,-112,85.5911511267043,15.2694111873375,300,7.216,50.6666666666667,0.801275479720409,89.7276514333355
769,Cruise,84,765.148178654223,-112,85.5688934744898,15.2932158918304,300,7.26667361111111,50.6805555555556,0.801275479720409,89.7043181000022
770,Cruise,84,765.142104277528,-112,85.5466358222754,15.3170204073426,300,7.31736111111111,50.6944444444444,0.801275479720409,89.6809847666689
771,Cruise,84,765.136029900833,-112,85.5243781700609,15.3408247338743,300,7.3680625,50.7083333333333,0.801275479720409,89.6576514333355
772,Cruise,84,765.129955524138,-112,85.5021205178465,15.3646288714254,300,7.41877777777778,50.7222222222222,0.801275479720409,89.6343181000022
773,Cruise,84,765.123881147443,-112,85.479862865632,15.3884328199958,300,7.46950694444445,50.7361111111111,0.801275479720409,89.6109847666689
774,Cruise,84,765.117538602736,-112,85.4576052134176,15.4122365754142,300,7.52025,50.75,0.801275479720409,89.5876514333355
775,Cruise,84,765.110202863925,-112,85.4353475612031,15.4360401180592,300,7.57100694444444,50.7638888888889,0.801275479720409,89.5643181000022
776,Cruise,84,765.102867125114,-112,85.4130899089887,15.4598434324812,300,7.62177777777778,50.7777777777778,0.801275479720409,89.5409847666689
777,Cruise,84,765.095531386302,-112,85.3908322567742,15.4836465186803,300,7.6725625,50.7916666666667,0.801275479720409,89.5176514333355
778,Cruise,84,765.088195647491,-112,85.3685746045597,15.5074493766564,300,7.72336111111111,50.8055555555556,0.801275479720409,89.4943181000022
779,Cruise,84,765.080859908679,-112,85.3463169523453,15.5312520064095,300,7.77417361111111,50.8194444444444,0.801275479720409,89.4709847666689
780,Cruise,84,765.073524169868,-112,85.3240593001308,15.5550544079396,300,7.825,50.8333333333333,0.801275479720409,89.4476514333356
781,Cruise,84,765.066188431057,-112,85.3018016479164,15.5788565812467,300,7.87584027777778,50.8472222222222,0.801275479720409,89.4243181000022
782,Cruise,84,765.058529031487,-112,85.2795439957019,15.6026585212961,300,7.92669444444445,50.8611111111111,0.801275479720409,89.4009847666689
783,Cruise,84,765.050569040327,-112,85.2572863434875,15.6264602183773,300,7.9775625,50.875,0.801275479720409,89.3776514333355
784,Cruise,84,765.042609049166,-112,85.235028691273,15.6502616678142,300,8.02844444444445,50.8888888888889,0.801275479720409,89.3543181000022
785,Cruise,84,765.034649058006,-112,85.2127710390586,15.674062869607,300,8.07934027777778,50.9027777777778,0.801275479720409,89.3309847666689
786,Cruise,84,765.026689066845,-112,85.1905133868441,15.6978638237556,300,8.13025,50.9166666666667,0.801275479720409,89.3076514333355
787,Cruise,84,765.018729075685,-112,85.1682557346296,15.72166453026,300,8.18117361111111,50.9305555555556,0.801275479720409,89.2843181000022
788,Cruise,84,765.010769084524,-112,85.1459980824152,15.7454649891203,300,8.23211111111111,50.9444444444444,0.801275479720409,89.2609847666689
789,Cruise,84,765.002809093364,-112,85.1237404302007,15.7692652003364,300,8.2830625,50.9583333333333,0.801275479720409,89.2376514333355
790,Cruise,84,764.994849102203,-112,85.1014827779863,15.7930651639083,300,8.33402777777778,50.9722222222222,0.801275479720409,89.2143181000022
791,Cruise,84,764.986889111042,-112,85.0792251257718,15.8168648798361,300,8.38500694444445,50.9861111111111,0.801275479720409,89.1909847666689
792,Cruise,84,764.977461360248,-112,85.0569674735573,15.8406643252879,300,8.436,51,0.801275479720409,89.1676514333355
793,Cruise,84,764.966670465502,-112,85.0347098213429,15.8644634562274,300,8.48700694444445,51.0138888888889,0.801275479720409,89.1443181000022
794,Cruise,84,764.955879570756,-112,85.0124521691285,15.8882622514502,300,8.53802777777778,51.0277777777778,0.801275479720409,89.1209847666689
795,Cruise,84,764.94508867601,-112,84.990194516914,15.9120607109562,300,8.5890625,51.0416666666667,0.801275479720409,89.0976514333355
796,Cruise,84,764.934297781263,-112,84.9679368646995,15.9358588347456,300,8.64011111111111,51.0555555555556,0.801275479720409,89.0743181000022
797,Cruise,84,764.923506886518,-112,84.9456792124851,15.9596566228182,300,8.69117361111111,51.0694444444444,0.801275479720409,89.0509847666689
798,Cruise,84,764.912715991771,-112,84.9234215602706,15.9834540751741,300,8.74225,51.0833333333333,0.801275479720409,89.0276514333355
799,Cruise,84,764.901925097025,-112,84.9011639080562,16.0072511918132,300,8.79334027777778,51.0972222222222,0.801275479720409,89.0043181000022
800,Cruise,84,764.891134202279,-112,84.8789062558417,16.0310479727356,300,8.84444444444444,51.1111111111111,0.801275479720409,88.9809847666689
801,Cruise,84,764.880343307533,-112,84.8566486036272,16.0548444179414,300,8.8955625,51.125,0.801275479720409,88.9576514333355
802,Cruise,84,764.868922914947,-112,84.8343909514128,16.0786405176381,300,8.94669444444444,51.1388888888889,0.801275479720409,88.9343181000022
803,Cruise,84,764.856917892457,-112,84.8121332991984,16.1024362529396,300,8.99784027777778,51.1527777777778,0.801275479720409,88.9109847666689
804,Cruise,84,764.844912869966,-112,84.7898756469839,16.1262316147515,300,9.049,51.1666666666667,0.801275479720409,88.8876514333355
805,Cruise,84,764.832907847476,-112,84.7676179947694,16.1500266030737,300,9.10017361111111,51.1805555555556,0.801275479720409,88.8643181000022
806,Cruise,84,764.820902824986,-112,84.745360342555,16.1738212179064,300,9.15136111111111,51.1944444444444,0.801275479720409,88.8409847666689
807,Cruise,84,764.808897802496,-112,84.7231026903405,16.1976154592495,300,9.2025625,51.2083333333333,0.801275479720409,88.8176514333355
808,Cruise,84,764.796892780006,-112,84.7008450381261,16.221409327103,300,9.25377777777778,51.2222222222222,0.801275479720409,88.7943181000022
809,Cruise,84,764.784887757515,-112,84.6785873859116,16.2452028214669,300,9.30500694444444,51.2361111111111,0.801275479720409,88.7709847666689
810,Cruise,84,764.772882735025,-112,84.6563297336971,16.2689959423413,300,9.35625,51.25,0.801275479720409,88.7476514333355
811,Cruise,84,764.760877712535,-112,84.6340720814827,16.292788689726,300,9.40750694444445,51.2638888888889,0.801275479720409,88.7243181000022
812,Cruise,84,764.748828917208,-112,84.6118144292682,16.3165810629402,300,9.45877777777778,51.2777777777778,0.801275479720409,88.7009847666689
813,Cruise,84,764.736739468985,-112,84.5895567770538,16.3403730606707,300,9.5100625,51.2916666666667,0.801275479720409,88.6776514333355
814,Cruise,84,764.724650020763,-112,84.5672991248393,16.364164682285,300,9.56136111111111,51.3055555555556,0.801275479720409,88.6543181000022
815,Cruise,84,764.71256057254,-112,84.5450414726249,16.3879559277831,300,9.61267361111111,51.3194444444444,0.801275479720409,88.6309847666689
816,Cruise,84,764.700471124317,-112,84.5227838204104,16.411746797165,300,9.664,51.3333333333333,0.801275479720409,88.6076514333355
817,Cruise,84,764.688381676095,-112,84.500526168196,16.4355372904308,300,9.71534027777778,51.3472222222222,0.801275479720409,88.5843181000022
818,Cruise,84,764.676292227872,-112,84.4782685159815,16.4593274075804,300,9.76669444444445,51.3611111111111,0.801275479720409,88.5609847666689
819,Cruise,84,764.66420277965,-112,84.456010863767,16.4831171486139,300,9.8180625,51.375,0.801275479720409,88.5376514333355
820,Cruise,84,764.652113331427,-112,84.4337532115526,16.5069065135312,300,9.86944444444445,51.3888888888889,0.801275479720409,88.5143181000022
821,Cruise,84,764.640023883204,-112,84.4114955593381,16.5306955023323,300,9.92084027777778,51.4027777777778,0.801275479720409,88.4909847666689
822,Cruise,84,764.627890953691,-112,84.3892379071237,16.5544841143409,300,9.97225,51.4166666666667,0.801275479720409,88.4676514333355
823,Cruise,84,764.615717642049,-112,84.3669802549092,16.5782723482524,300,10.0236736111111,51.4305555555556,0.801275479720409,88.4443181000022
824,Cruise,84,764.603544330407,-112,84.3447226026948,16.6020602034386,300,10.0751111111111,51.4444444444444,0.801275479720409,88.4209847666689
825,Cruise,84,764.591371018765,-112,84.3224649504803,16.6258476798996,300,10.1265625,51.4583333333333,0.801275479720409,88.3976514333355
826,Cruise,84,764.579197707123,-112,84.3002072982659,16.6496347776353,300,10.1780277777778,51.4722222222222,0.801275479720409,88.3743181000022
827,Cruise,84,764.567024395481,-112,84.2779496460514,16.6734214966458,300,10.2295069444444,51.4861111111111,0.801275479720409,88.3509847666689
828,Cruise,84,764.554851083839,-112,84.2556919938369,16.697207836931,300,10.281,51.5,0.801275479720409,88.3276514333355
829,Cruise,84,764.542677772197,-112,84.2334343416225,16.720993798491,300,10.3325069444444,51.5138888888889,0.801275479720409,88.3043181000022
830,Cruise,84,764.530504460555,-112,84.211176689408,16.7447793813258,300,10.3840277777778,51.5277777777778,0.801275479720409,88.2809847666689
831,Cruise,84,764.518331148913,-112,84.1889190371936,16.7685645854352,300,10.4355625,51.5416666666667,0.801275479720409,88.2576514333355
832,Cruise,84,764.506154884326,-112,84.1666613849791,16.7923494107735,300,10.4871111111111,51.5555555555556,0.801275479720409,88.2343181000022
833,Cruise,84,764.493975877267,-112,84.1444037327647,16.816133857252,300,10.5386736111111,51.5694444444444,0.801275479720409,88.2109847666689
834,Cruise,84,764.481796870207,-112,84.1221460805502,16.8399179248281,300,10.59025,51.5833333333333,0.801275479720409,88.1876514333356
835,Cruise,84,764.469617863148,-112,84.0998884283358,16.8637016135017,300,10.6418402777778,51.5972222222222,0.801275479720409,88.1643181000022
836,Cruise,84,764.457438856089,-112,84.0776307761213,16.8874849232729,300,10.6934444444444,51.6111111111111,0.801275479720409,88.1409847666689
837,Cruise,84,764.44525984903,-112,84.0553731239068,16.9112678541417,300,10.7450625,51.625,0.801275479720409,88.1176514333356
838,Cruise,84,764.433080841971,-112,84.0331154716924,16.935050406108,300,10.7966944444444,51.6388888888889,0.801275479720409,88.0943181000022
839,Cruise,84,764.420901834911,-112,84.0108578194779,16.9588325791718,300,10.8483402777778,51.6527777777778,0.801275479720409,88.0709847666689
840,Cruise,84,764.408722827852,-112,83.9886001672635,16.9826143733333,300,10.9,51.6666666666667,0.801275479720409,88.0476514333356
841,Cruise,84,764.396543820793,-112,83.966342515049,17.0063957885922,300,10.9516736111111,51.6805555555556,0.801275479720409,88.0243181000022
842,Cruise,84,764.38436203116,-112,83.9440848628346,17.0301768249055,300,11.0033611111111,51.6944444444444,0.801275479720409,88.0009847666689
843,Cruise,84,764.372177657283,-112,83.9218272106201,17.0539574821895,300,11.0550625,51.7083333333333,0.801275479720409,87.9776514333355
844,Cruise,84,764.359993283407,-112,83.8995695584056,17.0777377604042,300,11.1067777777778,51.7222222222222,0.801275479720409,87.9543181000022
845,Cruise,84,764.34780890953,-112,83.8773119061912,17.1015176595494,300,11.1585069444444,51.7361111111111,0.801275479720409,87.9309847666689
846,Cruise,84,764.335624535654,-112,83.8550542539767,17.1252971796252,300,11.21025,51.75,0.801275479720409,87.9076514333355
847,Cruise,84,764.323440161777,-112,83.8327966017623,17.1490763206316,300,11.2620069444444,51.7638888888889,0.801275479720409,87.8843181000022
848,Cruise,84,764.311255787901,-112,83.8105389495478,17.1728550825686,300,11.3137777777778,51.7777777777778,0.801275479720409,87.8609847666689
849,Cruise,84,764.299071414024,-112,83.7882812973334,17.1966334654362,300,11.3655625,51.7916666666667,0.801275479720409,87.8376514333355
850,Cruise,84,764.286887040147,-112,83.7660236451189,17.2204114692344,300,11.4173611111111,51.8055555555556,0.801275479720409,87.8143181000022
851,Cruise,84,764.274702666271,-112,83.7437659929045,17.2441890939631,300,11.4691736111111,51.8194444444444,0.801275479720409,87.7909847666689
852,Cruise,84,764.262515815599,-112,83.72150834069,17.267966339584,300,11.521,51.8333333333333,0.801275479720409,87.7676514333355
853,Cruise,84,764.250326664669,-112,83.6992506884755,17.2917432060225,300,11.5728402777778,51.8472222222222,0.801275479720409,87.7443181000022
854,Cruise,84,764.238137513738,-112,83.6769930362611,17.3155196932431,300,11.6246944444444,51.8611111111111,0.801275479720409,87.7209847666689
855,Cruise,84,764.225948362808,-112,83.6547353840466,17.3392958012456,300,11.6765625,51.875,0.801275479720409,87.6976514333356
856,Cruise,84,764.213759211877,-112,83.6324777318322,17.3630715300301,300,11.7284444444444,51.8888888888889,0.801275479720409,87.6743181000022
857,Cruise,84,764.201570060947,-112,83.6102200796177,17.3868468795966,300,11.7803402777778,51.9027777777778,0.801275479720409,87.6509847666689
858,Cruise,84,764.189380910016,-112,83.5879624274033,17.410621849945,300,11.83225,51.9166666666667,0.801275479720409,87.6276514333355
859,Cruise,84,764.177191759086,-112,83.5657047751888,17.4343964410754,300,11.8841736111111,51.9305555555556,0.801275479720409,87.6043181000022
860,Cruise,84,764.165002608155,-112,83.5434471229744,17.4581706529878,300,11.9361111111111,51.9444444444444,0.801275479720409,87.5809847666689
861,Cruise,84,764.152813457225,-112,83.5211894707599,17.4819444856822,300,11.9880625,51.9583333333333,0.801275479720409,87.5576514333356
862,Cruise,84,764.139890767812,-112,83.4989318185455,17.5057179277479,300,12.0400277777778,51.9722222222222,0.801275479720409,87.5343181000022
863,Cruise,84,764.126286823431,-112,83.476674166331,17.5294909571771,300,12.0920069444444,51.9861111111111,0.801275479720409,87.5109847666689
864,Cruise,84,764.112682879049,-112,83.4544165141165,17.5532635633725,300,12.144,52,0.801275479720409,87.4876514333355
865,Cruise,84,764.099078934667,-112,83.4321588619021,17.577035746334,300,12.1960069444444,52.0138888888889,0.801275479720409,87.4643181000022
866,Cruise,84,764.085474990285,-112,83.4099012096876,17.6008075060617,300,12.2480277777778,52.0277777777778,0.801275479720409,87.4409847666689
867,Cruise,84,764.071871045904,-112,83.3876435574732,17.6245788425556,300,12.3000625,52.0416666666667,0.801275479720409,87.4176514333355
868,Cruise,84,764.058267101522,-112,83.3653859052587,17.6483497558157,300,12.3521111111111,52.0555555555556,0.801275479720409,87.3943181000022
869,Cruise,84,764.04466315714,-112,83.3431282530443,17.6721202458419,300,12.4041736111111,52.0694444444444,0.801275479720409,87.3709847666689
870,Cruise,84,764.031059212758,-112,83.3208706008298,17.6958903126344,300,12.45625,52.0833333333333,0.801275479720409,87.3476514333355
871,Cruise,84,764.017455268377,-112,83.2986129486153,17.7196599561929,300,12.5083402777778,52.0972222222222,0.801275479720409,87.3243181000022
872,Cruise,84,764.003622162376,-112,83.2763552964009,17.743429172953,300,12.5604444444444,52.1111111111111,0.801275479720409,87.3009847666689
873,Cruise,84,763.989576228425,-112,83.2540976441864,17.7671979560391,300,12.6125625,52.125,0.801275479720409,87.2776514333355
874,Cruise,84,763.975530294474,-112,83.231839991972,17.7909663021405,300,12.6646944444444,52.1388888888889,0.801275479720409,87.2543181000022
875,Cruise,84,763.961484360523,-112,83.2095823397575,17.8147342112574,300,12.7168402777778,52.1527777777778,0.801275479720409,87.2309847666689
876,Cruise,84,763.947438426572,-112,83.1873246875431,17.8385016833896,300,12.769,52.1666666666667,0.801275479720409,87.2076514333355
877,Cruise,84,763.933392492622,-112,83.1650670353286,17.8622687185373,300,12.8211736111111,52.1805555555556,0.801275479720409,87.1843181000022
878,Cruise,84,763.919346558671,-112,83.1428093831142,17.8860353167003,300,12.8733611111111,52.1944444444444,0.801275479720409,87.1609847666689
879,Cruise,84,763.90530062472,-112,83.1205517308997,17.9098014778787,300,12.9255625,52.2083333333333,0.801275479720409,87.1376514333355
880,Cruise,84,763.891254690769,-112,83.0982940786852,17.9335672020725,300,12.9777777777778,52.2222222222222,0.801275479720409,87.1143181000022
881,Cruise,84,763.877208756818,-112,83.0760364264708,17.9573324892817,300,13.0300069444444,52.2361111111111,0.801275479720409,87.0909847666689
882,Cruise,84,763.862742851321,-112,83.0537787742563,17.9810973329734,300,13.08225,52.25,0.801275479720409,87.0676514333355
883,Cruise,84,763.847886908069,-112,83.0315211220419,18.0048617205474,300,13.1345069444444,52.2638888888889,0.801275479720409,87.0443181000022
884,Cruise,84,763.833030964818,-112,83.0092634698274,18.0286256459365,300,13.1867777777778,52.2777777777778,0.801275479720409,87.0209847666689
885,Cruise,84,763.818175021566,-112,82.987005817613,18.0523891091408,300,13.2390625,52.2916666666667,0.801275479720409,86.9976514333355
886,Cruise,84,763.803319078315,-112,82.9647481653985,18.0761521101601,300,13.2913611111111,52.3055555555556,0.801275479720409,86.9743181000022
887,Cruise,84,763.788463135063,-112,82.9424905131841,18.0999146489945,300,13.3436736111111,52.3194444444444,0.801275479720409,86.9509847666689
888,Cruise,84,763.773607191811,-112,82.9202328609696,18.123676725644,300,13.396,52.3333333333333,0.801275479720409,86.9276514333355
889,Cruise,84,763.75875124856,-112,82.8979752087551,18.1474383401087,300,13.4483402777778,52.3472222222222,0.801275479720409,86.9043181000022
890,Cruise,84,763.743895305308,-112,82.8757175565407,18.1711994923884,300,13.5006944444444,52.3611111111111,0.801275479720409,86.8809847666689
891,Cruise,84,763.729039362057,-112,82.8534599043262,18.1949601824832,300,13.5530625,52.375,0.801275479720409,86.8576514333355
892,Cruise,84,763.713916150447,-112,82.8312022521118,18.2187204062356,300,13.6054444444444,52.3888888888889,0.801275479720409,86.8343181000022
893,Cruise,84,763.698544720234,-112,82.8089445998973,18.242480155627,300,13.6578402777778,52.4027777777778,0.801275479720409,86.8109847666689
894,Cruise,84,763.683173290022,-112,82.7866869476829,18.266239426796,300,13.71025,52.4166666666667,0.801275479720409,86.7876514333355
895,Cruise,84,763.667801859809,-112,82.7644292954684,18.2899982197428,300,13.7626736111111,52.4305555555556,0.801275479720409,86.7643181000022
896,Cruise,84,763.652430429597,-112,82.742171643254,18.3137565344673,300,13.8151111111111,52.4444444444444,0.801275479720409,86.7409847666689
897,Cruise,84,763.637058999384,-112,82.7199139910395,18.3375143709695,300,13.8675625,52.4583333333333,0.801275479720409,86.7176514333355
898,Cruise,84,763.621687569171,-112,82.697656338825,18.3612717292495,300,13.9200277777778,52.4722222222222,0.801275479720409,86.6943181000022
899,Cruise,84,763.606316138959,-112,82.6753986866106,18.3850286093072,300,13.9725069444444,52.4861111111111,0.801275479720409,86.6709847666689
900,Cruise,84,763.590944708746,-112,82.6531410343961,18.4087850111426,300,14.025,52.5,0.801275479720409,86.6476514333355
901,Cruise,84,763.575573278534,-112,82.6308833821817,18.4325409347557,300,14.0775069444444,52.5138888888889,0.801275479720409,86.6243181000022
902,Cruise,84,763.5601187,-112,82.6086257299672,18.4562963788531,300,14.1300277777778,52.5277777777778,0.801275479720409,86.6009847666689
903,Cruise,84,763.544586899604,-112,82.5863680777528,18.4800513409403,300,14.1825625,52.5416666666667,0.801275479720409,86.5776514333355
904,Cruise,84,763.529055099209,-112,82.5641104255383,18.5038058198158,300,14.2351111111111,52.5555555555556,0.801275479720409,86.5543181000022
905,Cruise,84,763.513523298813,-112,82.5418527733239,18.5275598154798,300,14.2876736111111,52.5694444444444,0.801275479720409,86.5309847666689
906,Cruise,84,763.497991498418,-112,82.5195951211094,18.5513133279322,300,14.34025,52.5833333333333,0.801275479720409,86.5076514333355
907,Cruise,84,763.482459698022,-112,82.4973374688949,18.575066357173,300,14.3928402777778,52.5972222222222,0.801275479720409,86.4843181000022
908,Cruise,84,763.466927897627,-112,82.4750798166805,18.5988189032023,300,14.4454444444444,52.6111111111111,0.801275479720409,86.4609847666689
909,Cruise,84,763.451396097231,-112,82.452822164466,18.62257096602,300,14.4980625,52.625,0.801275479720409,86.4376514333355
910,Cruise,84,763.435864296836,-112,82.4305645122516,18.6463225456261,300,14.5506944444444,52.6388888888889,0.801275479720409,86.4143181000022
911,Cruise,84,763.42033249644,-112,82.4083068600371,18.6700736420207,300,14.6033402777778,52.6527777777778,0.801275479720409,86.3909847666689
912,Cruise,84,763.404767395222,-112,82.3860492078227,18.6938242546856,300,14.656,52.6666666666667,0.801275479720409,86.3676514333355
913,Cruise,84,763.389171366722,-112,82.3637915556082,18.7175743826219,300,14.7086736111111,52.6805555555556,0.801275479720409,86.3443181000022
914,Cruise,84,763.373575338222,-112,82.3415339033938,18.7413240253485,300,14.7613611111111,52.6944444444444,0.801275479720409,86.3209847666689
915,Cruise,84,763.357979309722,-112,82.3192762511793,18.7650731828652,300,14.8140625,52.7083333333333,0.801275479720409,86.2976514333355
916,Cruise,84,763.342383281222,-112,82.2970185989648,18.7888218551722,300,14.8667777777778,52.7222222222222,0.801275479720409,86.2743181000022
917,Cruise,84,763.326787252722,-112,82.2747609467504,18.8125700422694,300,14.9195069444444,52.7361111111111,0.801275479720409,86.2509847666689
918,Cruise,84,763.311191224222,-112,82.2525032945359,18.8363177441568,300,14.97225,52.75,0.801275479720409,86.2276514333355
919,Cruise,84,763.295595195721,-112,82.2302456423215,18.8600649608344,300,15.0250069444444,52.7638888888889,0.801275479720409,86.2043181000022
920,Cruise,84,763.279999167222,-112,82.207987990107,18.8838116923023,300,15.0777777777778,52.7777777777778,0.801275479720409,86.1809847666689
921,Cruise,84,763.264403138722,-112,82.1857303378926,18.9075579385604,300,15.1305625,52.7916666666667,0.801275479720409,86.1576514333355
922,Cruise,84,763.248793354646,-112,82.1634726856781,18.9313036993947,300,15.1833611111111,52.8055555555556,0.801275479720409,86.1343181000022
923,Cruise,84,763.233170795436,-112,82.1412150334636,18.9550489743926,300,15.2361736111111,52.8194444444444,0.801275479720409,86.1109847666689
924,Cruise,84,763.217548236225,-112,82.1189573812492,18.9787937633553,300,15.289,52.8333333333333,0.801275479720409,86.0876514333355
925,Cruise,84,763.201925677013,-112,82.0966997290347,19.0025380662829,300,15.3418402777778,52.8472222222222,0.801275479720409,86.0643181000022
926,Cruise,84,763.186303117802,-112,82.0744420768203,19.0262818831752,300,15.3946944444444,52.8611111111111,0.801275479720409,86.0409847666689
927,Cruise,84,763.170680558591,-112,82.0521844246058,19.0500252140324,300,15.4475625,52.875,0.801275479720409,86.0176514333355
928,Cruise,84,763.15505799938,-112,82.0299267723914,19.0737680588544,300,15.5004444444444,52.8888888888889,0.801275479720409,85.9943181000022
929,Cruise,84,763.139435440169,-112,82.0076691201769,19.0975104176413,300,15.5533402777778,52.9027777777778,0.801275479720409,85.9709847666689
930,Cruise,84,763.123812880958,-112,81.9854114679625,19.1212522903929,300,15.60625,52.9166666666667,0.801275479720409,85.9476514333356
931,Cruise,84,763.108190321747,-112,81.963153815748,19.1449936771094,300,15.6591736111111,52.9305555555556,0.801275479720409,85.9243181000022
932,Cruise,84,763.092562745515,-112,81.9408961635336,19.1687345777127,300,15.7121111111111,52.9444444444444,0.801275479720409,85.9009847666689
933,Cruise,84,763.076930509854,-112,81.9186385113191,19.1924749920522,300,15.7650625,52.9583333333333,0.801275479720409,85.8776514333355
934,Cruise,84,763.061298274192,-112,81.8963808591046,19.2162149200555,300,15.8180277777778,52.9722222222222,0.801275479720409,85.8543181000022
935,Cruise,84,763.045666038531,-112,81.8741232068902,19.2399543617226,300,15.8710069444444,52.9861111111111,0.801275479720409,85.8309847666689
936,Cruise,84,763.03003380287,-112,81.8518655546757,19.2636933170535,300,15.924,53,0.801275479720409,85.8076514333356
937,Cruise,84,763.014401567209,-112,81.8296079024613,19.2874317860481,300,15.9770069444444,53.0138888888889,0.801275479720409,85.7843181000022
938,Cruise,84,762.998769331547,-112,81.8073502502468,19.3111697687065,300,16.0300277777778,53.0277777777778,0.801275479720409,85.7609847666689
939,Cruise,84,762.983137095886,-112,81.7850925980323,19.3349072650288,300,16.0830625,53.0416666666667,0.801275479720409,85.7376514333355
940,Cruise,84,762.967504860225,-112,81.7628349458179,19.3586442750147,300,16.1361111111111,53.0555555555556,0.801275479720409,85.7143181000022
941,Cruise,84,762.951872624563,-112,81.7405772936035,19.3823807986645,300,16.1891736111111,53.0694444444444,0.801275479720409,85.6909847666689
942,Cruise,84,762.936237756912,-112,81.718319641389,19.4061168359371,300,16.24225,53.0833333333333,0.801275479720409,85.6676514333355
943,Cruise,84,762.920600444867,-112,81.6960619891745,19.4298523867536,300,16.2953402777778,53.0972222222222,0.801275479720409,85.6443181000022
944,Cruise,84,762.904963132823,-112,81.6738043369601,19.4535874510759,300,16.3484444444444,53.1111111111111,0.801275479720409,85.6209847666689
945,Cruise,84,762.889325820779,-112,81.6515466847456,19.4773220289041,300,16.4015625,53.125,0.801275479720409,85.5976514333355
946,Cruise,84,762.873688508734,-112,81.6292890325312,19.5010561202381,300,16.4546944444444,53.1388888888889,0.801275479720409,85.5743181000022
947,Cruise,84,762.85805119669,-112,81.6070313803167,19.5247897250779,300,16.5078402777778,53.1527777777778,0.801275479720409,85.5509847666689
948,Cruise,84,762.842413884645,-112,81.5847737281022,19.5485228434236,300,16.561,53.1666666666667,0.801275479720409,85.5276514333355
949,Cruise,84,762.826776572601,-112,81.5625160758878,19.5722554752752,300,16.6141736111111,53.1805555555556,0.801275479720409,85.5043181000022
950,Cruise,84,762.811139260557,-112,81.5402584236733,19.5959876206326,300,16.6673611111111,53.1944444444444,0.801275479720409,85.4809847666689
951,Cruise,84,762.795501948512,-112,81.5180007714589,19.6197192794959,300,16.7205625,53.2083333333333,0.801275479720409,85.4576514333355
952,Cruise,84,762.779862651934,-112,81.4957431192444,19.6434504518341,300,16.7737777777778,53.2222222222222,0.801275479720409,85.4343181000022
953,Cruise,84,762.76422151227,-112,81.47348546703,19.6671811375878,300,16.8270069444444,53.2361111111111,0.801275479720409,85.4109847666689
954,Cruise,84,762.748580372607,-112,81.4512278148155,19.6909113367282,300,16.88025,53.25,0.801275479720409,85.3876514333355
955,Cruise,84,762.732939232943,-112,81.4289701626011,19.7146410492554,300,16.9335069444444,53.2638888888889,0.801275479720409,85.3643181000022
956,Cruise,84,762.71729809328,-112,81.4067125103866,19.7383702751693,300,16.9867777777778,53.2777777777778,0.801275479720409,85.3409847666689
957,Cruise,84,762.701656953617,-112,81.3844548581721,19.7620990144701,300,17.0400625,53.2916666666667,0.801275479720409,85.3176514333355
958,Cruise,84,762.686015813953,-112,81.3621972059577,19.7858272671576,300,17.0933611111111,53.3055555555556,0.801275479720409,85.2943181000022
959,Cruise,84,762.67037467429,-112,81.3399395537432,19.8095550332318,300,17.1466736111111,53.3194444444444,0.801275479720409,85.2709847666689
960,Cruise,84,762.654733534626,-112,81.3176819015288,19.8332823126929,300,17.2,53.3333333333333,0.801275479720409,85.2476514333355
961,Cruise,84,762.639092394963,-112,81.2954242493143,19.8570091055407,300,17.2533402777778,53.3472222222222,0.801275479720409,85.2243181000022
962,Cruise,84,762.623449550215,-112,81.2731665970999,19.8807354117487,300,17.3066944444444,53.3611111111111,0.801275479720409,85.2009847666689
963,Cruise,84,762.607805121914,-112,81.2509089448854,19.9044612312658,300,17.3600625,53.375,0.801275479720409,85.1776514333355
964,Cruise,84,762.592160693614,-112,81.228651292671,19.9281865640674,300,17.4134444444444,53.3888888888889,0.801275479720409,85.1543181000022
965,Cruise,84,762.576516265313,-112,81.2063936404565,19.9519114101534,300,17.4668402777778,53.4027777777778,0.801275479720409,85.1309847666689
966,Cruise,84,762.560871837012,-112,81.184135988242,19.9756357695239,300,17.52025,53.4166666666667,0.801275479720409,85.1076514333355
967,Cruise,84,762.545227408712,-112,81.1618783360276,19.9993596421788,300,17.5736736111111,53.4305555555556,0.801275479720409,85.0843181000022
968,Cruise,84,762.529582980411,-112,81.1396206838131,20.0230830281182,300,17.6271111111111,53.4444444444444,0.801275479720409,85.0609847666689
969,Cruise,84,762.513938552111,-112,81.1173630315987,20.0468059273421,300,17.6805625,53.4583333333333,0.801275479720409,85.0376514333355
970,Cruise,84,762.49829412381,-112,81.0951053793842,20.0705283398503,300,17.7340277777778,53.4722222222222,0.801275479720409,85.0143181000022
971,Cruise,84,762.482649695509,-112,81.0728477271698,20.0942502656431,300,17.7875069444444,53.4861111111111,0.801275479720409,84.9909847666689
972,Cruise,84,762.467003197894,-112,81.0505900749553,20.1179717046881,300,17.841,53.5,0.801275479720409,84.9676514333355
973,Cruise,84,762.451354778456,-112,81.0283324227409,20.1416926569233,300,17.8945069444444,53.5138888888889,0.801275479720409,84.9443181000022
974,Cruise,84,762.435706359018,-112,81.0060747705264,20.1654131223188,300,17.9480277777778,53.5277777777778,0.801275479720409,84.9209847666689
975,Cruise,84,762.42005793958,-112,80.9838171183119,20.1891331008745,300,18.0015625,53.5416666666667,0.801275479720409,84.8976514333355
976,Cruise,84,762.404409520142,-112,80.9615594660975,20.2128525925906,300,18.0551111111111,53.5555555555556,0.801275479720409,84.8743181000022
977,Cruise,84,762.388761100704,-112,80.939301813883,20.2365715974669,300,18.1086736111111,53.5694444444444,0.801275479720409,84.8509847666689
978,Cruise,84,762.373112681266,-112,80.9170441616686,20.2602901155035,300,18.16225,53.5833333333333,0.801275479720409,84.8276514333355
979,Cruise,84,762.357464261828,-112,80.8947865094541,20.2840081467004,300,18.2158402777778,53.5972222222222,0.801275479720409,84.8043181000022
980,Cruise,84,762.34181584239,-112,80.8725288572397,20.3077256910576,300,18.2694444444444,53.6111111111111,0.801275479720409,84.7809847666689
981,Cruise,84,762.326167422952,-112,80.8502712050252,20.331442748575,300,18.3230625,53.625,0.801275479720409,84.7576514333355
982,Cruise,84,762.310517252713,-112,80.8280135528107,20.3551593192255,300,18.3766944444444,53.6388888888889,0.801275479720409,84.7343181000022
983,Cruise,84,762.294865456464,-112,80.8057559005963,20.3788754029566,300,18.4303402777778,53.6527777777778,0.801275479720409,84.7109847666689
984,Cruise,84,762.279213660215,-112,80.7834982483818,20.4025909997428,300,18.484,53.6666666666667,0.801275479720409,84.6876514333355
985,Cruise,84,762.263561863967,-112,80.7612405961674,20.4263061095843,300,18.5376736111111,53.6805555555556,0.801275479720409,84.6643181000022
986,Cruise,84,762.247910067718,-112,80.7389829439529,20.450020732481,300,18.5913611111111,53.6944444444444,0.801275479720409,84.6409847666689
987,Cruise,84,762.232258271469,-112,80.7167252917385,20.473734868433,300,18.6450625,53.7083333333333,0.801275479720409,84.6176514333355
988,Cruise,84,762.21660647522,-112,80.694467639524,20.4974485174401,300,18.6987777777778,53.7222222222222,0.801275479720409,84.5943181000022
989,Cruise,84,762.200954678971,-112,80.6722099873096,20.5211616795025,300,18.7525069444444,53.7361111111111,0.801275479720409,84.5709847666689
990,Cruise,84,762.185302882722,-112,80.6499523350951,20.5448743546202,300,18.80625,53.75,0.801275479720409,84.5476514333355
991,Cruise,84,762.169651086473,-112,80.6276946828806,20.568586542793,300,18.8600069444444,53.7638888888889,0.801275479720409,84.5243181000022
992,Cruise,84,762.153199637973,-112,80.6054370306662,20.5922982315821,300,18.9137777777778,53.7777777777778,0.801275479720409,84.5009847666689
993,Cruise,84,762.136005533043,-112,80.5831793784517,20.6160093969958,300,18.9675625,53.7916666666667,0.801275479720409,84.4776514333355
994,Cruise,84,762.118811428113,-112,80.5609217262373,20.6397200274819,300,19.0213611111111,53.8055555555556,0.801275479720409,84.4543181000022
995,Cruise,84,762.101617323184,-112,80.5386640740228,20.6634301230402,300,19.0751736111111,53.8194444444444,0.801275479720409,84.4309847666689
996,Cruise,84,762.084423218254,-112,80.5164064218084,20.6871396836709,300,19.129,53.8333333333333,0.801275479720409,84.4076514333355
997,Cruise,84,762.067229113324,-112,80.4941487695939,20.7108487093738,300,19.1828402777778,53.8472222222222,0.801275479720409,84.3843181000022
998,Cruise,84,762.050035008394,-112,80.4718911173795,20.734557200149,300,19.2366944444444,53.8611111111111,0.801275479720409,84.3609847666689
999,Cruise,84,762.032840903465,-112,80.449633465165,20.7582651559966,300,19.2905625,53.875,0.801275479720409,84.3376514333355
1000,Cruise,84,762.015646798535,-112,80.4273758129505,20.7819725769164,300,19.3444444444444,53.8888888888889,0.801275479720409,84.3143181000022
1001,Cruise,84,761.998452693605,-112,80.4051181607361,20.8056794629085,300,19.3983402777778,53.9027777777778,0.801275479720409,84.2909847666689
1002,Cruise,84,761.980379287423,-112,80.3828605085216,20.8293858002948,300,19.45225,53.9166666666667,0.801275479720409,84.2676514333355
1003,Cruise,84,761.961489252854,-112,80.3606028563072,20.8530915626944,300,19.5061736111111,53.9305555555556,0.801275479720409,84.2443181000022
1004,Cruise,84,761.942599218284,-112,80.3383452040927,20.8767967374039,300,19.5601111111111,53.9444444444444,0.801275479720409,84.2209847666689
1005,Cruise,84,761.923709183715,-112,80.3160875518783,20.9005013244235,300,19.6140625,53.9583333333333,0.801275479720409,84.1976514333355
1006,Cruise,84,761.904819149145,-112,80.2938298996638,20.9242053237531,300,19.6680277777778,53.9722222222222,0.801275479720409,84.1743181000022
1007,Cruise,84,761.885929114576,-112,80.2715722474494,20.9479087353928,300,19.7220069444444,53.9861111111111,0.801275479720409,84.1509847666689
1008,Cruise,84,761.867039080006,-112,80.2493145952349,20.9716115593425,300,19.776,54,0.801275479720409,84.1276514333355
1009,Cruise,84,761.848149045437,-112,80.2270569430204,20.9953137956022,300,19.8300069444444,54.0138888888889,0.801275479720409,84.1043181000022
1010,Cruise,84,761.829259010867,-112,80.204799290806,21.019015444172,300,19.8840277777778,54.0277777777778,0.801275479720409,84.0809847666689
1011,Cruise,84,761.810368976298,-112,80.1825416385915,21.0427165050518,300,19.9380625,54.0416666666667,0.801275479720409,84.0576514333355
1012,Cruise,84,761.787357822119,-112,80.1602839863771,21.0664169141353,300,19.9921111111111,54.0555555555556,0.801275479720409,84.0343181000022
1013,Cruise,84,761.760519284263,-112,80.1380263341626,21.0901165477792,300,20.0461736111111,54.0694444444444,0.801275479720409,84.0109847666689
1014,Cruise,84,761.733680746407,-112,80.1157686819482,21.1138153464463,300,20.10025,54.0833333333333,0.801275479720409,83.9876514333355
1015,Cruise,84,761.706842208551,-112,80.0935110297337,21.1375133101367,300,20.1543402777778,54.0972222222222,0.801275479720409,83.9643181000022
1016,Cruise,84,761.680003670694,-112,80.0712533775193,21.1612104388504,300,20.2084444444444,54.1111111111111,0.801275479720409,83.9409847666689
1017,Cruise,84,761.653165132838,-112,80.0489957253048,21.1849067325873,300,20.2625625,54.125,0.801275479720409,83.9176514333355
1018,Cruise,84,761.626326594981,-112,80.0267380730903,21.2086021913476,300,20.3166944444444,54.1388888888889,0.801275479720409,83.8943181000022
1019,Cruise,84,761.599488057125,-112,80.0044804208759,21.232296815131,300,20.3708402777778,54.1527777777778,0.801275479720409,83.8709847666689
1020,Cruise,84,761.572649519269,-112,79.9822227686614,21.2559906039378,300,20.425,54.1666666666667,0.801275479720409,83.8476514333355
1021,Cruise,84,761.545810981412,-112,79.959965116447,21.2796835577678,300,20.4791736111111,54.1805555555556,0.801275479720409,83.8243181000022
1022,Cruise,84,761.50499766704,-112,79.9377074642325,21.3033754592357,300,20.5333611111111,54.1944444444444,0.801275479720409,83.8009847666689
1023,Cruise,84,761.451205638962,-112,79.9154498120181,21.3270658890649,300,20.5875625,54.2083333333333,0.801275479720409,83.7776514333355
1024,Cruise,84,761.397413610885,-112,79.8931921598036,21.3507546453643,300,20.6417777777778,54.2222222222222,0.801275479720409,83.7543181000022
1025,Cruise,84,761.343621582808,-112,79.8709345075892,21.374441728134,300,20.6960069444444,54.2361111111111,0.801275479720409,83.7309847666689
1026,Cruise,84,761.289829554731,-112,79.8486768553747,21.3981271373739,300,20.75025,54.25,0.801275479720409,83.7076514333355
1027,Cruise,84,761.236037526653,-112,79.8264192031602,21.4218108730841,300,20.8045069444444,54.2638888888889,0.801275479720409,83.6843181000022
1028,Cruise,84,761.182245498576,-112,79.8041615509458,21.4454929352644,300,20.8587777777778,54.2777777777778,0.801275479720409,83.6609847666689
1029,Cruise,84,761.128453470499,-112,79.7819038987313,21.4691733239151,300,20.9130625,54.2916666666667,0.801275479720409,83.6376514333355
1030,Cruise,84,761.074661442422,-112,79.7596462465169,21.4928520390359,300,20.9673611111111,54.3055555555556,0.801275479720409,83.6143181000022
1031,Cruise,84,761.020869414345,-112,79.7373885943024,21.516529080627,300,21.0216736111111,54.3194444444444,0.801275479720409,83.5909847666689
1032,Cruise,84,760.967063952058,-112,79.715130942088,21.5402044484794,300,21.076,54.3333333333333,0.801275479720409,83.5676514333355
1033,Cruise,84,760.913246013095,-112,79.6928732898735,21.56387814219,300,21.1303402777778,54.3472222222222,0.801275479720409,83.5443181000022
1034,Cruise,84,760.859428074132,-112,79.6706156376591,21.5875501615647,300,21.1846944444444,54.3611111111111,0.801275479720409,83.5209847666689
1035,Cruise,84,760.80561013517,-112,79.6483579854446,21.6112205066035,300,21.2390625,54.375,0.801275479720409,83.4976514333355
1036,Cruise,84,760.751792196207,-112,79.6261003332301,21.6348891773064,300,21.2934444444444,54.3888888888889,0.801275479720409,83.4743181000022
1037,Cruise,84,760.697974257244,-112,79.6038426810157,21.6585561736735,300,21.3478402777778,54.4027777777778,0.801275479720409,83.4509847666689
1038,Cruise,84,760.644156318281,-112,79.5815850288012,21.6822214957046,300,21.40225,54.4166666666667,0.801275479720409,83.4276514333355
1039,Cruise,84,760.590338379318,-112,79.5593273765868,21.7058851433999,300,21.4566736111111,54.4305555555556,0.801275479720409,83.4043181000022
1040,Cruise,84,760.536520440356,-112,79.5370697243723,21.7295471167594,300,21.5111111111111,54.4444444444444,0.801275479720409,83.3809847666689
1041,Cruise,84,760.482702501393,-112,79.5148120721579,21.7532074157829,300,21.5655625,54.4583333333333,0.801275479720409,83.3576514333355
1042,Cruise,84,760.427983576477,-112,79.4925544199434,21.7768660264552,300,21.6200277777778,54.4722222222222,0.801275479720409,83.3343181000022
1043,Cruise,84,760.372427884066,-112,79.4702967677289,21.8005229217446,300,21.6745069444444,54.4861111111111,0.801275479720409,83.3109847666689
1044,Cruise,84,760.316872191655,-112,79.4480391155145,21.8241780886347,300,21.729,54.5,0.801275479720409,83.2876514333355
1045,Cruise,84,760.261316499243,-112,79.4257814633,21.8478315271254,300,21.7835069444444,54.5138888888889,0.801275479720409,83.2643181000022
1046,Cruise,84,760.205760806832,-112,79.4035238110856,21.8714832372169,300,21.8380277777778,54.5277777777778,0.801275479720409,83.2409847666689
1047,Cruise,84,760.150205114421,-112,79.3812661588711,21.895133218909,300,21.8925625,54.5416666666667,0.801275479720409,83.2176514333355
1048,Cruise,84,760.09464942201,-112,79.3590085066567,21.9187814722017,300,21.9471111111111,54.5555555555556,0.801275479720409,83.1943181000022
1049,Cruise,84,760.039093729599,-112,79.3367508544422,21.9424279970952,300,22.0016736111111,54.5694444444444,0.801275479720409,83.1709847666689
1050,Cruise,84,759.983538037187,-112,79.3144932022278,21.9660727935894,300,22.05625,54.5833333333333,0.801275479720409,83.1476514333355
1051,Cruise,84,759.927982344776,-112,79.2922355500133,21.9897158616842,300,22.1108402777778,54.5972222222222,0.801275479720409,83.1243181000022
1052,Cruise,84,759.872393823436,-112,79.2699778977988,22.013357200869,300,22.1654444444444,54.6111111111111,0.801275479720409,83.1009847666689
1053,Cruise,84,759.816774813073,-112,79.2477202455844,22.0369968101589,300,22.2200625,54.625,0.801275479720409,83.0776514333356
1054,Cruise,84,759.761155802711,-112,79.2254625933699,22.0606346890796,300,22.2746944444444,54.6388888888889,0.801275479720409,83.0543181000022
1055,Cruise,84,759.705536792349,-112,79.2032049411555,22.0842708376311,300,22.3293402777778,54.6527777777778,0.801275479720409,83.0309847666689
1056,Cruise,84,759.649917781986,-112,79.180947288941,22.1079052558134,300,22.384,54.6666666666667,0.801275479720409,83.0076514333356
1057,Cruise,84,759.594298771624,-112,79.1586896367266,22.1315379436264,300,22.4386736111111,54.6805555555556,0.801275479720409,82.9843181000022
1058,Cruise,84,759.538679761261,-112,79.1364319845121,22.1551689010703,300,22.4933611111111,54.6944444444444,0.801275479720409,82.9609847666689
1059,Cruise,84,759.483060750899,-112,79.1141743322977,22.1787981281449,300,22.5480625,54.7083333333333,0.801275479720409,82.9376514333355
1060,Cruise,84,759.427441740536,-112,79.0919166800832,22.2024256248503,300,22.6027777777778,54.7222222222222,0.801275479720409,82.9143181000022
1061,Cruise,84,759.371822730174,-112,79.0696590278687,22.2260513911865,300,22.6575069444444,54.7361111111111,0.801275479720409,82.8909847666689
1062,Cruise,84,759.316188120769,-112,79.0474013756543,22.2496754269109,300,22.71225,54.75,0.801275479720409,82.8676514333355
1063,Cruise,84,759.260539024156,-112,79.0251437234398,22.2732977315554,300,22.7670069444444,54.7638888888889,0.801275479720409,82.8443181000022
1064,Cruise,84,759.204889927543,-112,79.0028860712254,22.2969183048946,300,22.8217777777778,54.7777777777778,0.801275479720409,82.8209847666689
1065,Cruise,84,759.149240830929,-112,78.9806284190109,22.3205371469286,300,22.8765625,54.7916666666667,0.801275479720409,82.7976514333355
1066,Cruise,84,759.093591734316,-112,78.9583707667965,22.3441542576574,300,22.9313611111111,54.8055555555556,0.801275479720409,82.7743181000022
1067,Cruise,84,759.037942637703,-112,78.936113114582,22.367769637081,300,22.9861736111111,54.8194444444444,0.801275479720409,82.7509847666689
1068,Cruise,84,758.98229354109,-112,78.9138554623676,22.3913832851993,300,23.041,54.8333333333333,0.801275479720409,82.7276514333355
1069,Cruise,84,758.926644444476,-112,78.8915978101531,22.4149952020124,300,23.0958402777778,54.8472222222222,0.801275479720409,82.7043181000022
1070,Cruise,84,758.870995347863,-112,78.8693401579386,22.4386053875203,300,23.1506944444444,54.8611111111111,0.801275479720409,82.6809847666689
1071,Cruise,84,758.81534625125,-112,78.8470825057242,22.462213841723,300,23.2055625,54.875,0.801275479720409,82.6576514333355
1072,Cruise,84,758.759681006178,-112,78.8248248535097,22.4858205643692,300,23.2604444444444,54.8888888888889,0.801275479720409,82.6343181000022
1073,Cruise,84,758.704000763641,-112,78.8025672012953,22.5094255549745,300,23.3153402777778,54.9027777777778,0.801275479720409,82.6109847666689
1074,Cruise,84,758.648320521103,-112,78.7803095490808,22.5330288133056,300,23.37025,54.9166666666667,0.801275479720409,82.5876514333355
1075,Cruise,84,758.592640278566,-112,78.7580518968664,22.5566303393625,300,23.4251736111111,54.9305555555556,0.801275479720409,82.5643181000022
1076,Cruise,84,758.536960036029,-112,78.7357942446519,22.5802301331452,300,23.4801111111111,54.9444444444444,0.801275479720409,82.5409847666689
1077,Cruise,84,758.481279793492,-112,78.7135365924374,22.6038281946536,300,23.5350625,54.9583333333333,0.801275479720409,82.5176514333355
1078,Cruise,84,758.425599550955,-112,78.691278940223,22.6274245238879,300,23.5900277777778,54.9722222222222,0.801275479720409,82.4943181000022
1079,Cruise,84,758.369919308417,-112,78.6690212880085,22.6510191208479,300,23.6450069444444,54.9861111111111,0.801275479720409,82.4709847666689
1080,Cruise,84,758.31423906588,-112,78.6467636357941,22.6746119855337,300,23.7,55,0.801275479720409,82.4476514333356
1081,Cruise,84,758.258558823343,-112,78.6245059835796,22.6982031179453,300,23.7550069444444,55.0138888888889,0.801275479720409,82.4243181000022
1082,Cruise,84,758.202862740005,-112,78.6022483313652,22.7217925178363,300,23.8100277777778,55.0277777777778,0.801275479720409,82.4009847666689
1083,Cruise,84,758.147151944933,-112,78.5799906791507,22.7453801847314,300,23.8650625,55.0416666666667,0.801275479720409,82.3776514333355
1084,Cruise,84,758.09144114986,-112,78.5577330269363,22.7689661184018,300,23.9201111111111,55.0555555555556,0.801275479720409,82.3543181000022
1085,Cruise,84,758.035730354788,-112,78.5354753747218,22.7925503188474,300,23.9751736111111,55.0694444444444,0.801275479720409,82.3309847666689
1086,Cruise,84,757.980019559715,-112,78.5132177225073,22.8161327860683,300,24.03025,55.0833333333333,0.801275479720409,82.3076514333356
1087,Cruise,84,757.924308764643,-112,78.4909600702929,22.8397135200645,300,24.0853402777778,55.0972222222222,0.801275479720409,82.2843181000022
1088,Cruise,84,757.86859796957,-112,78.4687024180784,22.8632925208359,300,24.1404444444444,55.1111111111111,0.801275479720409,82.2609847666689
1089,Cruise,84,757.812887174498,-112,78.446444765864,22.8868697883826,300,24.1955625,55.125,0.801275479720409,82.2376514333355
1090,Cruise,84,757.757176379425,-112,78.4241871136495,22.9104453227045,300,24.2506944444444,55.1388888888889,0.801275479720409,82.2143181000022
1091,Cruise,84,757.701465584353,-112,78.4019294614351,22.9340191238017,300,24.3058402777778,55.1527777777778,0.801275479720409,82.1909847666689
1092,Cruise,84,757.645738939927,-112,78.3796718092206,22.9575911914277,300,24.361,55.1666666666667,0.801275479720409,82.1676514333355
1093,Cruise,84,757.589997575824,-112,78.3574141570062,22.9811615251068,300,24.4161736111111,55.1805555555556,0.801275479720409,82.1443181000022
1094,Cruise,84,757.53425621172,-112,78.3351565047917,23.0047301246102,300,24.4713611111111,55.1944444444444,0.801275479720409,82.1209847666689
1095,Cruise,84,757.478514847617,-112,78.3128988525772,23.0282969899377,300,24.5265625,55.2083333333333,0.801275479720409,82.0976514333355
1096,Cruise,84,757.422773483513,-112,78.2906412003628,23.0518621210896,300,24.5817777777778,55.2222222222222,0.801275479720409,82.0743181000022
1097,Cruise,84,757.367032119409,-112,78.2683835481483,23.0754255180656,300,24.6370069444444,55.2361111111111,0.801275479720409,82.0509847666689
1098,Cruise,84,757.311290755306,-112,78.2461258959339,23.0989871808659,300,24.69225,55.25,0.801275479720409,82.0276514333355
1099,Cruise,84,757.255549391202,-112,78.2238682437194,23.1225471094904,300,24.7475069444444,55.2638888888889,0.801275479720409,82.0043181000022
1100,Cruise,84,757.199808027098,-112,78.201610591505,23.1461053039391,300,24.8027777777778,55.2777777777778,0.801275479720409,81.9809847666689
1101,Cruise,84,757.144066662995,-112,78.1793529392905,23.1696617642121,300,24.8580625,55.2916666666667,0.801275479720409,81.9576514333355
1102,Cruise,84,757.08859428731,-112,78.1570952870761,23.1932164944935,300,24.9133611111111,55.3055555555556,0.801275479720409,81.9343181000022
1103,Cruise,84,757.03337172769,-112,78.1348376348616,23.2167695028538,300,24.9686736111111,55.3194444444444,0.801275479720409,81.9109847666689
1104,Cruise,84,756.97814916807,-112,78.1125799826471,23.2403207931788,300,25.024,55.3333333333333,0.801275479720409,81.8876514333355
1105,Cruise,84,756.92292660845,-112,78.0903223304327,23.2638703654687,300,25.0793402777778,55.3472222222222,0.801275479720409,81.8643181000022
1106,Cruise,84,756.86770404883,-112,78.0680646782182,23.2874182197233,300,25.1346944444444,55.3611111111111,0.801275479720409,81.8409847666689
1107,Cruise,84,756.81248148921,-112,78.0458070260038,23.3109643559428,300,25.1900625,55.375,0.801275479720409,81.8176514333355
1108,Cruise,84,756.75725892959,-112,78.0235493737893,23.3345087741271,300,25.2454444444444,55.3888888888889,0.801275479720409,81.7943181000022
1109,Cruise,84,756.70203636997,-112,78.0012917215749,23.3580514742762,300,25.3008402777778,55.4027777777778,0.801275479720409,81.7709847666689
1110,Cruise,84,756.64681381035,-112,77.9790340693604,23.3815924563901,300,25.35625,55.4166666666667,0.801275479720409,81.7476514333355
1111,Cruise,84,756.59159125073,-112,77.956776417146,23.4051317204688,300,25.4116736111111,55.4305555555556,0.801275479720409,81.7243181000022
1112,Cruise,84,756.537516056,-112,77.9345187649315,23.4286692843603,300,25.4671111111111,55.4444444444444,0.801275479720409,81.7009847666689
1113,Cruise,84,756.484506446857,-112,77.912261112717,23.4522051824881,300,25.5225625,55.4583333333333,0.801275479720409,81.6776514333355
1114,Cruise,84,756.431496837715,-112,77.8900034605026,23.4757394314281,300,25.5780277777778,55.4722222222222,0.801275479720409,81.6543181000022
1115,Cruise,84,756.378487228572,-112,77.8677458082881,23.4992720311802,300,25.6335069444444,55.4861111111111,0.801275479720409,81.6309847666689
1116,Cruise,84,756.325477619429,-112,77.8454881560737,23.5228029817445,300,25.689,55.5,0.801275479720409,81.6076514333355
1117,Cruise,84,756.272468010287,-112,77.8232305038592,23.546332283121,300,25.7445069444444,55.5138888888889,0.801275479720409,81.5843181000022
1118,Cruise,84,756.219458401144,-112,77.8009728516448,23.5698599353096,300,25.8000277777778,55.5277777777778,0.801275479720409,81.5609847666689
1119,Cruise,84,756.166448792001,-112,77.7787151994303,23.5933859383104,300,25.8555625,55.5416666666667,0.801275479720409,81.5376514333355
1120,Cruise,84,756.113439182859,-112,77.7564575472158,23.6169102921233,300,25.9111111111111,55.5555555555556,0.801275479720409,81.5143181000022
1121,Cruise,84,756.060429573716,-112,77.7341998950014,23.6404329967484,300,25.9666736111111,55.5694444444444,0.801275479720409,81.4909847666689
1122,Cruise,84,756.00836956289,-112,77.7119422427869,23.6639540669572,300,26.02225,55.5833333333333,0.801275479720409,81.4676514333355
1123,Cruise,84,755.957191467038,-112,77.6896845905725,23.6874735312399,300,26.0778402777778,55.5972222222222,0.801275479720409,81.4443181000022
1124,Cruise,84,755.906013371187,-112,77.667426938358,23.7109914033152,300,26.1334444444444,55.6111111111111,0.801275479720409,81.4209847666689
1125,Cruise,84,755.854835275336,-112,77.6451692861436,23.734507683183,300,26.1890625,55.625,0.801275479720409,81.3976514333355
1126,Cruise,84,755.803657179484,-112,77.6229116339291,23.7580223708434,300,26.2446944444444,55.6388888888889,0.801275479720409,81.3743181000022
1127,Cruise,84,755.752479083633,-112,77.6006539817147,23.7815354662964,300,26.3003402777778,55.6527777777778,0.801275479720409,81.3509847666689
1128,Cruise,84,755.701300987782,-112,77.5783963295002,23.805046969542,300,26.356,55.6666666666667,0.801275479720409,81.3276514333355
1129,Cruise,84,755.65012289193,-112,77.5561386772857,23.8285568805801,300,26.4116736111111,55.6805555555556,0.801275479720409,81.3043181000022
1130,Cruise,84,755.600105487363,-112,77.5338810250713,23.852065217466,300,26.4673611111111,55.6944444444444,0.801275479720409,81.2809847666689
1131,Cruise,84,755.551177716616,-112,77.5116233728568,23.8755720152047,300,26.5230625,55.7083333333333,0.801275479720409,81.2576514333355
1132,Cruise,84,755.502249945868,-112,77.4893657206424,23.8990772907461,300,26.5787777777778,55.7222222222222,0.801275479720409,81.2343181000022
1133,Cruise,84,755.453322175121,-112,77.4671080684279,23.9225810440902,300,26.6345069444444,55.7361111111111,0.801275479720409,81.2109847666689
1134,Cruise,84,755.404394404374,-112,77.4448504162135,23.946083275237,300,26.69025,55.75,0.801275479720409,81.1876514333355
1135,Cruise,84,755.355466633627,-112,77.422592763999,23.9695839841865,300,26.7460069444444,55.7638888888889,0.801275479720409,81.1643181000022
1136,Cruise,84,755.30653886288,-112,77.4003351117846,23.9930831709387,300,26.8017777777778,55.7777777777778,0.801275479720409,81.1409847666689
1137,Cruise,84,755.259717004056,-112,77.3780774595701,24.0165808682522,300,26.8575625,55.7916666666667,0.801275479720409,81.1176514333355
1138,Cruise,84,755.213144538231,-112,77.3558198073556,24.040077112765,300,26.9133611111111,55.8055555555556,0.801275479720409,81.0943181000022
1139,Cruise,84,755.166572072405,-112,77.3335621551412,24.0635719083568,300,26.9691736111111,55.8194444444444,0.801275479720409,81.0709847666689
1140,Cruise,84,755.11999960658,-112,77.3113045029267,24.0870652550273,300,27.025,55.8333333333333,0.801275479720409,81.0476514333355
1141,Cruise,84,755.073427140755,-112,77.2890468507123,24.1105571527767,300,27.0808402777778,55.8472222222222,0.801275479720409,81.0243181000022
1142,Cruise,84,755.02685467493,-112,77.2667891984978,24.134047601605,300,27.1366944444444,55.8611111111111,0.801275479720409,81.0009847666689
1143,Cruise,84,754.980777100201,-112,77.2445315462834,24.1575366092104,300,27.1925625,55.875,0.801275479720409,80.9776514333355
1144,Cruise,84,754.9360211456,-112,77.2222738940689,24.1810242038497,300,27.2484444444444,55.8888888888889,0.801275479720409,80.9543181000022
1145,Cruise,84,754.891265190999,-112,77.2000162418545,24.2045104060816,300,27.3043402777778,55.9027777777778,0.801275479720409,80.9309847666689
1146,Cruise,84,754.846509236398,-112,77.17775858964,24.2279952159061,300,27.36025,55.9166666666667,0.801275479720409,80.9076514333355
1147,Cruise,84,754.801753281797,-112,77.1555009374255,24.251478633323,300,27.4161736111111,55.9305555555556,0.801275479720409,80.8843181000022
1148,Cruise,84,754.756997327196,-112,77.1332432852111,24.2749606583325,300,27.4721111111111,55.9444444444444,0.801275479720409,80.8609847666689
1149,Cruise,84,754.712241372595,-112,77.1109856329966,24.2984412909345,300,27.5280625,55.9583333333333,0.801275479720409,80.8376514333355
1150,Cruise,84,754.668269249667,-112,77.0887279807822,24.321920543322,300,27.5840277777778,55.9722222222222,0.801275479720409,80.8143181000022
1151,Cruise,84,754.624717769576,-112,77.0664703285677,24.3453984342311,300,27.6400069444444,55.9861111111111,0.801275479720409,80.7909847666689
1152,Cruise,84,754.581166289485,-112,77.0442126763533,24.3688749702054,300,27.696,56,0.801275479720409,80.7676514333355
1153,Cruise,84,754.537614809394,-112,77.0219550241388,24.3923501512447,300,27.7520069444444,56.0138888888889,0.801275479720409,80.7443181000022
1154,Cruise,84,754.494063329303,-112,76.9996973719244,24.4158239773491,300,27.8080277777778,56.0277777777778,0.801275479720409,80.7209847666689
1155,Cruise,84,754.450511849212,-112,76.9774397197099,24.4392964485185,300,27.8640625,56.0416666666667,0.801275479720409,80.6976514333356
1156,Cruise,84,754.406960369121,-112,76.9551820674954,24.462767564753,300,27.9201111111111,56.0555555555556,0.801275479720409,80.6743181000022
1157,Cruise,84,754.36340888903,-112,76.932924415281,24.4862373260526,300,27.9761736111111,56.0694444444444,0.801275479720409,80.6509847666689
1158,Cruise,84,754.320248936394,-112,76.9106667630665,24.5097057385077,300,28.03225,56.0833333333333,0.801275479720409,80.6276514333355
1159,Cruise,84,754.277464704114,-112,76.8884091108521,24.5331728140532,300,28.0883402777778,56.0972222222222,0.801275479720409,80.6043181000022
1160,Cruise,84,754.234680471833,-112,76.8661514586376,24.5566385585337,300,28.1444444444444,56.1111111111111,0.801275479720409,80.5809847666689
1161,Cruise,84,754.191896239553,-112,76.8438938064232,24.5801029719492,300,28.2005625,56.125,0.801275479720409,80.5576514333356
1162,Cruise,84,754.149112007273,-112,76.8216361542087,24.6035660542997,300,28.2566944444444,56.1388888888889,0.801275479720409,80.5343181000022
1163,Cruise,84,754.106327774992,-112,76.7993785019943,24.6270278055852,300,28.3128402777778,56.1527777777778,0.801275479720409,80.5109847666689
1164,Cruise,84,754.063543542712,-112,76.7771208497798,24.6504882258057,300,28.369,56.1666666666667,0.801275479720409,80.4876514333355
1165,Cruise,84,754.020759310431,-112,76.7548631975653,24.6739473149612,300,28.4251736111111,56.1805555555556,0.801275479720409,80.4643181000022
1166,Cruise,84,753.977975078151,-112,76.7326055453509,24.6974050730517,300,28.4813611111111,56.1944444444444,0.801275479720409,80.4409847666689
1167,Cruise,84,753.93519084587,-112,76.7103478931364,24.7208615000772,300,28.5375625,56.2083333333333,0.801275479720409,80.4176514333355
1168,Cruise,84,753.892609561115,-112,76.688090240922,24.7443165991946,300,28.5937777777778,56.2222222222222,0.801275479720409,80.3943181000022
1169,Cruise,84,753.850223030303,-112,76.6658325887075,24.7677703765905,300,28.6500069444444,56.2361111111111,0.801275479720409,80.3709847666689
1170,Cruise,84,753.807836499492,-112,76.6435749364931,24.7912228352943,300,28.70625,56.25,0.801275479720409,80.3476514333355
1171,Cruise,84,753.76544996868,-112,76.6213172842786,24.814673975306,300,28.7625069444444,56.2638888888889,0.801275479720409,80.3243181000022
1172,Cruise,84,753.723063437869,-112,76.5990596320642,24.8381237966257,300,28.8187777777778,56.2777777777778,0.801275479720409,80.3009847666689
1173,Cruise,84,753.680676907057,-112,76.5768019798497,24.8615722992533,300,28.8750625,56.2916666666667,0.801275479720409,80.2776514333355
1174,Cruise,84,753.638290376245,-112,76.5545443276352,24.8850194831888,300,28.9313611111111,56.3055555555556,0.801275479720409,80.2543181000022
1175,Cruise,84,753.595903845434,-112,76.5322866754208,24.9084653484322,300,28.9876736111111,56.3194444444444,0.801275479720409,80.2309847666689
1176,Cruise,84,753.553517314622,-112,76.5100290232063,24.9319098949836,300,29.044,56.3333333333333,0.801275479720409,80.2076514333355
1177,Cruise,84,753.511130783811,-112,76.4877713709919,24.9553531228429,300,29.1003402777778,56.3472222222222,0.801275479720409,80.1843181000022
1178,Cruise,84,753.468812538394,-112,76.4655137187774,24.9787950330724,300,29.1566944444444,56.3611111111111,0.801275479720409,80.1609847666689
1179,Cruise,84,753.426559821492,-112,76.443256066563,25.0022356277535,300,29.2130625,56.375,0.801275479720409,80.1376514333355
1180,Cruise,84,753.384307104589,-112,76.4209984143485,25.0256749079057,300,29.2694444444444,56.3888888888889,0.801275479720409,80.1143181000022
1181,Cruise,84,753.342054387687,-112,76.398740762134,25.0491128735289,300,29.3258402777778,56.4027777777778,0.801275479720409,80.0909847666689
1182,Cruise,84,753.299801670785,-112,76.3764831099196,25.0725495246232,300,29.38225,56.4166666666667,0.801275479720409,80.0676514333355
1183,Cruise,84,753.257548953883,-112,76.3542254577051,25.0959848611884,300,29.4386736111111,56.4305555555556,0.801275479720409,80.0443181000022
1184,Cruise,84,753.215296236981,-112,76.3319678054907,25.1194188832247,300,29.4951111111111,56.4444444444444,0.801275479720409,80.0209847666689
1185,Cruise,84,753.173043520078,-112,76.3097101532762,25.1428515907321,300,29.5515625,56.4583333333333,0.801275479720409,79.9976514333355
1186,Cruise,84,753.130790803176,-112,76.2874525010618,25.1662829837104,300,29.6080277777778,56.4722222222222,0.801275479720409,79.9743181000022
1187,Cruise,84,753.088538086274,-112,76.2651948488473,25.1897130621598,300,29.6645069444444,56.4861111111111,0.801275479720409,79.9509847666689
1188,Cruise,84,753.046298587227,-112,76.2429371966329,25.2131418262859,300,29.721,56.5,0.801275479720409,79.9276514333355
1189,Cruise,84,753.004071772393,-112,76.2206795444184,25.2365692764915,300,29.7775069444444,56.5138888888889,0.801275479720409,79.9043181000022
1190,Cruise,84,752.961844957558,-112,76.1984218922039,25.2599954129739,300,29.8340277777778,56.5277777777778,0.801275479720409,79.8809847666689
1191,Cruise,84,752.919618142723,-112,76.1761642399895,25.2834202357333,300,29.8905625,56.5416666666667,0.801275479720409,79.8576514333355
1192,Cruise,84,752.877391327889,-112,76.153906587775,25.3068437447695,300,29.9471111111111,56.5555555555556,0.801275479720409,79.8343181000022
1193,Cruise,84,752.835164513054,-112,76.1316489355606,25.3302659400826,300,30.0036736111111,56.5694444444444,0.801275479720409,79.8109847666689
1194,Cruise,84,752.792937698219,-112,76.1093912833461,25.3536868216725,300,30.06025,56.5833333333333,0.801275479720409,79.7876514333355
1195,Cruise,84,752.750710883385,-112,76.0871336311317,25.3771063895393,300,30.1168402777778,56.5972222222222,0.801275479720409,79.7643181000022
1196,Cruise,84,752.70848406855,-112,76.0648759789172,25.400524643683,300,30.1734444444444,56.6111111111111,0.801275479720409,79.7409847666689
1197,Cruise,84,752.666257253715,-112,76.0426183267028,25.4239415841036,300,30.2300625,56.625,0.801275479720409,79.7176514333355
1198,Cruise,84,752.62402539449,-112,76.0203606744883,25.4473572107226,300,30.2866944444444,56.6388888888889,0.801275479720409,79.6943181000022
1199,Cruise,84,752.581788694532,-112,75.9981030222738,25.4707715233862,300,30.3433402777778,56.6527777777778,0.801275479720409,79.6709847666689
1200,Cruise,84,752.539551994573,-112,75.9758453700594,25.4941845220191,300,30.4,56.6666666666667,0.801275479720409,79.6476514333355
1201,Cruise,84,752.497315294615,-112,75.9535877178449,25.5175962066214,300,30.4566736111111,56.6805555555556,0.801275479720409,79.6243181000022
1202,Cruise,84,752.455078594656,-112,75.9313300656305,25.541006577193,300,30.5133611111111,56.6944444444444,0.801275479720409,79.6009847666689
1203,Cruise,84,752.412841894698,-112,75.909072413416,25.564415633734,300,30.5700625,56.7083333333333,0.801275479720409,79.5776514333355
1204,Cruise,84,752.370605194739,-112,75.8868147612016,25.5878233762442,300,30.6267777777778,56.7222222222222,0.801275479720409,79.5543181000022
1205,Cruise,84,752.328368494781,-112,75.8645571089871,25.6112298047238,300,30.6835069444444,56.7361111111111,0.801275479720409,79.5309847666689
1206,Cruise,84,752.286131794822,-112,75.8422994567727,25.6346349191728,300,30.74025,56.75,0.801275479720409,79.5076514333355
1207,Cruise,84,752.243895094863,-112,75.8200418045582,25.6580387195911,300,30.7970069444444,56.7638888888889,0.801275479720409,79.4843181000022
1208,Cruise,84,752.201647207397,-112,75.7977841523437,25.6814412058047,300,30.8537777777778,56.7777777777778,0.801275479720409,79.4609847666689
1209,Cruise,84,752.159388584094,-112,75.7755265001293,25.7048423774725,300,30.9105625,56.7916666666667,0.801275479720409,79.4376514333355
1210,Cruise,84,752.117129960792,-112,75.7532688479148,25.7282422344277,300,30.9673611111111,56.8055555555556,0.801275479720409,79.4143181000022
1211,Cruise,84,752.07487133749,-112,75.7310111957004,25.7516407766701,300,31.0241736111111,56.8194444444444,0.801275479720409,79.3909847666689
1212,Cruise,84,752.032612714187,-112,75.7087535434859,25.7750380041998,300,31.081,56.8333333333333,0.801275479720409,79.3676514333355
1213,Cruise,84,751.990354090885,-112,75.6864958912714,25.7984339170168,300,31.1378402777778,56.8472222222222,0.801275479720409,79.3443181000022
1214,Cruise,84,751.948095467583,-112,75.664238239057,25.821828515121,300,31.1946944444444,56.8611111111111,0.801275479720409,79.3209847666689
1215,Cruise,84,751.90583684428,-112,75.6419805868425,25.8452217985125,300,31.2515625,56.875,0.801275479720409,79.2976514333355
1216,Cruise,84,751.863578220978,-112,75.6197229346281,25.8686137671913,300,31.3084444444444,56.8888888888889,0.801275479720409,79.2743181000022
1217,Cruise,84,751.821319597675,-112,75.5974652824136,25.8920044211574,300,31.3653402777778,56.9027777777778,0.801275479720409,79.2509847666689
1218,Cruise,84,751.778129453424,-112,75.5752076301992,25.9153937459204,300,31.42225,56.9166666666667,0.801275479720409,79.2276514333355
1219,Cruise,84,751.73404539643,-112,75.5529499779847,25.9387817130847,300,31.4791736111111,56.9305555555556,0.801275479720409,79.2043181000022
1220,Cruise,84,751.689961339436,-112,75.5306923257703,25.9621683087451,300,31.5361111111111,56.9444444444444,0.801275479720409,79.1809847666689
1221,Cruise,84,751.645877282442,-112,75.5084346735558,25.9855535329014,300,31.5930625,56.9583333333333,0.801275479720409,79.1576514333355
1222,Cruise,84,751.601793225449,-112,75.4861770213413,26.0089373855537,300,31.6500277777778,56.9722222222222,0.801275479720409,79.1343181000022
1223,Cruise,84,751.557709168455,-112,75.4639193691269,26.0323198667021,300,31.7070069444444,56.9861111111111,0.801275479720409,79.1109847666689
1224,Cruise,84,751.513625111461,-112,75.4416617169124,26.0557009763465,300,31.764,57,0.801275479720409,79.0876514333355
1225,Cruise,84,751.469541054467,-112,75.419404064698,26.0790807144868,300,31.8210069444444,57.0138888888889,0.801275479720409,79.0643181000022
1226,Cruise,84,751.425456997473,-112,75.3971464124835,26.1024590811232,300,31.8780277777778,57.0277777777778,0.801275479720409,79.0409847666689
1227,Cruise,84,751.38137294048,-112,75.3748887602691,26.1258360762555,300,31.9350625,57.0416666666667,0.801275479720409,79.0176514333355
1228,Cruise,84,751.336695747586,-112,75.3526311080546,26.1492116906574,300,31.9921111111111,57.0555555555556,0.801275479720409,78.9943181000022
1229,Cruise,84,751.291449365411,-112,75.3303734558402,26.172585906248,300,32.0491736111111,57.0694444444444,0.801275479720409,78.9709847666689
1230,Cruise,84,751.246202983237,-112,75.3081158036257,26.1959587141734,300,32.10625,57.0833333333333,0.801275479720409,78.9476514333355
1231,Cruise,84,751.200956601063,-112,75.2858581514113,26.2193301144336,300,32.1633402777778,57.0972222222222,0.801275479720409,78.9243181000022
1232,Cruise,84,751.155710218889,-112,75.2636004991968,26.2427001070286,300,32.2204444444444,57.1111111111111,0.801275479720409,78.9009847666689
1233,Cruise,84,751.110463836714,-112,75.2413428469823,26.2660686919584,300,32.2775625,57.125,0.801275479720409,78.8776514333355
1234,Cruise,84,751.06521745454,-112,75.2190851947679,26.2894358692229,300,32.3346944444444,57.1388888888889,0.801275479720409,78.8543181000022
1235,Cruise,84,751.019971072366,-112,75.1968275425534,26.3128016388222,300,32.3918402777778,57.1527777777778,0.801275479720409,78.8309847666689
1236,Cruise,84,750.974724690191,-112,75.174569890339,26.3361660007563,300,32.449,57.1666666666667,0.801275479720409,78.8076514333355
1237,Cruise,84,750.929478308017,-112,75.1523122381245,26.3595289550251,300,32.5061736111111,57.1805555555556,0.801275479720409,78.7843181000022
1238,Cruise,84,750.881713381595,-112,75.1300545859101,26.3828904624514,300,32.5633611111111,57.1944444444444,0.801275479720409,78.7609847666689
1239,Cruise,84,750.831531591875,-112,75.1077969336956,26.4062504462621,300,32.6205625,57.2083333333333,0.801275479720409,78.7376514333355
1240,Cruise,84,750.781349802155,-112,75.0855392814811,26.4296088688616,300,32.6777777777778,57.2222222222222,0.801275479720409,78.7143181000022
1241,Cruise,84,750.731168012435,-112,75.0632816292667,26.4529657302498,300,32.7350069444444,57.2361111111111,0.801275479720409,78.6909847666689
1242,Cruise,84,750.680986222715,-112,75.0410239770522,26.4763210304268,300,32.79225,57.25,0.801275479720409,78.6676514333355
1243,Cruise,84,750.630804432995,-112,75.0187663248378,26.4996747693926,300,32.8495069444444,57.2638888888889,0.801275479720409,78.6443181000022
1244,Cruise,84,750.580622643274,-112,74.9965086726233,26.5230269471471,300,32.9067777777778,57.2777777777778,0.801275479720409,78.6209847666689
1245,Cruise,84,750.530440853554,-112,74.9742510204089,26.5463775636904,300,32.9640625,57.2916666666667,0.801275479720409,78.5976514333355
1246,Cruise,84,750.480259063834,-112,74.9519933681944,26.5697266190224,300,33.0213611111111,57.3055555555556,0.801275479720409,78.5743181000022
1247,Cruise,84,750.430077274114,-112,74.92973571598,26.5930741131432,300,33.0786736111111,57.3194444444444,0.801275479720409,78.5509847666689
1248,Cruise,84,750.375523751945,-112,74.9074780637655,26.6164199780481,300,33.136,57.3333333333333,0.801275479720409,78.5276514333355
1249,Cruise,84,750.316774996869,-112,74.8852204115511,26.6397640804731,300,33.1933402777778,57.3472222222222,0.801275479720409,78.5043181000022
1250,Cruise,84,750.258026241793,-112,74.8629627593366,26.663106355159,300,33.2506944444444,57.3611111111111,0.801275479720409,78.4809847666689
1251,Cruise,84,750.199277486717,-112,74.8407051071221,26.6864468021059,300,33.3080625,57.375,0.801275479720409,78.4576514333355
1252,Cruise,84,750.140528731641,-112,74.8184474549077,26.7097854213137,300,33.3654444444444,57.3888888888889,0.801275479720409,78.4343181000022
1253,Cruise,84,750.081779976564,-112,74.7961898026932,26.7331222127825,300,33.4228402777778,57.4027777777778,0.801275479720409,78.4109847666689
1254,Cruise,84,750.023031221488,-112,74.7739321504788,26.7564571765123,300,33.48025,57.4166666666667,0.801275479720409,78.3876514333355
1255,Cruise,84,749.964282466412,-112,74.7516744982643,26.779790312503,300,33.5376736111111,57.4305555555556,0.801275479720409,78.3643181000022
1256,Cruise,84,749.905533711336,-112,74.7294168460499,26.8031216207546,300,33.5951111111111,57.4444444444444,0.801275479720409,78.3409847666689
1257,Cruise,84,749.84678495626,-112,74.7071591938354,26.8264511012672,300,33.6525625,57.4583333333333,0.801275479720409,78.3176514333355
1258,Cruise,84,749.7880214178,-112,74.6849015416209,26.8497787538108,300,33.7100277777778,57.4722222222222,0.801275479720409,78.2943181000022
1259,Cruise,84,749.729243692804,-112,74.6626438894065,26.8731045779348,300,33.7675069444444,57.4861111111111,0.801275479720409,78.2709847666689
1260,Cruise,84,749.670465967808,-112,74.640386237192,26.8964285734184,300,33.825,57.5,0.801275479720409,78.2476514333355
1261,Cruise,84,749.611688242812,-112,74.6181285849776,26.9197507402616,300,33.8825069444444,57.5138888888889,0.801275479720409,78.2243181000022
1262,Cruise,84,749.552910517817,-112,74.5958709327631,26.9430710784646,300,33.9400277777778,57.5277777777778,0.801275479720409,78.2009847666689
1263,Cruise,84,749.494132792821,-112,74.5736132805487,26.9663895880272,300,33.9975625,57.5416666666667,0.801275479720409,78.1776514333356
1264,Cruise,84,749.435355067825,-112,74.5513556283342,26.9897062689495,300,34.0551111111111,57.5555555555556,0.801275479720409,78.1543181000022
1265,Cruise,84,749.376577342829,-112,74.5290979761198,27.0130211212314,300,34.1126736111111,57.5694444444444,0.801275479720409,78.1309847666689
1266,Cruise,84,749.317799617833,-112,74.5068403239053,27.036334144873,300,34.17025,57.5833333333333,0.801275479720409,78.1076514333356
1267,Cruise,84,749.259021892838,-112,74.4845826716908,27.0596453398743,300,34.2278402777778,57.5972222222222,0.801275479720409,78.0843181000022
1268,Cruise,84,749.200087447112,-112,74.4623250194764,27.0829547037974,300,34.2854444444444,57.6111111111111,0.801275479720409,78.0609847666689
1269,Cruise,84,749.141002607928,-112,74.4400673672619,27.1062622318649,300,34.3430625,57.625,0.801275479720409,78.0376514333356
1270,Cruise,84,749.081917768743,-112,74.4178097150475,27.1295679217374,300,34.4006944444444,57.6388888888889,0.801275479720409,78.0143181000022
1271,Cruise,84,749.022832929559,-112,74.395552062833,27.1528717734149,300,34.4583402777778,57.6527777777778,0.801275479720409,77.9909847666689
1272,Cruise,84,748.963748090375,-112,74.3732944106186,27.1761737868975,300,34.516,57.6666666666667,0.801275479720409,77.9676514333356
1273,Cruise,84,748.904663251191,-112,74.3510367584041,27.199473962185,300,34.5736736111111,57.6805555555556,0.801275479720409,77.9443181000022
1274,Cruise,84,748.845578412006,-112,74.3287791061896,27.2227722992776,300,34.6313611111111,57.6944444444444,0.801275479720409,77.9209847666689
1275,Cruise,84,748.786493572822,-112,74.3065214539752,27.2460687981751,300,34.6890625,57.7083333333333,0.801275479720409,77.8976514333356
1276,Cruise,84,748.727408733638,-112,74.2842638017607,27.2693634588776,300,34.7467777777778,57.7222222222222,0.801275479720409,77.8743181000022
1277,Cruise,84,748.668323894454,-112,74.2620061495463,27.2926562813852,300,34.8045069444444,57.7361111111111,0.801275479720409,77.8509847666689
1278,Cruise,84,748.609245627594,-112,74.2397484973318,27.3159472658,300,34.86225,57.75,0.801275479720409,77.8276514333355
1279,Cruise,84,748.550173667716,-112,74.2174908451174,27.3392364123224,300,34.9200069444444,57.7638888888889,0.801275479720409,77.8043181000022
1280,Cruise,84,748.491101707838,-112,74.1952331929029,27.3625237210504,300,34.9777777777778,57.7777777777778,0.801275479720409,77.7809847666689
1281,Cruise,84,748.43202974796,-112,74.1729755406885,27.3858091919842,300,35.0355625,57.7916666666667,0.801275479720409,77.7576514333355
1282,Cruise,84,748.372957788082,-112,74.150717888474,27.4090928251236,300,35.0933611111111,57.8055555555556,0.801275479720409,77.7343181000022
1283,Cruise,84,748.313885828203,-112,74.1284602362596,27.4323746204688,300,35.1511736111111,57.8194444444444,0.801275479720409,77.7109847666689
1284,Cruise,84,748.254813868325,-112,74.1062025840451,27.4556545780196,300,35.209,57.8333333333333,0.801275479720409,77.6876514333355
1285,Cruise,84,748.195741908447,-112,74.0839449318306,27.4789326977761,300,35.2668402777778,57.8472222222222,0.801275479720409,77.6643181000022
1286,Cruise,84,748.136669948569,-112,74.0616872796162,27.5022089797384,300,35.3246944444444,57.8611111111111,0.801275479720409,77.6409847666689
1287,Cruise,84,748.077597988691,-112,74.0394296274017,27.5254834239063,300,35.3825625,57.875,0.801275479720409,77.6176514333355
1288,Cruise,84,748.018532266255,-112,74.0171719751873,27.5487560303769,300,35.4404444444444,57.8888888888889,0.801275479720409,77.5943181000022
1289,Cruise,84,747.959472529439,-112,73.9949143229728,27.5720267993404,300,35.4983402777778,57.9027777777778,0.801275479720409,77.5709847666689
1290,Cruise,84,747.900412792623,-112,73.9726566707584,27.5952957308898,300,35.55625,57.9166666666667,0.801275479720409,77.5476514333355
1291,Cruise,84,747.841353055807,-112,73.9503990185439,27.6185628250253,300,35.6141736111111,57.9305555555556,0.801275479720409,77.5243181000022
1292,Cruise,84,747.782293318991,-112,73.9281413663294,27.6418280817466,300,35.6721111111111,57.9444444444444,0.801275479720409,77.5009847666689
1293,Cruise,84,747.723233582175,-112,73.905883714115,27.665091501054,300,35.7300625,57.9583333333333,0.801275479720409,77.4776514333355
1294,Cruise,84,747.664173845359,-112,73.8836260619005,27.6883530829473,300,35.7880277777778,57.9722222222222,0.801275479720409,77.4543181000022
1295,Cruise,84,747.605114108543,-112,73.8613684096861,27.7116128274266,300,35.8460069444444,57.9861111111111,0.801275479720409,77.4309847666689
1296,Cruise,84,747.546054371727,-112,73.8391107574716,27.7348707344918,300,35.904,58,0.801275479720409,77.4076514333355
1297,Cruise,84,747.486994634911,-112,73.8168531052572,27.7581268041431,300,35.9620069444444,58.0138888888889,0.801275479720409,77.3843181000022
1298,Cruise,84,747.427941704862,-112,73.7945954530427,27.7813810364861,300,36.0200277777778,58.0277777777778,0.801275479720409,77.3609847666689
1299,Cruise,84,747.36889530677,-112,73.7723378008283,27.8046334317285,300,36.0780625,58.0416666666667,0.801275479720409,77.3376514333355
1300,Cruise,84,747.309848908679,-112,73.7500801486138,27.8278839899719,300,36.1361111111111,58.0555555555556,0.801275479720409,77.3143181000022
1301,Cruise,84,747.250802510587,-112,73.7278224963994,27.8511327112162,300,36.1941736111111,58.0694444444444,0.801275479720409,77.2909847666689
1302,Cruise,84,747.191756112496,-112,73.7055648441849,27.8743795954614,300,36.25225,58.0833333333333,0.801275479720409,77.2676514333355
1303,Cruise,84,747.132709714405,-112,73.6833071919704,27.8976246427076,300,36.3103402777778,58.0972222222222,0.801275479720409,77.2443181000022
1304,Cruise,84,747.073663316313,-112,73.661049539756,27.9208678529548,300,36.3684444444444,58.1111111111111,0.801275479720409,77.2209847666689
1305,Cruise,84,747.014616918222,-112,73.6387918875415,27.9441092262029,300,36.4265625,58.125,0.801275479720409,77.1976514333356
1306,Cruise,84,746.95557052013,-112,73.6165342353271,27.9673487624519,300,36.4846944444444,58.1388888888889,0.801275479720409,77.1743181000022
1307,Cruise,84,746.896524122039,-112,73.5942765831126,27.9905864617019,300,36.5428402777778,58.1527777777778,0.801275479720409,77.1509847666689
1308,Cruise,84,746.837483532992,-112,73.5720189308982,28.0138223240432,300,36.601,58.1666666666667,0.801275479720409,77.1276514333355
1309,Cruise,84,746.778448518461,-112,73.5497612786837,28.0370563496529,300,36.6591736111111,58.1805555555556,0.801275479720409,77.1043181000022
1310,Cruise,84,746.71941350393,-112,73.5275036264693,28.0602885386177,300,36.7173611111111,58.1944444444444,0.801275479720409,77.0809847666689
1311,Cruise,84,746.660378489399,-112,73.5052459742548,28.0835188909376,300,36.7755625,58.2083333333333,0.801275479720409,77.0576514333356
1312,Cruise,84,746.601343474868,-112,73.4829883220403,28.1067474066126,300,36.8337777777778,58.2222222222222,0.801275479720409,77.0343181000022
1313,Cruise,84,746.542308460337,-112,73.4607306698259,28.1299740856427,300,36.8920069444444,58.2361111111111,0.801275479720409,77.0109847666689
1314,Cruise,84,746.483273445806,-112,73.4384730176114,28.1531989280279,300,36.95025,58.25,0.801275479720409,76.9876514333355
1315,Cruise,84,746.424238431275,-112,73.416215365397,28.1764219337682,300,37.0085069444444,58.2638888888889,0.801275479720409,76.9643181000022
1316,Cruise,84,746.365203416745,-112,73.3939577131825,28.1996431028636,300,37.0667777777778,58.2777777777778,0.801275479720409,76.9409847666689
1317,Cruise,84,746.306168402214,-112,73.3717000609681,28.2228624353141,300,37.1250625,58.2916666666667,0.801275479720409,76.9176514333355
1318,Cruise,84,746.2471402127,-112,73.3494424087536,28.2460799312259,300,37.1833611111111,58.3055555555556,0.801275479720409,76.8943181000022
1319,Cruise,84,746.188118572657,-112,73.3271847565391,28.269295590807,300,37.2416736111111,58.3194444444444,0.801275479720409,76.8709847666689
1320,Cruise,84,746.129096932615,-112,73.3049271043247,28.2925094141593,300,37.3,58.3333333333333,0.801275479720409,76.8476514333355
1321,Cruise,84,746.070075292572,-112,73.2826694521102,28.3157214012828,300,37.3583402777778,58.3472222222222,0.801275479720409,76.8243181000022
1322,Cruise,84,746.01105365253,-112,73.2604117998958,28.3389315521775,300,37.4166944444444,58.3611111111111,0.801275479720409,76.8009847666689
1323,Cruise,84,745.952032012487,-112,73.2381541476813,28.3621398668434,300,37.4750625,58.375,0.801275479720409,76.7776514333355
1324,Cruise,84,745.893010372444,-112,73.2158964954669,28.3853463452805,300,37.5334444444444,58.3888888888889,0.801275479720409,76.7543181000022
1325,Cruise,84,745.833988732402,-112,73.1936388432524,28.4085509874888,300,37.5918402777778,58.4027777777778,0.801275479720409,76.7309847666689
1326,Cruise,84,745.774967092359,-112,73.171381191038,28.4317537934683,300,37.65025,58.4166666666667,0.801275479720409,76.7076514333355
1327,Cruise,84,745.715945452317,-112,73.1491235388235,28.454954763219,300,37.7086736111111,58.4305555555556,0.801275479720409,76.6843181000022
1328,Cruise,84,745.656929726561,-112,73.126865886609,28.4781538968329,300,37.7671111111111,58.4444444444444,0.801275479720409,76.6609847666689
1329,Cruise,84,745.597919676315,-112,73.1046082343946,28.5013511944903,300,37.8255625,58.4583333333333,0.801275479720409,76.6376514333355
1330,Cruise,84,745.538909626069,-112,73.0823505821801,28.5245466562794,300,37.8840277777778,58.4722222222222,0.801275479720409,76.6143181000022
1331,Cruise,84,745.479899575823,-112,73.0600929299657,28.5477402822003,300,37.9425069444444,58.4861111111111,0.801275479720409,76.5909847666689
1332,Cruise,84,745.420889525577,-112,73.0378352777512,28.570932072253,300,38.001,58.5,0.801275479720409,76.5676514333355
1333,Cruise,84,745.361879475331,-112,73.0155776255368,28.5941220264375,300,38.0595069444444,58.5138888888889,0.801275479720409,76.5443181000022
1334,Cruise,84,745.302869425085,-112,72.9933199733223,28.6173101447537,300,38.1180277777778,58.5277777777778,0.801275479720409,76.5209847666689
1335,Cruise,84,745.243859374839,-112,72.9710623211079,28.6404964272017,300,38.1765625,58.5416666666667,0.801275479720409,76.4976514333355
1336,Cruise,84,745.184849324593,-112,72.9488046688934,28.6636808737815,300,38.2351111111111,58.5555555555556,0.801275479720409,76.4743181000022
1337,Cruise,84,745.125839274347,-112,72.9265470166789,28.686863484493,300,38.2936736111111,58.5694444444444,0.801275479720409,76.4509847666689
1338,Cruise,84,745.06683560433,-112,72.9042893644645,28.7100442594356,300,38.35225,58.5833333333333,0.801275479720409,76.4276514333355
1339,Cruise,84,745.007838056953,-112,72.88203171225,28.7332231988036,300,38.4108402777778,58.5972222222222,0.801275479720409,76.4043181000022
1340,Cruise,84,744.948840509577,-112,72.8597740600356,28.7564003026925,300,38.4694444444444,58.6111111111111,0.801275479720409,76.3809847666689
1341,Cruise,84,744.889842962201,-112,72.8375164078211,28.779575571102,300,38.5280625,58.625,0.801275479720409,76.3576514333355
1342,Cruise,84,744.830845414825,-112,72.8152587556067,28.8027490040323,300,38.5866944444444,58.6388888888889,0.801275479720409,76.3343181000022
1343,Cruise,84,744.771847867448,-112,72.7930011033922,28.8259206014834,300,38.6453402777778,58.6527777777778,0.801275479720409,76.3109847666689
1344,Cruise,84,744.712850320072,-112,72.7707434511778,28.8490903634552,300,38.704,58.6666666666667,0.801275479720409,76.2876514333355
1345,Cruise,84,744.653852772696,-112,72.7484857989633,28.8722582899477,300,38.7626736111111,58.6805555555556,0.801275479720409,76.2643181000022
1346,Cruise,84,744.594855225319,-112,72.7262281467488,28.895424380961,300,38.8213611111111,58.6944444444444,0.801275479720409,76.2409847666689
1347,Cruise,84,744.535857677943,-112,72.7039704945344,28.9185886364951,300,38.8800625,58.7083333333333,0.801275479720409,76.2176514333355
1348,Cruise,84,744.476795986601,-112,72.6817128423199,28.9417510555521,300,38.9387777777778,58.7222222222222,0.801275479720409,76.1943181000022
1349,Cruise,84,744.41767274097,-112,72.6594551901055,28.9649116361768,300,38.9975069444444,58.7361111111111,0.801275479720409,76.1709847666689
1350,Cruise,84,744.35854949534,-112,72.637197537891,28.9880703774115,300,39.05625,58.75,0.801275479720409,76.1476514333355
1351,Cruise,84,744.299426249709,-112,72.6149398856765,29.0112272792565,300,39.1150069444444,58.7638888888889,0.801275479720409,76.1243181000022
1352,Cruise,84,744.240303004078,-112,72.5926822334621,29.0343823417115,300,39.1737777777778,58.7777777777778,0.801275479720409,76.1009847666689
1353,Cruise,84,744.181179758448,-112,72.5704245812477,29.0575355647767,300,39.2325625,58.7916666666667,0.801275479720409,76.0776514333355
1354,Cruise,84,744.122056512817,-112,72.5481669290332,29.0806869484521,300,39.2913611111111,58.8055555555556,0.801275479720409,76.0543181000022
1355,Cruise,84,744.062933267187,-112,72.5259092768187,29.1038364927375,300,39.3501736111111,58.8194444444444,0.801275479720409,76.0309847666689
1356,Cruise,84,744.003810021556,-112,72.5036516246043,29.1269841976331,300,39.409,58.8333333333333,0.801275479720409,76.0076514333355
1357,Cruise,84,743.944686775926,-112,72.4813939723898,29.1501300631389,300,39.4678402777778,58.8472222222222,0.801275479720409,75.9843181000022
1358,Cruise,84,743.885037580974,-112,72.4591363201754,29.1732740810733,300,39.5266944444444,58.8611111111111,0.801275479720409,75.9609847666689
1359,Cruise,84,743.824883670802,-112,72.4368786679609,29.1964162354039,300,39.5855625,58.875,0.801275479720409,75.9376514333355
1360,Cruise,84,743.764729760631,-112,72.4146210157464,29.2195565182795,300,39.6444444444444,58.8888888888889,0.801275479720409,75.9143181000022
1361,Cruise,84,743.70457585046,-112,72.392363363532,29.2426949297001,300,39.7033402777778,58.9027777777778,0.801275479720409,75.8909847666689
1362,Cruise,84,743.644421940289,-112,72.3701057113175,29.2658314696657,300,39.76225,58.9166666666667,0.801275479720409,75.8676514333355
1363,Cruise,84,743.584268030118,-112,72.3478480591031,29.2889661381764,300,39.8211736111111,58.9305555555556,0.801275479720409,75.8443181000022
1364,Cruise,84,743.524114119946,-112,72.3255904068886,29.312098935232,300,39.8801111111111,58.9444444444444,0.801275479720409,75.8209847666689
1365,Cruise,84,743.463960209775,-112,72.3033327546742,29.3352298608327,300,39.9390625,58.9583333333333,0.801275479720409,75.7976514333355
1366,Cruise,84,743.403806299604,-112,72.2810751024597,29.3583589149784,300,39.9980277777778,58.9722222222222,0.801275479720409,75.7743181000022
1367,Cruise,84,743.343652389433,-112,72.2588174502453,29.3814860976691,300,40.0570069444444,58.9861111111111,0.801275479720409,75.7509847666689
1368,Cruise,84,743.283031780513,-112,72.2365597980308,29.4046114016451,300,40.116,59,0.801275479720409,75.7276514333355
1369,Cruise,84,743.221963314828,-112,72.2143021458163,29.4277348126799,300,40.1750069444444,59.0138888888889,0.801275479720409,75.7043181000022
1370,Cruise,84,743.160894849143,-112,72.1920444936019,29.4508563238069,300,40.2340277777778,59.0277777777778,0.801275479720409,75.6809847666689
1371,Cruise,84,743.099826383458,-112,72.1697868413874,29.4739759350261,300,40.2930625,59.0416666666667,0.801275479720409,75.6576514333355
1372,Cruise,84,743.038757917773,-112,72.147529189173,29.4970936463375,300,40.3521111111111,59.0555555555556,0.801275479720409,75.6343181000022
1373,Cruise,84,742.977689452088,-112,72.1252715369585,29.520209457741,300,40.4111736111111,59.0694444444444,0.801275479720409,75.6109847666689
1374,Cruise,84,742.916620986403,-112,72.1030138847441,29.5433233692367,300,40.47025,59.0833333333333,0.801275479720409,75.5876514333355
1375,Cruise,84,742.855552520718,-112,72.0807562325296,29.5664353808246,300,40.5293402777778,59.0972222222222,0.801275479720409,75.5643181000022
1376,Cruise,84,742.794484055033,-112,72.0584985803152,29.5895454925047,300,40.5884444444444,59.1111111111111,0.801275479720409,75.5409847666689
1377,Cruise,84,742.733415589347,-112,72.0362409281007,29.6126537042769,300,40.6475625,59.125,0.801275479720409,75.5176514333355
1378,Cruise,84,742.671755765003,-112,72.0139832758862,29.6357600069424,300,40.7066944444444,59.1388888888889,0.801275479720409,75.4943181000022
1379,Cruise,84,742.609528456865,-112,71.9917256236718,29.6588643824748,300,40.7658402777778,59.1527777777778,0.801275479720409,75.4709847666689
1380,Cruise,84,742.547301148728,-112,71.9694679714573,29.6819668220464,300,40.825,59.1666666666667,0.801275479720409,75.4476514333356
1381,Cruise,84,742.48507384059,-112,71.9472103192429,29.7050673256573,300,40.8841736111111,59.1805555555556,0.801275479720409,75.4243181000022
1382,Cruise,84,742.422846532453,-112,71.9249526670284,29.7281658933076,300,40.9433611111111,59.1944444444444,0.801275479720409,75.4009847666689
1383,Cruise,84,742.360619224315,-112,71.902695014814,29.7512625249971,300,41.0025625,59.2083333333333,0.801275479720409,75.3776514333355
1384,Cruise,84,742.298391916177,-112,71.8804373625995,29.774357220726,300,41.0617777777778,59.2222222222222,0.801275479720409,75.3543181000022
1385,Cruise,84,742.23616460804,-112,71.8581797103851,29.7974499804942,300,41.1210069444444,59.2361111111111,0.801275479720409,75.3309847666689
1386,Cruise,84,742.173937299902,-112,71.8359220581706,29.8205408043016,300,41.18025,59.25,0.801275479720409,75.3076514333355
1387,Cruise,84,742.111709991765,-112,71.8136644059561,29.8436296921484,300,41.2395069444444,59.2638888888889,0.801275479720409,75.2843181000022
1388,Cruise,84,742.049020038941,-112,71.7914067537417,29.8667166368377,300,41.2987777777778,59.2777777777778,0.801275479720409,75.2609847666689
1389,Cruise,84,741.985886119741,-112,71.7691491015272,29.8898016242669,300,41.3580625,59.2916666666667,0.801275479720409,75.2376514333355
1390,Cruise,84,741.922752200541,-112,71.7468914493128,29.9128846475296,300,41.4173611111111,59.3055555555556,0.801275479720409,75.2143181000022
1391,Cruise,84,741.859618281341,-112,71.7246337970983,29.935965706626,300,41.4766736111111,59.3194444444444,0.801275479720409,75.1909847666689
1392,Cruise,84,741.796484362141,-112,71.7023761448839,29.959044801556,300,41.536,59.3333333333333,0.801275479720409,75.1676514333355
1393,Cruise,84,741.73335044294,-112,71.6801184926694,29.9821219323197,300,41.5953402777778,59.3472222222222,0.801275479720409,75.1443181000022
1394,Cruise,84,741.67021652374,-112,71.657860840455,30.0051970989169,300,41.6546944444444,59.3611111111111,0.801275479720409,75.1209847666689
1395,Cruise,84,741.60708260454,-112,71.6356031882405,30.0282703013478,300,41.7140625,59.375,0.801275479720409,75.0976514333355
1396,Cruise,84,741.54394868534,-112,71.613345536026,30.0513415396123,300,41.7734444444444,59.3888888888889,0.801275479720409,75.0743181000022
1397,Cruise,84,741.48081476614,-112,71.5910878838116,30.0744108137104,300,41.8328402777778,59.4027777777778,0.801275479720409,75.0509847666689
1398,Cruise,84,741.417444269714,-112,71.5688302315971,30.0974781199621,300,41.89225,59.4166666666667,0.801275479720409,75.0276514333355
1399,Cruise,84,741.35384674737,-112,71.5465725793827,30.1205434511557,300,41.9516736111111,59.4305555555556,0.801275479720409,75.0043181000022
1400,Cruise,84,741.290249225027,-112,71.5243149271682,30.1436068037597,300,42.0111111111111,59.4444444444444,0.801275479720409,74.9809847666689
1401,Cruise,84,741.226651702684,-112,71.5020572749538,30.1666681777742,300,42.0705625,59.4583333333333,0.801275479720409,74.9576514333355
1402,Cruise,84,741.163054180341,-112,71.4797996227393,30.189727573199,300,42.1300277777778,59.4722222222222,0.801275479720409,74.9343181000022
1403,Cruise,84,741.099456657998,-112,71.4575419705249,30.2127849900343,300,42.1895069444444,59.4861111111111,0.801275479720409,74.9109847666689
1404,Cruise,84,741.035859135655,-112,71.4352843183104,30.2358404282799,300,42.249,59.5,0.801275479720409,74.8876514333355
1405,Cruise,84,740.972261613312,-112,71.4130266660959,30.258893887936,300,42.3085069444444,59.5138888888889,0.801275479720409,74.8643181000022
1406,Cruise,84,740.908664090968,-112,71.3907690138815,30.2819453690025,300,42.3680277777778,59.5277777777778,0.801275479720409,74.8409847666689
1407,Cruise,84,740.845066568625,-112,71.368511361667,30.3049948714795,300,42.4275625,59.5416666666667,0.801275479720409,74.8176514333355
1408,Cruise,84,740.781379559955,-112,71.3462537094526,30.3280423939748,300,42.4871111111111,59.5555555555556,0.801275479720409,74.7943181000022
1409,Cruise,84,740.717606677782,-112,71.3239960572381,30.3510879337607,300,42.5466736111111,59.5694444444444,0.801275479720409,74.7709847666689
1410,Cruise,84,740.653833795609,-112,71.3017384050237,30.3741314895014,300,42.60625,59.5833333333333,0.801275479720409,74.7476514333355
1411,Cruise,84,740.590060913435,-112,71.2794807528092,30.3971730611969,300,42.6658402777778,59.5972222222222,0.801275479720409,74.7243181000022
1412,Cruise,84,740.526288031262,-112,71.2572231005947,30.4202126488472,300,42.7254444444444,59.6111111111111,0.801275479720409,74.7009847666689
1413,Cruise,84,740.462515149089,-112,71.2349654483803,30.4432502524522,300,42.7850625,59.625,0.801275479720409,74.6776514333355
1414,Cruise,84,740.398742266915,-112,71.2127077961658,30.466285872012,300,42.8446944444444,59.6388888888889,0.801275479720409,74.6543181000022
1415,Cruise,84,740.334969384742,-112,71.1904501439514,30.4893195075266,300,42.9043402777778,59.6527777777778,0.801275479720409,74.6309847666689
1416,Cruise,84,740.271196502569,-112,71.1681924917369,30.5123511589959,300,42.964,59.6666666666667,0.801275479720409,74.6076514333355
1417,Cruise,84,740.207423620395,-112,71.1459348395225,30.5353808264201,300,43.0236736111111,59.6805555555556,0.801275479720409,74.5843181000022
1418,Cruise,84,740.143629427375,-112,71.123677187308,30.5584085094675,300,43.0833611111111,59.6944444444444,0.801275479720409,74.5609847666689
1419,Cruise,84,740.07981478389,-112,71.1014195350936,30.5814342074885,300,43.1430625,59.7083333333333,0.801275479720409,74.5376514333355
1420,Cruise,84,740.016000140404,-112,71.0791618828791,30.6044579201651,300,43.2027777777778,59.7222222222222,0.801275479720409,74.5143181000022
1421,Cruise,84,739.952185496918,-112,71.0569042306647,30.6274796474973,300,43.2625069444444,59.7361111111111,0.801275479720409,74.4909847666689
1422,Cruise,84,739.888370853433,-112,71.0346465784502,30.6504993894849,300,43.32225,59.75,0.801275479720409,74.4676514333355
1423,Cruise,84,739.824556209947,-112,71.0123889262357,30.6735171461282,300,43.3820069444444,59.7638888888889,0.801275479720409,74.4443181000022
1424,Cruise,84,739.760741566462,-112,70.9901312740213,30.6965329174269,300,43.4417777777778,59.7777777777778,0.801275479720409,74.4209847666689
1425,Cruise,84,739.696926922976,-112,70.9678736218068,30.7195467033812,300,43.5015625,59.7916666666667,0.801275479720409,74.3976514333355
1426,Cruise,84,739.63311227949,-112,70.9456159695924,30.742558503991,300,43.5613611111111,59.8055555555556,0.801275479720409,74.3743181000022
1427,Cruise,84,739.569297636005,-112,70.9233583173779,30.7655683192563,300,43.6211736111111,59.8194444444444,0.801275479720409,74.3509847666689
1428,Cruise,84,739.505483831562,-112,70.9011006651635,30.7885761491903,300,43.681,59.8333333333333,0.801275479720409,74.3276514333355
1429,Cruise,84,739.441670832287,-112,70.878843012949,30.8115819938184,300,43.7408402777778,59.8472222222222,0.801275479720409,74.3043181000022
1430,Cruise,84,739.377857833013,-112,70.8565853607345,30.8345858531532,300,43.8006944444444,59.8611111111111,0.801275479720409,74.2809847666689
1431,Cruise,84,739.314044833738,-112,70.8343277085201,30.8575877271947,300,43.8605625,59.875,0.801275479720409,74.2576514333355
1432,Cruise,84,739.250231834463,-112,70.8120700563056,30.8805876159428,300,43.9204444444444,59.8888888888889,0.801275479720409,74.2343181000022
1433,Cruise,84,739.186418835189,-112,70.7898124040912,30.9035855193977,300,43.9803402777778,59.9027777777778,0.801275479720409,74.2109847666689
1434,Cruise,84,739.122605835914,-112,70.7675547518767,30.9265814375592,300,44.04025,59.9166666666667,0.801275479720409,74.1876514333355
1435,Cruise,84,739.058792836639,-112,70.7452970996623,30.9495753704275,300,44.1001736111111,59.9305555555556,0.801275479720409,74.1643181000022
1436,Cruise,84,738.994979837365,-112,70.7230394474478,30.9725673180024,300,44.1601111111111,59.9444444444444,0.801275479720409,74.1409847666689
1437,Cruise,84,738.93116683809,-112,70.7007817952334,30.995557280284,300,44.2200625,59.9583333333333,0.801275479720409,74.1176514333355
1438,Cruise,84,738.86735618916,-112,70.6785241430189,31.0185452573089,300,44.2800277777778,59.9722222222222,0.801275479720409,74.0943181000022
1439,Cruise,84,738.825991045152,-112,70.6562664908044,31.0415315982659,300,44.3400069444444,59.9861111111111,0.801275479720409,74.0709847666689
1440,Descent,21,747.592741282606,-28,70.6423554581704,31.0559317521205,300,44.4,60,0.200318869930102,74.0564014333355
1441,Descent,21,748.306675623902,-28,70.6367910451168,31.0617491387418,298.5,44.459875,59.75,0.200318869930102,74.0505681000022
1442,Descent,21,748.690719962629,-28,70.6312266320632,31.0675707952802,297,44.5195,59.5,0.200318869930102,74.0447347666689
1443,Descent,21,748.98656403692,-28,70.6256622190096,31.073395095829,295.5,44.578875,59.25,0.200318869930102,74.0389014333355
1444,Descent,21,749.243979985676,-28,70.620097805956,31.0792215479447,294,44.638,59,0.200318869930102,74.0330681000022
1445,Descent,21,749.475269456217,-28,70.6145333929023,31.0850499005814,292.5,44.696875,58.75,0.200318869930102,74.0272347666689
1446,Descent,21,749.682317550951,-28,70.6089689798487,31.0908799578642,291,44.7555,58.5,0.200318869930102,74.0214014333355
1447,Descent,21,749.870934762338,-28,70.6034045667951,31.0967115538454,289.5,44.813875,58.25,0.200318869930102,74.0155681000022
1448,Descent,21,750.041080644566,-28,70.5978401537415,31.1025445450165,288,44.872,58,0.200318869930102,74.0097347666689
1449,Descent,21,750.194386319944,-28,70.5922757406879,31.1083787940547,286.5,44.929875,57.75,0.200318869930102,74.0039014333355
1450,Descent,21,750.331773930969,-28,70.5867113276343,31.1142141735667,285,44.9875,57.5,0.200318869930102,73.9980681000022
1451,Descent,21,750.454960373424,-28,70.5811469145807,31.1200505664224,283.5,45.044875,57.25,0.200318869930102,73.9922347666689
1452,Descent,21,750.565921470935,-28,70.5755825015271,31.1258878698518,282,45.102,57,0.200318869930102,73.9864014333355
1453,Descent,21,750.665694038103,-28,70.5700180884734,31.131725992801,280.5,45.158875,56.75,0.200318869930102,73.9805681000022
1454,Descent,21,750.755231343751,-28,70.5644536754198,31.1375648519552,279,45.2155,56.5,0.200318869930102,73.9747347666689
1455,Descent,21,750.835129218873,-28,70.5588892623662,31.1434043700241,277.5,45.271875,56.25,0.200318869930102,73.9689014333355
1456,Descent,21,750.906944470336,-28,70.5533248493126,31.1492444780884,276,45.328,56,0.200318869930102,73.9630681000022
1457,Descent,21,750.969192041832,-28,70.547760436259,31.1550851075082,274.5,45.383875,55.75,0.200318869930102,73.9572347666689
1458,Descent,21,751.025608338849,-28,70.5421960232053,31.1609261983986,273,45.4395,55.5,0.200318869930102,73.9514014333355
1459,Descent,21,751.076416617585,-28,70.5366316101517,31.1667677062734,271.5,45.494875,55.25,0.200318869930102,73.9455681000022
1460,Descent,21,751.119013574209,-28,70.5310671970981,31.1726095773908,270,45.55,55,0.200318869930102,73.9397347666689
1461,Descent,21,751.156624010679,-28,70.5255027840445,31.1784517604259,268.5,45.604875,54.75,0.200318869930102,73.9339014333355
1462,Descent,21,751.191090201439,-28,70.5199383709909,31.1842942237589,267,45.6595,54.5,0.200318869930102,73.9280681000022
1463,Descent,21,751.218886300287,-28,70.5143739579373,31.1901369292231,265.5,45.713875,54.25,0.200318869930102,73.9222347666689
1464,Descent,21,751.244921028687,-28,70.5088095448837,31.1959798440294,264,45.768,54,0.200318869930102,73.9164014333356
1465,Descent,21,751.264976103855,-28,70.5032451318301,31.2018229380738,262.5,45.821875,53.75,0.200318869930102,73.9105681000022
1466,Descent,21,751.283221524893,-28,70.4976807187765,31.2076661810645,261,45.8755,53.5,0.200318869930102,73.9047347666689
1467,Descent,21,751.297840705772,-28,70.4921163057228,31.2135095518621,259.5,45.928875,53.25,0.200318869930102,73.8989014333355
1468,Descent,21,751.311492751371,-28,70.4865518926692,31.2193530326033,258,45.982,53,0.200318869930102,73.8930681000022
1469,Descent,21,751.320470805269,-28,70.4809874796156,31.2251966013505,256.5,46.034875,52.75,0.200318869930102,73.8872347666689
1470,Descent,21,751.329402939477,-28,70.475423066562,31.2310402397484,255,46.0875,52.5,0.200318869930102,73.8814014333355
1471,Descent,21,751.333779358034,-28,70.4698586535084,31.2368839299018,253.5,46.139875,52.25,0.200318869930102,73.8755681000022
1472,Descent,21,751.338155776592,-28,70.4642942404548,31.242727654094,252,46.192,52,0.200318869930102,73.8697347666689
1473,Descent,21,751.339032871179,-28,70.4587298274011,31.2485713987165,250.5,46.243875,51.75,0.200318869930102,73.8639014333355
1474,Descent,21,751.33928522992,-28,70.4531654143475,31.2544151477313,249,46.2955,51.5,0.200318869930102,73.8580681000022
1475,Descent,21,751.339252945913,-28,70.4476010012939,31.260258897602,247.5,46.346875,51.25,0.200318869930102,73.8522347666689
1476,Descent,21,751.335775239388,-28,70.4420365882403,31.2661026338227,246,46.398,51,0.200318869930102,73.8464014333355
1477,Descent,21,751.332297532863,-28,70.4364721751867,31.2719463429946,244.5,46.448875,50.75,0.200318869930102,73.8405681000022
1478,Descent,21,751.327885484625,-28,70.4309077621331,31.2777900214841,243,46.4995,50.5,0.200318869930102,73.8347347666689
1479,Descent,21,751.321335361254,-28,70.4253433490795,31.283633657343,241.5,46.549875,50.25,0.200318869930102,73.8289014333355
1480,Descent,21,751.314785237883,-28,70.4197789360258,31.2894772422564,240,46.6,50,0.200318869930102,73.8230681000022
1481,Descent,21,751.308235114512,-28,70.4142145229722,31.2953207762245,238.5,46.649875,49.75,0.200318869930102,73.8172347666689
1482,Descent,21,751.299293560812,-28,70.4086501099186,31.3011642499471,237,46.6995,49.5,0.200318869930102,73.8114014333355
1483,Descent,21,751.290181963302,-28,70.403085696865,31.307007653463,235.5,46.748875,49.25,0.200318869930102,73.8055681000022
1484,Descent,21,751.281070365792,-28,70.3975212838114,31.3128509861109,234,46.798,49,0.200318869930102,73.7997347666689
1485,Descent,21,751.270912986161,-28,70.3919568707578,31.318694243824,232.5,46.846875,48.75,0.200318869930102,73.7939014333355
1486,Descent,21,751.259944278276,-28,70.3863924577042,31.32453741938,231,46.8955,48.5,0.200318869930102,73.7880681000022
1487,Descent,21,751.248975570391,-28,70.3808280446506,31.3303805096239,229.5,46.943875,48.25,0.200318869930102,73.7822347666689
1488,Descent,21,751.23772778195,-28,70.3752636315969,31.3362235134702,228,46.992,48,0.200318869930102,73.7764014333356
1489,Descent,21,751.225310296393,-28,70.3696992185433,31.342066425285,226.5,47.039875,47.75,0.200318869930102,73.7705681000022
1490,Descent,21,751.212892810836,-28,70.3641348054897,31.3479092405193,225,47.0875,47.5,0.200318869930102,73.7647347666689
1491,Descent,21,751.20047532528,-28,70.3585703924361,31.3537519591732,223.5,47.134875,47.25,0.200318869930102,73.7589014333355
1492,Descent,21,751.188057839723,-28,70.3530059793825,31.3595945812466,222,47.182,47,0.200318869930102,73.7530681000022
1493,Descent,21,751.174611467406,-28,70.3474415663289,31.3654371027383,220.5,47.228875,46.75,0.200318869930102,73.7472347666689
1494,Descent,21,751.161032582737,-28,70.3418771532753,31.3712795191319,219,47.2755,46.5,0.200318869930102,73.7414014333355
1495,Descent,21,751.147453698068,-28,70.3363127402216,31.3771218299118,217.5,47.321875,46.25,0.200318869930102,73.7355681000022
1496,Descent,21,751.133874813398,-28,70.330748327168,31.3829640350783,216,47.368,46,0.200318869930102,73.7297347666689
1497,Descent,21,751.11982148765,-28,70.3251839141144,31.3888061327861,214.5,47.413875,45.75,0.200318869930102,73.7239014333355
1498,Descent,21,751.105423434402,-28,70.3196195010608,31.3946481198497,213,47.4595,45.5,0.200318869930102,73.7180681000022
1499,Descent,21,751.091025381155,-28,70.3140550880072,31.4004899949284,211.5,47.504875,45.25,0.200318869930102,73.7122347666689
1500,Descent,21,751.076627327908,-28,70.3084906749536,31.4063317580223,210,47.55,45,0.200318869930102,73.7064014333355
1501,Descent,21,751.062229274661,-28,70.3029262619,31.4121734091313,208.5,47.594875,44.75,0.200318869930102,73.7005681000022
1502,Descent,21,751.047775625464,-28,70.2973618488463,31.4180149480392,207,47.6395,44.5,0.200318869930102,73.6947347666689
1503,Descent,21,751.032756751927,-28,70.2917974357927,31.4238563723318,205.5,47.683875,44.25,0.200318869930102,73.6889014333355
1504,Descent,21,751.01773787839,-28,70.2862330227391,31.4296976798109,204,47.728,44,0.200318869930102,73.6830681000022
1505,Descent,21,751.002719004853,-28,70.2806686096855,31.4355388704766,202.5,47.771875,43.75,0.200318869930102,73.6772347666689
1506,Descent,21,750.987700131316,-28,70.2751041966319,31.4413799443288,201,47.8155,43.5,0.200318869930102,73.6714014333355
1507,Descent,21,750.972681257779,-28,70.2695397835783,31.4472209013675,199.5,47.858875,43.25,0.200318869930102,73.6655681000022
1508,Descent,21,750.957662384242,-28,70.2639753705247,31.4530617415928,198,47.902,43,0.200318869930102,73.6597347666689
1509,Descent,21,750.942458779446,-28,70.2584109574711,31.4589024642862,196.5,47.944875,42.75,0.200318869930102,73.6539014333355
1510,Descent,21,750.92704510017,-28,70.2528465444174,31.4647430679124,195,47.9875,42.5,0.200318869930102,73.6480681000022
1511,Descent,21,750.911631420894,-28,70.2472821313638,31.4705835516544,193.5,48.029875,42.25,0.200318869930102,73.6422347666689
1512,Descent,21,750.896217741618,-28,70.2417177183102,31.4764239155123,192,48.072,42,0.200318869930102,73.6364014333355
1513,Descent,21,750.880804062342,-28,70.2361533052566,31.482264159486,190.5,48.113875,41.75,0.200318869930102,73.6305681000022
1514,Descent,21,750.865390383066,-28,70.230588892203,31.4881042835755,189,48.1555,41.5,0.200318869930102,73.6247347666689
1515,Descent,21,750.849976703791,-28,70.2250244791494,31.4939442877808,187.5,48.196875,41.25,0.200318869930102,73.6189014333355
1516,Descent,21,750.834385899694,-28,70.2194600660957,31.4997841714132,186,48.238,41,0.200318869930102,73.6130681000022
1517,Descent,21,750.818762916348,-28,70.2138956530421,31.5056239336586,184.5,48.278875,40.75,0.200318869930102,73.6072347666689
1518,Descent,21,750.803139933001,-28,70.2083312399885,31.5114635743919,183,48.3195,40.5,0.200318869930102,73.6014014333355
1519,Descent,21,750.787516949654,-28,70.2027668269349,31.5173030936131,181.5,48.359875,40.25,0.200318869930102,73.5955681000022
1520,Descent,21,750.771893966307,-28,70.1972024138813,31.5231424913222,180,48.4,40,0.200318869930102,73.5897347666689
1521,Descent,21,750.75627098296,-28,70.1916380008277,31.5289817675192,178.5,48.439875,39.75,0.200318869930102,73.5839014333355
1522,Descent,21,750.740647999613,-28,70.1860735877741,31.5348209222042,177,48.4795,39.5,0.200318869930102,73.5780681000022
1523,Descent,21,750.725025016266,-28,70.1805091747205,31.540659955377,175.5,48.518875,39.25,0.200318869930102,73.5722347666689
1524,Descent,21,750.709376227446,-28,70.1749447616668,31.5464988669374,174,48.558,39,0.200318869930102,73.5664014333355
1525,Descent,21,750.6936317231,-28,70.1693803486132,31.5523376564127,172.5,48.596875,38.75,0.200318869930102,73.5605681000022
1526,Descent,21,750.677887218754,-28,70.1638159355596,31.5581763234309,171,48.6355,38.5,0.200318869930102,73.5547347666689
1527,Descent,21,750.662142714408,-28,70.158251522506,31.5640148679917,169.5,48.673875,38.25,0.200318869930102,73.5489014333355
1528,Descent,21,750.646398210061,-28,70.1526871094524,31.5698532900953,168,48.712,38,0.200318869930102,73.5430681000022
1529,Descent,21,750.630653705715,-28,70.1471226963988,31.5756915897416,166.5,48.749875,37.75,0.200318869930102,73.5372347666689
1530,Descent,21,750.614909201369,-28,70.1415582833452,31.5815297669307,165,48.7875,37.5,0.200318869930102,73.5314014333355
1531,Descent,21,750.599164697023,-28,70.1359938702915,31.5873678216625,163.5,48.824875,37.25,0.200318869930102,73.5255681000022
1532,Descent,21,750.583420192676,-28,70.1304294572379,31.5932057539371,162,48.862,37,0.200318869930102,73.5197347666689
1533,Descent,21,750.56767568833,-28,70.1248650441843,31.5990435637544,160.5,48.898875,36.75,0.200318869930102,73.5139014333355
1534,Descent,21,750.551919942798,-28,70.1193006311307,31.6048812510708,159,48.9355,36.5,0.200318869930102,73.5080681000022
1535,Descent,21,750.536122502388,-28,70.1137362180771,31.6107188156803,157.5,48.971875,36.25,0.200318869930102,73.5022347666689
1536,Descent,21,750.520325061979,-28,70.1081718050235,31.6165562574208,156,49.008,36,0.200318869930102,73.4964014333355
1537,Descent,21,750.50452762157,-28,70.1026073919699,31.6223935762924,154.5,49.043875,35.75,0.200318869930102,73.4905681000022
1538,Descent,21,750.48873018116,-28,70.0970429789162,31.6282307722949,153,49.0795,35.5,0.200318869930102,73.4847347666689
1539,Descent,21,750.472932740751,-28,70.0914785658626,31.6340678454285,151.5,49.114875,35.25,0.200318869930102,73.4789014333356
1540,Descent,21,750.457135300342,-28,70.085914152809,31.6399047956931,150,49.15,35,0.200318869930102,73.4730681000022
1541,Descent,21,750.441337859932,-28,70.0803497397554,31.6457416230887,148.5,49.184875,34.75,0.200318869930102,73.4672347666689
1542,Descent,21,750.425540419523,-28,70.0747853267018,31.6515783276154,147,49.2195,34.5,0.200318869930102,73.4614014333355
1543,Descent,21,750.409742979114,-28,70.0692209136482,31.657414909273,145.5,49.253875,34.25,0.200318869930102,73.4555681000022
1544,Descent,21,750.393942158353,-28,70.0636565005946,31.6632513680486,144,49.288,34,0.200318869930102,73.4497347666689
1545,Descent,21,750.378128799474,-28,70.0580920875409,31.6690877038801,142.5,49.321875,33.75,0.200318869930102,73.4439014333355
1546,Descent,21,750.362315440594,-28,70.0525276744873,31.6749239167188,141,49.3555,33.5,0.200318869930102,73.4380681000022
1547,Descent,21,750.346502081715,-28,70.0469632614337,31.6807600065647,139.5,49.388875,33.25,0.200318869930102,73.4322347666689
1548,Descent,21,750.330688722835,-28,70.0413988483801,31.6865959734178,138,49.422,33,0.200318869930102,73.4264014333355
1549,Descent,21,750.314875363956,-28,70.0358344353265,31.6924318172782,136.5,49.454875,32.75,0.200318869930102,73.4205681000022
1550,Descent,21,750.299062005077,-28,70.0302700222729,31.6982675381457,135,49.4875,32.5,0.200318869930102,73.4147347666689
1551,Descent,21,750.283248646197,-28,70.0247056092193,31.7041031360205,133.5,49.519875,32.25,0.200318869930102,73.4089014333355
1552,Descent,21,750.267435287318,-28,70.0191411961656,31.7099386109024,132,49.552,32,0.200318869930102,73.4030681000022
1553,Descent,21,750.251621928438,-28,70.013576783112,31.7157739627916,130.5,49.583875,31.75,0.200318869930102,73.3972347666689
1554,Descent,21,750.236994242199,-28,70.0080123700584,31.7216091962989,129,49.6155,31.5,0.200318869930102,73.3914014333355
1555,Descent,21,750.226764354808,-28,70.0024479570048,31.7274443331379,127.5,49.646875,31.25,0.200318869930102,73.3855681000022
1556,Descent,21,750.216534467416,-28,69.9968835439512,31.7332793904111,126,49.678,31,0.200318869930102,73.3797347666689
1557,Descent,21,750.206304580024,-28,69.9913191308976,31.7391143681185,124.5,49.708875,30.75,0.200318869930102,73.3739014333355
1558,Descent,21,750.196074692632,-28,69.985754717844,31.7449492662602,123,49.7395,30.5,0.200318869930102,73.3680681000022
1559,Descent,21,750.185844805241,-28,69.9801903047903,31.750784084836,121.5,49.769875,30.25,0.200318869930102,73.3622347666689
1560,Descent,21,750.175614917849,-28,69.9746258917367,31.756618823846,120,49.8,30,0.200318869930102,73.3564014333355
1561,Descent,21,750.165385030457,-28,69.9690614786831,31.7624534832903,118.5,49.829875,29.75,0.200318869930102,73.3505681000022
1562,Descent,21,750.155155143065,-28,69.9634970656295,31.7682880631687,117,49.8595,29.5,0.200318869930102,73.3447347666689
1563,Descent,21,750.144925255674,-28,69.9579326525759,31.7741225634814,115.5,49.888875,29.25,0.200318869930102,73.3389014333356
1564,Descent,21,750.134929755384,-28,69.9523682395223,31.7799569851397,114,49.918,29,0.200318869930102,73.3330681000022
1565,Descent,21,750.125803624337,-28,69.9468038264687,31.7857913324362,112.5,49.946875,28.75,0.200318869930102,73.3272347666689
1566,Descent,21,750.11667749329,-28,69.9412394134151,31.7916256087517,111,49.9755,28.5,0.200318869930102,73.3214014333355
1567,Descent,21,750.107551362243,-28,69.9356750003614,31.7974598140861,109.5,50.003875,28.25,0.200318869930102,73.3155681000022
1568,Descent,21,750.098425231196,-28,69.9301105873078,31.8032939484395,108,50.032,28,0.200318869930102,73.3097347666689
1569,Descent,21,750.08929910015,-28,69.9245461742542,31.8091280118119,106.5,50.059875,27.75,0.200318869930102,73.3039014333355
1570,Descent,21,750.080172969103,-28,69.9189817612006,31.8149620042033,105,50.0875,27.5,0.200318869930102,73.2980681000022
1571,Descent,21,750.071046838056,-28,69.913417348147,31.8207959256137,103.5,50.114875,27.25,0.200318869930102,73.2922347666689
1572,Descent,21,750.061920707009,-28,69.9078529350934,31.826629776043,102,50.142,27,0.200318869930102,73.2864014333355
1573,Descent,21,750.052794575962,-28,69.9022885220397,31.8324635554914,100.5,50.168875,26.75,0.200318869930102,73.2805681000022
1574,Descent,21,750.043668341873,-28,69.8967241089861,31.8382972639583,99,50.1955,26.5,0.200318869930102,73.2747347666689
1575,Descent,21,750.034541725589,-28,69.8911596959325,31.8441309014419,97.5,50.221875,26.25,0.200318869930102,73.2689014333355
1576,Descent,21,750.025415109304,-28,69.8855952828789,31.8499644679407,96,50.248,26,0.200318869930102,73.2630681000022
1577,Descent,21,750.016288493019,-28,69.8800308698253,31.8557979634547,94.5,50.273875,25.75,0.200318869930102,73.2572347666689
1578,Descent,21,750.007161876735,-28,69.8744664567717,31.8616313879839,93,50.2995,25.5,0.200318869930102,73.2514014333355
1579,Descent,21,749.99803526045,-28,69.8689020437181,31.8674647415283,91.5,50.324875,25.25,0.200318869930102,73.2455681000022
1580,Descent,21,749.988908644165,-28,69.8633376306645,31.8732980240879,90,50.35,25,0.200318869930102,73.2397347666689
1581,Descent,21,749.979782027881,-28,69.8577732176108,31.8791312356628,88.5,50.374875,24.75,0.200318869930102,73.2339014333355
1582,Descent,21,749.970655411596,-28,69.8522088045572,31.8849643762528,87,50.3995,24.5,0.200318869930102,73.2280681000022
1583,Descent,21,749.961528795311,-28,69.8466443915036,31.8907974458581,85.5,50.423875,24.25,0.200318869930102,73.2222347666689
1584,Descent,21,749.952402119671,-28,69.84107997845,31.8966304444783,84,50.448,24,0.200318869930102,73.2164014333355
1585,Descent,21,749.943275223875,-28,69.8355155653964,31.9024633721124,82.5,50.471875,23.75,0.200318869930102,73.2105681000022
1586,Descent,21,749.934148328078,-28,69.8299511523428,31.9082962287595,81,50.4955,23.5,0.200318869930102,73.2047347666689
1587,Descent,21,749.925021432281,-28,69.8243867392892,31.9141290144197,79.5,50.518875,23.25,0.200318869930102,73.1989014333355
1588,Descent,21,749.915894536485,-28,69.8188223262355,31.9199617290929,78,50.542,23,0.200318869930102,73.1930681000022
1589,Descent,21,749.906767640688,-28,69.8132579131819,31.9257943727792,76.5,50.564875,22.75,0.200318869930102,73.1872347666689
1590,Descent,21,749.897640744891,-28,69.8076935001283,31.9316269454785,75,50.5875,22.5,0.200318869930102,73.1814014333355
1591,Descent,21,749.888513849095,-28,69.8021290870747,31.9374594471908,73.5,50.609875,22.25,0.200318869930102,73.1755681000022
1592,Descent,21,749.879386953298,-28,69.7965646740211,31.9432918779161,72,50.632,22,0.200318869930102,73.1697347666689
1593,Descent,21,749.870260057501,-28,69.7910002609675,31.9491242376545,70.5,50.653875,21.75,0.200318869930102,73.1639014333355
1594,Descent,21,749.861133138375,-28,69.7854358479139,31.9549565264058,69,50.6755,21.5,0.200318869930102,73.1580681000022
1595,Descent,21,749.852006132716,-28,69.7798714348602,31.9607887441696,67.5,50.696875,21.25,0.200318869930102,73.1522347666689
1596,Descent,21,749.842879127056,-28,69.7743070218066,31.9666208909456,66,50.718,21,0.200318869930102,73.1464014333355
1597,Descent,21,749.833752121397,-28,69.768742608753,31.9724529667338,64.5,50.738875,20.75,0.200318869930102,73.1405681000022
1598,Descent,21,749.824625115738,-28,69.7631781956994,31.9782849715342,63,50.7595,20.5,0.200318869930102,73.1347347666689
1599,Descent,21,749.815498110079,-28,69.7576137826458,31.9841169053467,61.5,50.779875,20.25,0.200318869930102,73.1289014333356
1600,Descent,21,749.806371104419,-28,69.7520493695922,31.9899487681715,60,50.8,20,0.200318869930102,73.1230681000022
1601,Descent,21,749.79724409876,-28,69.7464849565386,31.9957805600084,58.5,50.819875,19.75,0.200318869930102,73.1172347666689
1602,Descent,21,749.788117093101,-28,69.7409205434849,32.0016122808574,57,50.8395,19.5,0.200318869930102,73.1114014333355
1603,Descent,21,749.778990087442,-28,69.7353561304313,32.0074439307187,55.5,50.858875,19.25,0.200318869930102,73.1055681000022
1604,Descent,21,749.769863083214,-28,69.7297917173777,32.0132755095921,54,50.878,19,0.200318869930102,73.0997347666689
1605,Descent,21,749.760736084296,-28,69.7242273043241,32.0191070174778,52.5,50.896875,18.75,0.200318869930102,73.0939014333355
1606,Descent,21,749.751609085378,-28,69.7186628912705,32.0249384543757,51,50.9155,18.5,0.200318869930102,73.0880681000022
1607,Descent,21,749.74248208646,-28,69.7130984782169,32.0307698202858,49.5,50.933875,18.25,0.200318869930102,73.0822347666689
1608,Descent,21,749.733355087541,-28,69.7075340651633,32.0366011152081,48,50.952,18,0.200318869930102,73.0764014333355
1609,Descent,21,749.724228088623,-28,69.7019696521097,32.0424323391427,46.5,50.969875,17.75,0.200318869930102,73.0705681000022
1610,Descent,21,749.715101089705,-28,69.696405239056,32.0482634920895,45,50.9875,17.5,0.200318869930102,73.0647347666689
1611,Descent,21,749.705974090787,-28,69.6908408260024,32.0540945740485,43.5,51.004875,17.25,0.200318869930102,73.0589014333356
1612,Descent,21,749.696847091869,-28,69.6852764129488,32.0599255850198,42,51.022,17,0.200318869930102,73.0530681000022
1613,Descent,21,749.68772009295,-28,69.6797119998952,32.0657565250033,40.5,51.038875,16.75,0.200318869930102,73.0472347666689
1614,Descent,21,749.67859309849,-28,69.6741475868416,32.0715873939991,39,51.0555,16.5,0.200318869930102,73.0414014333356
1615,Descent,21,749.669466120566,-28,69.668583173788,32.0774181920071,37.5,51.071875,16.25,0.200318869930102,73.0355681000022
1616,Descent,21,749.660339153153,-28,69.6630187607343,32.0832489190276,36,51.088,16,0.200318869930102,73.0297347666689
1617,Descent,21,749.651212192774,-28,69.6574543476807,32.0890795750607,34.5,51.103875,15.75,0.200318869930102,73.0239014333355
1618,Descent,21,749.642085248043,-28,69.6518899346271,32.0949101601063,33,51.1195,15.5,0.200318869930102,73.0180681000022
1619,Descent,21,749.641015381387,-28,69.6463255215735,32.1007407054976,31.5,51.134875,15.25,0.200318869930102,73.0122347666689
1620,Landing,10.5,751.091191573941,-14,69.6421522117833,32.1051164312077,30,51.15,15,0.100159434965051,73.0078597666689
1621,Landing,10.5,751.209789589784,-14,69.6393700052565,32.1080375720044,29.8333333333333,51.1649583333333,14.9166666666667,0.100159434965051,73.0049431000022
1622,Landing,10.5,751.270612900804,-14,69.6365877987297,32.1109590616759,29.6666666666667,51.1798333333333,14.8333333333333,0.100159434965051,73.0020264333355
1623,Landing,10.5,751.316862879362,-14,69.6338055922029,32.1138807595455,29.5,51.194625,14.75,0.100159434965051,72.9991097666689
1624,Landing,10.5,751.356864306869,-14,69.6310233856761,32.1168026251261,29.3333333333333,51.2093333333333,14.6666666666667,0.100159434965051,72.9961931000022
1625,Landing,10.5,751.392252954379,-14,69.6282411791493,32.1197246372986,29.1666666666667,51.2239583333333,14.5833333333333,0.100159434965051,72.9932764333355
1626,Landing,10.5,751.424006229905,-14,69.6254589726225,32.1226467800248,29,51.2385,14.5,0.100159434965051,72.9903597666689
1627,Landing,10.5,751.452580558222,-14,69.6226767660957,32.1255690400546,28.8333333333333,51.2529583333333,14.4166666666667,0.100159434965051,72.9874431000022
1628,Landing,10.5,751.478236391771,-14,69.6198945595688,32.128491405532,28.6666666666667,51.2673333333333,14.3333333333333,0.100159434965051,72.9845264333355
1629,Landing,10.5,751.500878560791,-14,69.617112353042,32.1314138649222,28.5,51.281625,14.25,0.100159434965051,72.9816097666689
1630,Landing,10.5,751.521072346704,-14,69.6143301465152,32.1343364076045,28.3333333333333,51.2958333333333,14.1666666666667,0.100159434965051,72.9786931000022
1631,Landing,10.5,751.541180970193,-14,69.6115479399884,32.1372590286527,28.1666666666667,51.3099583333333,14.0833333333333,0.100159434965051,72.9757764333355
1632,Landing,10.5,751.556058251946,-14,69.6087657334616,32.1401817177289,28,51.324,14,0.100159434965051,72.9728597666689
1633,Landing,10.5,751.570935533698,-14,69.6059835269348,32.1431044646613,27.8333333333333,51.3379583333333,13.9166666666667,0.100159434965051,72.9699431000022
1634,Landing,10.5,751.583799654894,-14,69.603201320408,32.1460272655353,27.6666666666667,51.3518333333333,13.8333333333333,0.100159434965051,72.9670264333355
1635,Landing,10.5,751.594485390738,-14,69.6004191138812,32.1489501122006,27.5,51.365625,13.75,0.100159434965051,72.9641097666689
1636,Landing,10.5,751.605171126582,-14,69.5976369073544,32.1518730004216,27.3333333333333,51.3793333333333,13.6666666666667,0.100159434965051,72.9611931000022
1637,Landing,10.5,751.612752813395,-14,69.5948547008276,32.1547959241626,27.1666666666667,51.3929583333333,13.5833333333333,0.100159434965051,72.9582764333355
1638,Landing,10.5,751.62015232132,-14,69.5920724943008,32.1577188770337,27,51.4065,13.5,0.100159434965051,72.9553597666689
1639,Landing,10.5,751.62649845161,-14,69.589290287774,32.1606418566324,26.8333333333333,51.4199583333333,13.4166666666667,0.100159434965051,72.9524431000022
1640,Landing,10.5,751.631321425454,-14,69.5865080812472,32.1635648579489,26.6666666666667,51.4333333333333,13.3333333333333,0.100159434965051,72.9495264333355
1641,Landing,10.5,751.636144399298,-14,69.5837258747203,32.1664878780213,26.5,51.446625,13.25,0.100159434965051,72.9466097666689
1642,Landing,10.5,751.639201709513,-14,69.5809436681936,32.1694109134165,26.3333333333333,51.4598333333333,13.1666666666667,0.100159434965051,72.9436931000022
1643,Landing,10.5,751.642002407792,-14,69.5781614616667,32.1723339602023,26.1666666666667,51.4729583333333,13.0833333333333,0.100159434965051,72.9407764333355
1644,Landing,10.5,751.644225880515,-14,69.5753792551399,32.1752570167573,26,51.486,13,0.100159434965051,72.9378597666689
1645,Landing,10.5,751.645315670215,-14,69.5725970486131,32.1781800797548,25.8333333333333,51.4989583333333,12.9166666666667,0.100159434965051,72.9349431000022
1646,Landing,10.5,751.646405459915,-14,69.5698148420863,32.1811031469903,25.6666666666667,51.5118333333333,12.8333333333333,0.100159434965051,72.9320264333356
1647,Landing,10.5,751.647166346364,-14,69.5670326355595,32.1840262178244,25.5,51.524625,12.75,0.100159434965051,72.9291097666689
1648,Landing,10.5,751.646788670316,-14,69.5642504290327,32.1869492894036,25.3333333333333,51.5373333333333,12.6666666666667,0.100159434965051,72.9261931000022
1649,Landing,10.5,751.646410994268,-14,69.5614682225059,32.189872359514,25.1666666666667,51.5499583333333,12.5833333333333,0.100159434965051,72.9232764333355
1650,Landing,10.5,751.645912186907,-14,69.5586860159791,32.1927954279202,25,51.5625,12.5,0.100159434965051,72.9203597666689
1651,Landing,10.5,751.6444420633,-14,69.5559038094523,32.1957184924979,24.8333333333333,51.5749583333333,12.4166666666667,0.100159434965051,72.9174431000022
1652,Landing,10.5,751.642971939693,-14,69.5531216029255,32.1986415513585,24.6666666666667,51.5873333333333,12.3333333333333,0.100159434965051,72.9145264333355
1653,Landing,10.5,751.641501816086,-14,69.5503393963987,32.2015646045019,24.5,51.599625,12.25,0.100159434965051,72.9116097666689
1654,Landing,10.5,751.639154826034,-14,69.5475571898719,32.2044876502231,24.3333333333333,51.6118333333333,12.1666666666667,0.100159434965051,72.9086931000022
1655,Landing,10.5,751.636805753951,-14,69.5447749833451,32.2074106868132,24.1666666666667,51.6239583333333,12.0833333333333,0.100159434965051,72.9057764333355
1656,Landing,10.5,751.634456681869,-14,69.5419927768182,32.2103337142679,24,51.636,12,0.100159434965051,72.9028597666689
1657,Landing,10.5,751.632102257654,-14,69.5392105702914,32.2132567325769,23.8333333333333,51.6479583333333,11.9166666666667,0.100159434965051,72.8999431000022
1658,Landing,10.5,751.629029777545,-14,69.5364283637646,32.2161797403337,23.6666666666667,51.6598333333333,11.8333333333333,0.100159434965051,72.8970264333355
1659,Landing,10.5,751.625957297435,-14,69.5336461572378,32.2191027361419,23.5,51.671625,11.75,0.100159434965051,72.8941097666689
1660,Landing,10.5,751.622884817326,-14,69.530863950711,32.2220257200015,23.3333333333333,51.6833333333333,11.6666666666667,0.100159434965051,72.8911931000022
1661,Landing,10.5,751.619803313818,-14,69.5280817441842,32.2249486918951,23.1666666666667,51.6949583333333,11.5833333333333,0.100159434965051,72.8882764333355
1662,Landing,10.5,751.616205171397,-14,69.5252995376574,32.2278716508005,23,51.7065,11.5,0.100159434965051,72.8853597666689
1663,Landing,10.5,751.612607028976,-14,69.5225173311306,32.2307945957131,22.8333333333333,51.7179583333333,11.4166666666667,0.100159434965051,72.8824431000022
1664,Landing,10.5,751.609008886555,-14,69.5197351246038,32.233717526633,22.6666666666667,51.7293333333333,11.3333333333333,0.100159434965051,72.8795264333355
1665,Landing,10.5,751.605410744133,-14,69.516952918077,32.23664044356,22.5,51.740625,11.25,0.100159434965051,72.8766097666689
1666,Landing,10.5,751.601799226639,-14,69.5141707115502,32.2395633464683,22.3333333333333,51.7518333333333,11.1666666666667,0.100159434965051,72.8736931000022
1667,Landing,10.5,751.597808875353,-14,69.5113885050234,32.2424862345952,22.1666666666667,51.7629583333333,11.0833333333333,0.100159434965051,72.8707764333355
1668,Landing,10.5,751.593818524067,-14,69.5086062984966,32.245409107204,22,51.774,11,0.100159434965051,72.8678597666689
1669,Landing,10.5,751.589828172781,-14,69.5058240919698,32.2483319642948,21.8333333333333,51.7849583333333,10.9166666666667,0.100159434965051,72.8649431000022
1670,Landing,10.5,751.585837821495,-14,69.503041885443,32.2512548058676,21.6666666666667,51.7958333333333,10.8333333333333,0.100159434965051,72.8620264333355
1671,Landing,10.5,751.581845806404,-14,69.5002596789161,32.2541776319191,21.5,51.806625,10.75,0.100159434965051,72.8591097666689
1672,Landing,10.5,751.577822855825,-14,69.4974774723893,32.2571004423859,21.3333333333333,51.8173333333333,10.6666666666667,0.100159434965051,72.8561931000022
1673,Landing,10.5,751.573799905246,-14,69.4946952658625,32.260023237208,21.1666666666667,51.8279583333333,10.5833333333333,0.100159434965051,72.8532764333355
1674,Landing,10.5,751.569776954668,-14,69.4919130593357,32.2629460163852,21,51.8385,10.5,0.100159434965051,72.8503597666689
1675,Landing,10.5,751.565754004089,-14,69.4891308528089,32.2658687799176,20.8333333333333,51.8489583333333,10.4166666666667,0.100159434965051,72.8474431000022
1676,Landing,10.5,751.56173105351,-14,69.4863486462821,32.2687915278052,20.6666666666667,51.8593333333333,10.3333333333333,0.100159434965051,72.8445264333355
1677,Landing,10.5,751.557708102931,-14,69.4835664397553,32.271714260048,20.5,51.869625,10.25,0.100159434965051,72.8416097666689
1678,Landing,10.5,751.553573360324,-14,69.4807842332285,32.2746369764286,20.3333333333333,51.8798333333333,10.1666666666667,0.100159434965051,72.8386931000022
1679,Landing,10.5,751.549374827016,-14,69.4780020267017,32.2775596766057,20.1666666666667,51.8899583333333,10.0833333333333,0.100159434965051,72.8357764333355
1680,Landing,10.5,751.545176293707,-14,69.4752198201749,32.2804823604551,20,51.9,10,0.100159434965051,72.8328597666689
1681,Landing,10.5,751.540977760399,-14,69.4724376136481,32.2834050279768,19.8333333333333,51.9099583333333,9.91666666666667,0.100159434965051,72.8299431000022
1682,Landing,10.5,751.53677922709,-14,69.4696554071213,32.286327679171,19.6666666666667,51.9198333333333,9.83333333333333,0.100159434965051,72.8270264333355
1683,Landing,10.5,751.532580693782,-14,69.4668732005945,32.2892503140375,19.5,51.929625,9.75,0.100159434965051,72.8241097666689
1684,Landing,10.5,751.528382160473,-14,69.4640909940676,32.2921729325764,19.3333333333333,51.9393333333333,9.66666666666667,0.100159434965051,72.8211931000022
1685,Landing,10.5,751.524183627165,-14,69.4613087875408,32.2950955347876,19.1666666666667,51.9489583333333,9.58333333333333,0.100159434965051,72.8182764333355
1686,Landing,10.5,751.519912403398,-14,69.458526581014,32.2980181205299,19,51.9585,9.5,0.100159434965051,72.8153597666689
1687,Landing,10.5,751.5156065248,-14,69.4557443744872,32.3009406895945,18.8333333333333,51.9679583333333,9.41666666666667,0.100159434965051,72.8124431000022
1688,Landing,10.5,751.511300646202,-14,69.4529621679604,32.303863241914,18.6666666666667,51.9773333333333,9.33333333333333,0.100159434965051,72.8095264333355
1689,Landing,10.5,751.506994767604,-14,69.4501799614336,32.3067857774884,18.5,51.986625,9.25,0.100159434965051,72.8066097666689
1690,Landing,10.5,751.502688889006,-14,69.4473977549068,32.3097082963177,18.3333333333333,51.9958333333333,9.16666666666667,0.100159434965051,72.8036931000022
1691,Landing,10.5,751.498383010408,-14,69.44461554838,32.312630798402,18.1666666666667,52.0049583333333,9.08333333333333,0.100159434965051,72.8007764333355
1692,Landing,10.5,751.494077131811,-14,69.4418333418532,32.3155532837412,18,52.014,9,0.100159434965051,72.7978597666689
1693,Landing,10.5,751.489771253213,-14,69.4390511353264,32.3184757523352,17.8333333333333,52.0229583333333,8.91666666666667,0.100159434965051,72.7949431000022
1694,Landing,10.5,751.485465374615,-14,69.4362689287996,32.3213982041842,17.6666666666667,52.0318333333333,8.83333333333333,0.100159434965051,72.7920264333356
1695,Landing,10.5,751.481155748855,-14,69.4334867222728,32.3243206392809,17.5,52.040625,8.75,0.100159434965051,72.7891097666689
1696,Landing,10.5,751.476798003411,-14,69.430704515746,32.3272430575243,17.3333333333333,52.0493333333333,8.66666666666667,0.100159434965051,72.7861931000022
1697,Landing,10.5,751.472440257967,-14,69.4279223092192,32.3301654588209,17.1666666666667,52.0579583333333,8.58333333333333,0.100159434965051,72.7832764333355
1698,Landing,10.5,751.468082512523,-14,69.4251401026924,32.3330878431707,17,52.0665,8.5,0.100159434965051,72.7803597666689
1699,Landing,10.5,751.463724767079,-14,69.4223578961656,32.3360102105738,16.8333333333333,52.0749583333333,8.41666666666667,0.100159434965051,72.7774431000022
1700,Landing,10.5,751.459367021636,-14,69.4195756896387,32.33893256103,16.6666666666667,52.0833333333333,8.33333333333333,0.100159434965051,72.7745264333355
1701,Landing,10.5,751.455009276192,-14,69.4167934831119,32.3418548945395,16.5,52.091625,8.25,0.100159434965051,72.7716097666689
1702,Landing,10.5,751.450651530748,-14,69.4140112765851,32.3447772111022,16.3333333333333,52.0998333333333,8.16666666666667,0.100159434965051,72.7686931000022
1703,Landing,10.5,751.446293785304,-14,69.4112290700583,32.3476995107181,16.1666666666667,52.1079583333333,8.08333333333333,0.100159434965051,72.7657764333355
1704,Landing,10.5,751.44193603986,-14,69.4084468635315,32.3506217933872,16,52.116,8,0.100159434965051,72.7628597666689
1705,Landing,10.5,751.437577026798,-14,69.4056646570047,32.353544059107,15.8333333333333,52.1239583333333,7.91666666666667,0.100159434965051,72.7599431000022
1706,Landing,10.5,751.43320173545,-14,69.4028824504779,32.3564663078435,15.6666666666667,52.1318333333333,7.83333333333333,0.100159434965051,72.7570264333355
1707,Landing,10.5,751.428826444101,-14,69.4001002439511,32.359388539565,15.5,52.139625,7.75,0.100159434965051,72.7541097666689
1708,Landing,10.5,751.424451152752,-14,69.3973180374243,32.3623107542714,15.3333333333333,52.1473333333333,7.66666666666667,0.100159434965051,72.7511931000022
1709,Landing,10.5,751.420075861404,-14,69.3945358308975,32.3652329519628,15.1666666666667,52.1549583333333,7.58333333333333,0.100159434965051,72.7482764333355
1710,Landing,10.5,751.415700570055,-14,69.3917536243707,32.3681551326392,15,52.1625,7.5,0.100159434965051,72.7453597666689
1711,Landing,10.5,751.411325278706,-14,69.3889714178439,32.3710772963006,14.8333333333333,52.1699583333333,7.41666666666667,0.100159434965051,72.7424431000022
1712,Landing,10.5,751.406949987358,-14,69.386189211317,32.3739994429469,14.6666666666667,52.1773333333333,7.33333333333333,0.100159434965051,72.7395264333355
1713,Landing,10.5,751.402574696009,-14,69.3834070047903,32.3769215725783,14.5,52.184625,7.25,0.100159434965051,72.7366097666689
1714,Landing,10.5,751.398199404661,-14,69.3806247982634,32.3798436851946,14.3333333333333,52.1918333333333,7.16666666666667,0.100159434965051,72.7336931000022
1715,Landing,10.5,751.393823787275,-14,69.3778425917366,32.3827657807952,14.1666666666667,52.1989583333333,7.08333333333333,0.100159434965051,72.7307764333355
1716,Landing,10.5,751.389443983037,-14,69.3750603852098,32.3856878593715,14,52.206,7,0.100159434965051,72.7278597666689
1717,Landing,10.5,751.385064178799,-14,69.372278178683,32.3886099209151,13.8333333333333,52.2129583333333,6.91666666666667,0.100159434965051,72.7249431000022
1718,Landing,10.5,751.380684374561,-14,69.3694959721562,32.3915319654262,13.6666666666667,52.2198333333333,6.83333333333333,0.100159434965051,72.7220264333355
1719,Landing,10.5,751.376304570323,-14,69.3667137656294,32.3944539929047,13.5,52.226625,6.75,0.100159434965051,72.7191097666689
1720,Landing,10.5,751.371924766086,-14,69.3639315591026,32.3973760033506,13.3333333333333,52.2333333333333,6.66666666666667,0.100159434965051,72.7161931000022
1721,Landing,10.5,751.367544961848,-14,69.3611493525758,32.400297996764,13.1666666666667,52.2399583333333,6.58333333333333,0.100159434965051,72.7132764333356
1722,Landing,10.5,751.36316515761,-14,69.358367146049,32.4032199731448,13,52.2465,6.5,0.100159434965051,72.7103597666689
1723,Landing,10.5,751.358785353372,-14,69.3555849395222,32.406141932493,12.8333333333333,52.2529583333333,6.41666666666667,0.100159434965051,72.7074431000022
1724,Landing,10.5,751.354405549134,-14,69.3528027329954,32.4090638748086,12.6666666666667,52.2593333333333,6.33333333333333,0.100159434965051,72.7045264333355
1725,Landing,10.5,751.35002566924,-14,69.3500205264686,32.4119858000915,12.5,52.265625,6.25,0.100159434965051,72.7016097666689
1726,Landing,10.5,751.345644817798,-14,69.3472383199418,32.4149077083397,12.3333333333333,52.2718333333333,6.16666666666667,0.100159434965051,72.6986931000022
1727,Landing,10.5,751.341263966356,-14,69.3444561134149,32.4178295995512,12.1666666666667,52.2779583333333,6.08333333333333,0.100159434965051,72.6957764333355
1728,Landing,10.5,751.336883114914,-14,69.3416739068881,32.4207514737261,12,52.284,6,0.100159434965051,72.6928597666689
1729,Landing,10.5,751.332502263472,-14,69.3388917003613,32.4236733308644,11.8333333333333,52.2899583333333,5.91666666666667,0.100159434965051,72.6899431000022
1730,Landing,10.5,751.32812141203,-14,69.3361094938345,32.4265951709659,11.6666666666667,52.2958333333333,5.83333333333333,0.100159434965051,72.6870264333355
1731,Landing,10.5,751.323740560588,-14,69.3333272873077,32.4295169940309,11.5,52.301625,5.75,0.100159434965051,72.6841097666689
1732,Landing,10.5,751.319359709145,-14,69.3305450807809,32.4324388000592,11.3333333333333,52.3073333333333,5.66666666666667,0.100159434965051,72.6811931000022
1733,Landing,10.5,751.314978857703,-14,69.3277628742541,32.4353605890509,11.1666666666667,52.3129583333333,5.58333333333333,0.100159434965051,72.6782764333355
1734,Landing,10.5,751.310598006261,-14,69.3249806677273,32.4382823610059,11,52.3185,5.5,0.100159434965051,72.6753597666689
1735,Landing,10.5,751.306217128865,-14,69.3221984612005,32.4412041159242,10.8333333333333,52.3239583333333,5.41666666666667,0.100159434965051,72.6724431000022
1736,Landing,10.5,751.301835918185,-14,69.3194162546737,32.4441258538051,10.6666666666667,52.3293333333333,5.33333333333333,0.100159434965051,72.6695264333355
1737,Landing,10.5,751.297454707505,-14,69.3166340481469,32.447047574648,10.5,52.334625,5.25,0.100159434965051,72.6666097666689
1738,Landing,10.5,751.293073496825,-14,69.3138518416201,32.4499692784528,10.3333333333333,52.3398333333333,5.16666666666667,0.100159434965051,72.6636931000022
1739,Landing,10.5,751.288692286145,-14,69.3110696350933,32.4528909652196,10.1666666666667,52.3449583333333,5.08333333333333,0.100159434965051,72.6607764333355
1740,Landing,10.5,751.284311075465,-14,69.3082874285665,32.4558126349484,10,52.35,5,0.100159434965051,72.6578597666689
1741,Landing,10.5,751.279929864784,-14,69.3055052220397,32.4587342876391,9.83333333333333,52.3549583333333,4.91666666666667,0.100159434965051,72.6549431000022
1742,Landing,10.5,751.275548654104,-14,69.3027230155128,32.4616559232918,9.66666666666666,52.3598333333333,4.83333333333333,0.100159434965051,72.6520264333355
1743,Landing,10.5,751.271167443424,-14,69.2999408089861,32.4645775419064,9.5,52.364625,4.75,0.100159434965051,72.6491097666689
1744,Landing,10.5,751.266786232744,-14,69.2971586024592,32.467499143483,9.33333333333333,52.3693333333333,4.66666666666667,0.100159434965051,72.6461931000022
1745,Landing,10.5,751.262405008334,-14,69.2943763959324,32.4704207280215,9.16666666666667,52.3739583333333,4.58333333333333,0.100159434965051,72.6432764333355
1746,Landing,10.5,751.258023607609,-14,69.2915941894056,32.4733422955216,9,52.3785,4.5,0.100159434965051,72.6403597666689
1747,Landing,10.5,751.253642206884,-14,69.2888119828788,32.4762638459829,8.83333333333333,52.3829583333333,4.41666666666667,0.100159434965051,72.6374431000022
1748,Landing,10.5,751.249260806159,-14,69.286029776352,32.4791853794055,8.66666666666666,52.3873333333333,4.33333333333333,0.100159434965051,72.6345264333355
1749,Landing,10.5,751.244879405434,-14,69.2832475698252,32.4821068957892,8.5,52.391625,4.25,0.100159434965051,72.6316097666689
1750,Landing,10.5,751.240498004709,-14,69.2804653632984,32.4850283951342,8.33333333333333,52.3958333333333,4.16666666666667,0.100159434965051,72.6286931000022
1751,Landing,10.5,751.236116603984,-14,69.2776831567716,32.4879498774404,8.16666666666667,52.3999583333333,4.08333333333333,0.100159434965051,72.6257764333355
1752,Landing,10.5,751.231735203259,-14,69.2749009502448,32.4908713427078,8,52.404,4,0.100159434965051,72.6228597666689
1753,Landing,10.5,751.227353802534,-14,69.272118743718,32.4937927909364,7.83333333333333,52.4079583333333,3.91666666666667,0.100159434965051,72.6199431000022
1754,Landing,10.5,751.222972401809,-14,69.2693365371912,32.4967142221262,7.66666666666666,52.4118333333333,3.83333333333333,0.100159434965051,72.6170264333355
1755,Landing,10.5,751.218590995157,-14,69.2665543306643,32.4996356362773,7.5,52.415625,3.75,0.100159434965051,72.6141097666689
1756,Landing,10.5,751.214209512381,-14,69.2637721241375,32.5025570333894,7.33333333333334,52.4193333333333,3.66666666666667,0.100159434965051,72.6111931000022
1757,Landing,10.5,751.209828029605,-14,69.2609899176107,32.5054784134624,7.16666666666667,52.4229583333333,3.58333333333333,0.100159434965051,72.6082764333355
1758,Landing,10.5,751.205446546829,-14,69.2582077110839,32.5083997764963,7,52.4265,3.5,0.100159434965051,72.6053597666689
1759,Landing,10.5,751.201065064053,-14,69.2554255045571,32.5113211224911,6.83333333333333,52.4299583333333,3.41666666666667,0.100159434965051,72.6024431000022
1760,Landing,10.5,751.196683581277,-14,69.2526432980303,32.5142424514468,6.66666666666667,52.4333333333333,3.33333333333333,0.100159434965051,72.5995264333355
1761,Landing,10.5,751.192302098501,-14,69.2498610915035,32.5171637633634,6.5,52.436625,3.25,0.100159434965051,72.5966097666689
1762,Landing,10.5,751.187920615725,-14,69.2470788849767,32.5200850582409,6.33333333333334,52.4398333333333,3.16666666666667,0.100159434965051,72.5936931000022
1763,Landing,10.5,751.183539132949,-14,69.2442966784499,32.5230063360793,6.16666666666667,52.4429583333333,3.08333333333333,0.100159434965051,72.5907764333355
1764,Landing,10.5,751.179157650173,-14,69.2415144719231,32.5259275968786,6,52.446,3,0.100159434965051,72.5878597666689
1765,Landing,10.5,751.174776167976,-14,69.2387322653963,32.5288488406388,5.83333333333333,52.4489583333333,2.91666666666667,0.100159434965051,72.5849431000022
1766,Landing,10.5,751.17039469322,-14,69.2359500588695,32.5317700673599,5.66666666666667,52.4518333333333,2.83333333333333,0.100159434965051,72.5820264333355
1767,Landing,10.5,751.166013218464,-14,69.2331678523427,32.5346912770419,5.5,52.454625,2.75,0.100159434965051,72.5791097666689
1768,Landing,10.5,751.161631743707,-14,69.2303856458159,32.5376124696849,5.33333333333334,52.4573333333333,2.66666666666667,0.100159434965051,72.5761931000022
1769,Landing,10.5,751.157250268951,-14,69.2276034392891,32.5405336452888,5.16666666666667,52.4599583333333,2.58333333333333,0.100159434965051,72.5732764333356
1770,Landing,10.5,751.152868794195,-14,69.2248212327623,32.5434548038537,5,52.4625,2.5,0.100159434965051,72.5703597666689
1771,Landing,10.5,751.148487319438,-14,69.2220390262354,32.5463759453795,4.83333333333333,52.4649583333333,2.41666666666667,0.100159434965051,72.5674431000022
1772,Landing,10.5,751.144105844682,-14,69.2192568197086,32.5492970698662,4.66666666666667,52.4673333333333,2.33333333333333,0.100159434965051,72.5645264333355
1773,Landing,10.5,751.139724369926,-14,69.2164746131818,32.5522181773138,4.5,52.469625,2.25,0.100159434965051,72.5616097666689
1774,Landing,10.5,751.135342895169,-14,69.213692406655,32.5551392677224,4.33333333333334,52.4718333333333,2.16666666666667,0.100159434965051,72.5586931000022
1775,Landing,10.5,751.130961424899,-14,69.2109102001282,32.5580603410919,4.16666666666666,52.4739583333333,2.08333333333333,0.100159434965051,72.5557764333355
1776,Landing,10.5,751.126580012238,-14,69.2081279936014,32.5609813974225,4,52.476,2,0.100159434965051,72.5528597666689
1777,Landing,10.5,751.122198599577,-14,69.2053457870746,32.5639024367142,3.83333333333333,52.4779583333333,1.91666666666667,0.100159434965051,72.5499431000022
1778,Landing,10.5,751.117817186915,-14,69.2025635805478,32.5668234589671,3.66666666666667,52.4798333333333,1.83333333333333,0.100159434965051,72.5470264333355
1779,Landing,10.5,751.113435774254,-14,69.199781374021,32.5697444641812,3.5,52.481625,1.75,0.100159434965051,72.5441097666689
1780,Landing,10.5,751.109054361593,-14,69.1969991674942,32.5726654523565,3.33333333333334,52.4833333333333,1.66666666666667,0.100159434965051,72.5411931000022
1781,Landing,10.5,751.104672948932,-14,69.1942169609674,32.5755864234929,3.16666666666666,52.4849583333333,1.58333333333333,0.100159434965051,72.5382764333355
1782,Landing,10.5,751.100291536271,-14,69.1914347544406,32.5785073775905,3,52.4865,1.5,0.100159434965051,72.5353597666689
1783,Landing,10.5,751.095910123609,-14,69.1886525479138,32.5814283146493,2.83333333333333,52.4879583333333,1.41666666666667,0.100159434965051,72.5324431000022
1784,Landing,10.5,751.091528710948,-14,69.185870341387,32.5843492346693,2.66666666666667,52.4893333333333,1.33333333333333,0.100159434965051,72.5295264333356
1785,Landing,10.5,751.087147304568,-14,69.1830881348601,32.5872701376504,2.5,52.490625,1.25,0.100159434965051,72.5266097666689
1786,Landing,10.5,751.082765978847,-14,69.1803059283333,32.5901910235929,2.33333333333333,52.4918333333333,1.16666666666667,0.100159434965051,72.5236931000022
1787,Landing,10.5,751.078384653126,-14,69.1775237218066,32.5931118924969,2.16666666666666,52.4929583333333,1.08333333333333,0.100159434965051,72.5207764333356
1788,Landing,10.5,751.074003327405,-14,69.1747415152797,32.5960327443624,2,52.494,1,0.100159434965051,72.5178597666689
1789,Landing,10.5,751.069622001685,-14,69.1719593087529,32.5989535791895,1.83333333333333,52.4949583333333,0.916666666666666,0.100159434965051,72.5149431000022
1790,Landing,10.5,751.065240675964,-14,69.1691771022261,32.601874396978,1.66666666666667,52.4958333333333,0.833333333333334,0.100159434965051,72.5120264333355
1791,Landing,10.5,751.060859350243,-14,69.1663948956993,32.6047951977281,1.5,52.496625,0.75,0.100159434965051,72.5091097666689
1792,Landing,10.5,751.056478024522,-14,69.1636126891725,32.6077159814396,1.33333333333333,52.4973333333333,0.666666666666666,0.100159434965051,72.5061931000022
1793,Landing,10.5,751.052096698801,-14,69.1608304826457,32.6106367481127,1.16666666666666,52.4979583333333,0.583333333333332,0.100159434965051,72.5032764333355
1794,Landing,10.5,751.04771537308,-14,69.1580482761189,32.6135574977473,1,52.4985,0.5,0.100159434965051,72.5003597666689
1795,Landing,10.5,751.043334050873,-14,69.1552660695921,32.6164782303434,0.833333333333332,52.4989583333333,0.416666666666666,0.100159434965051,72.4974431000022
1796,Landing,10.5,751.038952776347,-14,69.1524838630653,32.6193989459011,0.666666666666668,52.4993333333333,0.333333333333334,0.100159434965051,72.4945264333356
1797,Landing,10.5,751.034571511851,-14,69.1497016565385,32.6223196444205,0.5,52.499625,0.25,0.100159434965051,72.4916097666689
1798,Landing,10.5,751.030190257406,-14,69.1469194500117,32.6252403259017,0.333333333333332,52.4998333333333,0.166666666666666,0.100159434965051,72.4886931000022
1799,Landing,10.5,751.03770643876,-14,69.1441372434848,32.6281610134787,0.166666666666664,52.4999583333333,0.0833333333333321,0.100159434965051,72.4857764333355
1800,Landing,-0,752.492319154016,0,69.1427461402214,32.6296213645745,0,52.5,0,0,72.4843181000022
